Sector / group,CN code,Source heading (CBAM text),Description,Condition / note,Status
Cement,2507 00 80,,Kaolinic clays (other than kaolin),,"Existing CBAM scope (Reg. 2023/956, in force)"
Cement,2523 10 00,,Cement clinkers,,"Existing CBAM scope (Reg. 2023/956, in force)"
Cement,2523 21 00,,"White portland cement, whether or not artificially coloured",,"Existing CBAM scope (Reg. 2023/956, in force)"
Cement,2523 29 00,,"Portland cement (excl. white, whether or not artificially coloured)",,"Existing CBAM scope (Reg. 2023/956, in force)"
Cement,2523 30 00,,Aluminous cement,,"Existing CBAM scope (Reg. 2023/956, in force)"
Cement,2523 90 00,,"Cement, whether or not coloured (excl. portland cement and aluminous cement)",,"Existing CBAM scope (Reg. 2023/956, in force)"
Hydrogen,2804 10 00,,Hydrogen,,"Existing CBAM scope (Reg. 2023/956, in force)"
Fertilisers,2808 00 00,,Nitric acid; sulphonitric acids,,"Existing CBAM scope (Reg. 2023/956, in force)"
Fertilisers,2814 10 00,,Anhydrous ammonia,,"Existing CBAM scope (Reg. 2023/956, in force)"
Fertilisers,2814 20 00,,Ammonia in aqueous solution,,"Existing CBAM scope (Reg. 2023/956, in force)"
Fertilisers,2834 21 00,,Nitrate of potassium,,"Existing CBAM scope (Reg. 2023/956, in force)"
Fertilisers,3102 10 12,,"Urea in aqueous solution, containing > 45 % nitrogen in relation to the weight of the dry product and containing ≥ 31,8 % but ≤ 33,2 % by weight of urea (excl. that in packages with a gross weight of ≤ 10 kg)",,"Existing CBAM scope (Reg. 2023/956, in force)"
Fertilisers,3102 10 15,,"Urea in aqueous solution, containing > 45 % nitrogen in relation to the weight of the dry product and containing > 33,2 % but ≤ 55 % by weight of urea (excl. that in packages with a gross weight of ≤ 10 kg)",,"Existing CBAM scope (Reg. 2023/956, in force)"
Fertilisers,3102 10 19,,"Urea, whether or not in aqueous solution, containing > 45 % nitrogen in relation to the weight of the dry product (excl. that in tablets or similar forms, or in packages with a gross weight of ≤ 10 kg, or in aqueous solution containing ≥ 31,8 % but ≤ 55 % by weight of urea)",,"Existing CBAM scope (Reg. 2023/956, in force)"
Fertilisers,3102 10 90,,"Urea, whether or not in aqueous solution, containing ≤ 45 % by weight of nitrogen on the dry anhydrous product (excl. goods of this chapter in tablets or similar forms or in packages of a gross weight of ≤ 10 kg)",,"Existing CBAM scope (Reg. 2023/956, in force)"
Fertilisers,3102 21 00,,"Ammonium sulphate (excl. that in tablets or similar forms, or in packages with a gross weight of ≤ 10 kg)",,"Existing CBAM scope (Reg. 2023/956, in force)"
Fertilisers,3102 29 00,,Double salts and mixtures of ammonium sulphate and ammonium nitrate (excl. goods of this chapter in tablets or similar forms or in packages of a gross weight of ≤ 10 kg),,"Existing CBAM scope (Reg. 2023/956, in force)"
Fertilisers,3102 30 10,,Ammonium nitrate in aqueous solution (excl. that in packages with a gross weight of ≤ 10 kg),,"Existing CBAM scope (Reg. 2023/956, in force)"
Fertilisers,3102 30 90,,"Ammonium nitrate (excl. that in aqueous solution, in tablets or similar forms, or in packages with a gross weight of ≤ 10 kg)",,"Existing CBAM scope (Reg. 2023/956, in force)"
Fertilisers,3102 40 10,,"Mixtures of ammonium nitrate with calcium carbonate or other inorganic non-fertilising substances, for use as fertilisers, containing ≤ 28 % nitrogen by weight (excl. those in tablets or similar forms, or in packages with a gross weight of ≤ 10 kg)",,"Existing CBAM scope (Reg. 2023/956, in force)"
Fertilisers,3102 40 90,,"Mixtures of ammonium nitrate with calcium carbonate or other inorganic non-fertilising substances, for use as fertilisers, containing > 28 % nitrogen by weight (excl. those in tablets or similar forms, or in packages with a gross weight of ≤ 10 kg)",,"Existing CBAM scope (Reg. 2023/956, in force)"
Fertilisers,3102 50 00,,"Sodium nitrate (excl. that in tablets or similar forms, or in packages with a gross weight of ≤ 10 kg)",,"Existing CBAM scope (Reg. 2023/956, in force)"
Fertilisers,3102 60 00,,"Double salts and mixtures of calcium nitrate and ammonium nitrate (excl. those in tablets or similar forms, or in packages with a gross weight of ≤ 10 kg)",,"Existing CBAM scope (Reg. 2023/956, in force)"
Fertilisers,3102 80 00,,Mixtures of urea and ammonium nitrate in aqueous or ammoniacal solution (excl. those in packages with a gross weight of ≤ 10 kg),,"Existing CBAM scope (Reg. 2023/956, in force)"
Fertilisers,3102 90 00,,Mineral or chemical nitrogen fertilisers (excl. urea; ammonium sulphate; ammonium nitrate; sodium nitrate; double salts and mixtures of ammonium nitrate with ammonium sulphate or calcium; mixtures of urea and ammonium nitrate in aqueous or ammoniacal solution; mixtures of ammonium nitrate and calcium carbonate or other non-fertilising inorganic elements; in tablets or similar in packages ≤ 10 kg),,"Existing CBAM scope (Reg. 2023/956, in force)"
Fertilisers,3105 10 00,,"Mineral or chemical fertilisers of animal or vegetable origin, in tablets or similar forms, or in packages with a gross weight of ≤ 10 kg",,"Existing CBAM scope (Reg. 2023/956, in force)"
Fertilisers,3105 20 10,,"Mineral or chemical fertilisers containing phosphorus and potassium, with a nitrogen content > 10 % by weight on the dry anhydrous product (excl. those in tablets or similar forms, or in packages with a gross weight of ≤ 10 kg)",,"Existing CBAM scope (Reg. 2023/956, in force)"
Fertilisers,3105 20 90,,"Mineral or chemical fertilisers containing nitrogen, phosphorus and potassium, with a nitrogen content ≤ 10 % by weight on the dry anhydrous product (excl. those in tablets or similar forms, or in packages with a gross weight of ≤ 10 kg)",,"Existing CBAM scope (Reg. 2023/956, in force)"
Fertilisers,3105 30 00,,"Diammonium hydrogenorthophosphate ""diammonium phosphate"" (excl. that in tablets or similar forms, or in packages with a gross weight of ≤ 10 kg)",,"Existing CBAM scope (Reg. 2023/956, in force)"
Fertilisers,3105 40 00,,"Ammonium dihydrogenorthophosphate ""monoammonium phosphate"", whether or not mixed with diammonium hydrogenorthophosphate ""diammonium phosphate"" (excl. that in tablets or similar forms, or in packages with a gross weight of ≤ 10 kg)",,"Existing CBAM scope (Reg. 2023/956, in force)"
Fertilisers,3105 51 00,,"Mineral or chemical fertilisers containing nitrates and phosphates (excl. ammonium dihydrogenorthophosphate ""Monoammonium phosphate"", diammonium hydrogenorthophosphate ""Diammonium phosphate"", and those in tablets or similar forms, or in packages with a gross weight of ≤ 10 kg)",,"Existing CBAM scope (Reg. 2023/956, in force)"
Fertilisers,3105 59 00,,"Mineral or chemical fertilisers containing the two fertilising elements nitrogen (excl. nitrate) and phosphorus but not nitrates (excl. ammonium dihydrogenorthophosphate ""monoammonium phosphate"", diammonium hydrogenorthophosphate ""diammonium phosphate"" in tablets or similar forms, or in packages with a gross weight of ≤ 10 kg)",,"Existing CBAM scope (Reg. 2023/956, in force)"
Fertilisers,3105 90 20,,"Mineral or chemical fertilisers containing the two fertilising elements nitrogen and potassium, or one principal fertilising substance only, incl. mixtures of animal or vegetable fertilisers with chemical or mineral fertilisers, containing > 10 % nitrogen by weight (excl. in tablets or similar forms, or in packages with a gross weight of ≤ 10 kg)",,"Existing CBAM scope (Reg. 2023/956, in force)"
Fertilisers,3105 90 80,,"Mineral or chemical fertilisers containing the two fertilising elements nitrogen and potassium, or one main fertilising element, incl. mixtures of animal or vegetable fertilisers with chemical or mineral fertilisers, not containing nitrogen or with a nitrogen content, by weight, of ≤ 10 % (excl. in tablets or similar forms or in packages of a gross weight of ≤ 10 kg)",,"Existing CBAM scope (Reg. 2023/956, in force)"
Iron & Steel,2601 12 00,,Agglomerated iron ores and concentrates (excl. roasted iron pyrites),,"Existing CBAM scope (Reg. 2023/956, in force)"
Iron & Steel,7201 10 11,,"Non-alloy pig iron in pigs, blocks or other primary forms, containing by weight ≤ 0,5 % phosphorus, ≥ 0,4 % manganese and ≤ 1 % silicon",,"Existing CBAM scope (Reg. 2023/956, in force)"
Iron & Steel,7201 10 19,,"Non-alloy pig iron in pigs, blocks or other primary forms, containing by weight ≤ 0,5 % phosphorus, ≥ 0,4 % manganese and > 1 % silicon",,"Existing CBAM scope (Reg. 2023/956, in force)"
Iron & Steel,7201 10 30,,"Non-alloy pig iron in pigs, blocks or other primary forms, containing by weight ≤ 0,5 % phosphorus, and ≥ 0,1 % but < 0,4 % manganese",,"Existing CBAM scope (Reg. 2023/956, in force)"
Iron & Steel,7201 10 90,,"Non-alloy pig iron in pigs, blocks or other primary forms, containing by weight ≤ 0,5 % phosphorus, and ≤ 0,1 % manganese",,"Existing CBAM scope (Reg. 2023/956, in force)"
Iron & Steel,7201 20 00,,"Non-alloy pig iron in pigs, blocks or other primary forms, containing by weight ≥ 0,5 % phosphorus",,"Existing CBAM scope (Reg. 2023/956, in force)"
Iron & Steel,7201 50 10,,"Alloy pig iron in pigs, blocks or other primary forms, containing by weight ≥ 0,3 % but ≤ 1 % titanium and ≥ 0,5 % but ≤ 1 % vanadium",,"Existing CBAM scope (Reg. 2023/956, in force)"
Iron & Steel,7201 50 90,,"Alloy pig iron and spiegeleisen, in pigs, blocks or other primary forms (excl. alloy iron containing, by weight, ≥ 0,3 % but ≤ 1 % titanium and ≥ 0,5 % but ≤ 1 % vanadium)",,"Existing CBAM scope (Reg. 2023/956, in force)"
Iron & Steel,7202 11 20,,"Ferro-manganese, containing by weight > 2 % carbon, with a granulometry ≤ 5 mm and a manganese content by weight > 65 %",,"Existing CBAM scope (Reg. 2023/956, in force)"
Iron & Steel,7202 11 80,,"Ferro-manganese, containing by weight > 2 % carbon (excl. ferro-manganese with a granulometry of ≤ 5 mm and containing by weight > 65 % manganese)",,"Existing CBAM scope (Reg. 2023/956, in force)"
Iron & Steel,7202 19 00,,"Ferro-manganese, containing by weight ≤ 2 % carbon",,"Existing CBAM scope (Reg. 2023/956, in force)"
Iron & Steel,7202 41 10,,"Ferro-chromium, containing by weight > 4 % but ≤ 6 % carbon",,"Existing CBAM scope (Reg. 2023/956, in force)"
Iron & Steel,7202 41 90,,"Ferro-chromium, containing by weight > 6 % carbon",,"Existing CBAM scope (Reg. 2023/956, in force)"
Iron & Steel,7202 49 10,,"Ferro-chromium, containing by weight ≤ 0,05 % carbon",,"Existing CBAM scope (Reg. 2023/956, in force)"
Iron & Steel,7202 49 50,,"Ferro-chromium, containing by weight > 0,05 % but ≤ 0,5 % carbon",,"Existing CBAM scope (Reg. 2023/956, in force)"
Iron & Steel,7202 49 90,,"Ferro-chromium, containing by weight > 0,5 % but ≤ 4 % carbon",,"Existing CBAM scope (Reg. 2023/956, in force)"
Iron & Steel,7202 60 00,,Ferro-nickel,,"Existing CBAM scope (Reg. 2023/956, in force)"
Iron & Steel,7203 10 00,,"Ferrous products obtained by direct reduction of iron ore, in lumps, pellets or similar forms",,"Existing CBAM scope (Reg. 2023/956, in force)"
Iron & Steel,7203 90 00,,"Spongy ferrous products, obtained from molten pig iron by atomisation, iron of a purity of ≥ 99,94 %, in lumps, pellets or similar forms",,"Existing CBAM scope (Reg. 2023/956, in force)"
Iron & Steel,7205 10 00,,"Granules, of pig iron, spiegeleisen, iron or steel (excl. granules of ferro-alloys, turnings and filings of iron or steel, certain small calibre items, defective balls for ball-bearings)",,"Existing CBAM scope (Reg. 2023/956, in force)"
Iron & Steel,7205 21 00,,"Powders, of alloy steel (excl. powders of ferro-alloys and radioactive iron powders ""isotopes"")",,"Existing CBAM scope (Reg. 2023/956, in force)"
Iron & Steel,7205 29 00,,"Powders, of pig iron, spiegeleisen, iron or non-alloy steel (excl. powders of ferro-alloys and radioactive iron powders ""isotopes"")",,"Existing CBAM scope (Reg. 2023/956, in force)"
Iron & Steel,7206 10 00,,"Ingots, of iron and non-alloy steel (excl. remelted scrap ingots, continuous cast products, iron of heading 7203)",,"Existing CBAM scope (Reg. 2023/956, in force)"
Iron & Steel,7206 90 00,,"Iron and non-alloy steel, in puddled bars or other primary forms (excl. ingots, remelted scrap ingots, continuous cast products, iron of heading 7203)",,"Existing CBAM scope (Reg. 2023/956, in force)"
Iron & Steel,7207 11 11,,"Semi-finished products, of non-alloy free-cutting steel, containing by weight < 0,25 % carbon, of square or rectangular cross-section, the width < twice the thickness, rolled or obtained by continuous casting",,"Existing CBAM scope (Reg. 2023/956, in force)"
Iron & Steel,7207 11 14,,"Semi-finished products, of iron or non-alloy steel, containing by weight < 0,25 % carbon, of square or rectangular cross-section, the width < twice the thickness of ≤ 130 mm, rolled or obtained by continuous casting (excl. free-cutting steel)",,"Existing CBAM scope (Reg. 2023/956, in force)"
Iron & Steel,7207 11 16,,"Semi-finished products, of iron or non-alloy steel, containing by weight < 0,25 % carbon, of square or rectangular cross-section, the width < twice the thickness of > 130 mm, rolled or obtained by continuous casting (excl. free-cutting steel)",,"Existing CBAM scope (Reg. 2023/956, in force)"
Iron & Steel,7207 11 90,,"Semi-finished products of iron or non-alloy steel, containing by weight < 0,25 % carbon, of rectangular cross-section, the width < twice the thickness, forged",,"Existing CBAM scope (Reg. 2023/956, in force)"
Iron & Steel,7207 12 10,,"Semi-finished products of iron or non-alloy steel, containing by weight < 0,25 of carbon, of rectangular ""other than square"" cross-section, the width measuring ≥ twice the thickness, rolled or obtained by continuous casting",,"Existing CBAM scope (Reg. 2023/956, in force)"
Iron & Steel,7207 12 90,,"Semi-finished products of iron or non-alloy steel, containing by weight < 0,25 % carbon, of rectangular ""other than square"" cross-section, the width ≥ twice the thickness, forged",,"Existing CBAM scope (Reg. 2023/956, in force)"
Iron & Steel,7207 19 12,,"Semi-finished products, of iron or non-alloy steel, containing by weight < 0,25 % carbon, of circular or polygonal cross-section, rolled or obtained by continuous casting",,"Existing CBAM scope (Reg. 2023/956, in force)"
Iron & Steel,7207 19 19,,"Semi-finished products of iron or non-alloy steel, containing by weight < 0,25 % carbon, of circular or polygonal cross-section, forged",,"Existing CBAM scope (Reg. 2023/956, in force)"
Iron & Steel,7207 19 80,,"Semi-finished products of iron or non-alloy steel, containing by weight < 0,25 % carbon (excl. semi-products, of square, rectangular, circular or polygonal cross-section)",,"Existing CBAM scope (Reg. 2023/956, in force)"
Iron & Steel,7207 20 11,,"Semi-finished products, of non-alloy free-cutting steel, containing by weight ≥ 0,25 % carbon, of square or rectangular cross-section, the width < twice the thickness, rolled or obtained by continuous casting",,"Existing CBAM scope (Reg. 2023/956, in force)"
Iron & Steel,7207 20 15,,"Semi-finished products of iron or non-alloy steel, containing by weight ≥ 0,25 % but < 0,6 % carbon, of square or rectangular cross-section, the width < twice the thickness, rolled or obtained by continuous casting (excl. free-cutting steel)",,"Existing CBAM scope (Reg. 2023/956, in force)"
Iron & Steel,7207 20 17,,"Semi-finished products of iron or non-alloy steel, containing by weight ≥ 0,6 % carbon, of square or rectangular cross-section, the width < twice the thickness, rolled or obtained by continuous casting (excl. free-cutting steel)",,"Existing CBAM scope (Reg. 2023/956, in force)"
Iron & Steel,7207 20 19,,"Semi-finished products of iron or non-alloy steel, containing by weight ≥ 0,25 % carbon, of square or rectangular cross-section, the width < twice the thickness, forged",,"Existing CBAM scope (Reg. 2023/956, in force)"
Iron & Steel,7207 20 32,,"Semi-finished products of iron or non-alloy steel, containing by weight ≥ 0,25 of carbon, of rectangular ""other than square"" cross-section, the width measuring ≥ twice the thickness, rolled or obtained by continuous casting",,"Existing CBAM scope (Reg. 2023/956, in force)"
Iron & Steel,7207 20 39,,"Semi-finished products of iron or non-alloy steel, containing by weight ≥ 0,25 % carbon, of rectangular ""other than square"" cross-section and the width ≥ twice the thickness, forged",,"Existing CBAM scope (Reg. 2023/956, in force)"
Iron & Steel,7207 20 52,,"Semi-finished products of iron or non-alloy steel, containing by weight ≥ 0,25 % carbon, of circular or polygonal cross-section, rolled or obtained by continuous casting",,"Existing CBAM scope (Reg. 2023/956, in force)"
Iron & Steel,7207 20 59,,"Semi-finished products of iron or non-alloy steel, containing by weight ≥ 0,6 % carbon, of circular or polygonal cross-section, forged",,"Existing CBAM scope (Reg. 2023/956, in force)"
Iron & Steel,7207 20 80,,"Semi-finished products of iron or non-alloy steel, containing by weight ≥ 0,25 % carbon (excl. those of square, rectangular, circular or polygonal cross-section)",,"Existing CBAM scope (Reg. 2023/956, in force)"
Iron & Steel,7208 10 00,,"Flat-rolled products of iron or non-alloy steel, of a width of ≥ 600 mm, in coils, simply hot-rolled, not clad, plated or coated, with patterns in relief directly due to the rolling process",,"Existing CBAM scope (Reg. 2023/956, in force)"
Iron & Steel,7208 25 00,,"Flat-rolled products of iron or non-alloy steel, of a width of ≥ 600 mm, in coils, simply hot-rolled, not clad, plated or coated, of a thickness of ≥ 4,75 mm, pickled, without patterns in relief",,"Existing CBAM scope (Reg. 2023/956, in force)"
Iron & Steel,7208 26 00,,"Flat-rolled products of iron or non-alloy steel, of a width of ≥ 600 mm, in coils, simply hot-rolled, not clad, plated or coated, of a thickness of ≥ 3 mm but < 4,75 mm, pickled, without patterns in relief",,"Existing CBAM scope (Reg. 2023/956, in force)"
Iron & Steel,7208 27 00,,"Flat-rolled products of iron or non-alloy steel, of a width of ≥ 600 mm, in coils, simply hot-rolled, not clad, plated or coated, of a thickness of < 3 mm, pickled, without patterns in relief",,"Existing CBAM scope (Reg. 2023/956, in force)"
Iron & Steel,7208 36 00,,"Flat-rolled products of iron or non-alloy steel, of a width of ≥ 600 mm, in coils, simply hot-rolled, not clad, plated or coated, of a thickness of ≥ 10 mm, not pickled, without patterns in relief",,"Existing CBAM scope (Reg. 2023/956, in force)"
Iron & Steel,7208 37 00,,"Flat-rolled products of iron or non-alloy steel, of a width of ≥ 600 mm, in coils, simply hot-rolled, not clad, plated or coated, of a thickness of ≥ 4,75 mm but < 10 mm, not pickled, without patterns in relief",,"Existing CBAM scope (Reg. 2023/956, in force)"
Iron & Steel,7208 38 00,,"Flat-rolled products of iron or non-alloy steel, of a width of ≥ 600 mm, in coils, simply hot-rolled, not clad, plated or coated, of a thickness of ≥ 3 mm but < 4,75 mm, not pickled, without patterns in relief",,"Existing CBAM scope (Reg. 2023/956, in force)"
Iron & Steel,7208 39 00,,"Flat-rolled products of iron or non-alloy steel, of a width of ≥ 600 mm, in coils, simply hot-rolled, not clad, plated or coated, of a thickness of < 3 mm, not pickled, without patterns in relief",,"Existing CBAM scope (Reg. 2023/956, in force)"
Iron & Steel,7208 40 00,,"Flat-rolled products of iron or non-alloy steel, of a width of ≥ 600 mm, not in coils, simply hot-rolled, not clad, plated or coated, with patterns in relief directly due to the rolling process",,"Existing CBAM scope (Reg. 2023/956, in force)"
Iron & Steel,7208 51 20,,"Flat-rolled products of iron or non-alloy steel, of a width of ≥ 600 mm, not in coils, simply hot-rolled, not clad, plated or coated, of a thickness of > 15 mm, without patterns in relief",,"Existing CBAM scope (Reg. 2023/956, in force)"
Iron & Steel,7208 51 91,,"Flat-rolled products of iron or non-alloy steel, of a width of ≥ 2.050 mm, not in coils, simply hot-rolled, not clad, plated or coated, of a thickness of > 10 mm but ≤ 15 mm, without patterns in relief (excl. ""wide flats"")",,"Existing CBAM scope (Reg. 2023/956, in force)"
Iron & Steel,7208 51 98,,"Flat-rolled products of iron or non-alloy steel, of a width of < 2.050 mm but ≥ 600 mm, not in coils, simply hot-rolled, not clad, plated or coated, of a thickness of > 10 mm but ≤ 15 mm, without patterns in relief",,"Existing CBAM scope (Reg. 2023/956, in force)"
Iron & Steel,7208 52 10,,"Flat-rolled products of iron or non-alloy steel, of a width of ≤ 1.250 mm, not in coils, simply hot-rolled on four faces or in a closed box pass, not clad, plated or coated, of a thickness of ≥ 4,75 mm but ≤ 10 mm, without patterns in relief",,"Existing CBAM scope (Reg. 2023/956, in force)"
Iron & Steel,7208 52 91,,"Flat-rolled products of iron or non-alloy steel, of a width of ≥ 2.050 mm, not in coils, simply hot-rolled, not clad, plated or coated, of a thickness of ≥ 4,75 mm but ≤ 10 mm, without patterns in relief",,"Existing CBAM scope (Reg. 2023/956, in force)"
Iron & Steel,7208 52 99,,"Flat-rolled products of iron or non-alloy steel, of a width of < 2.050 mm but ≥ 600 mm, not in coils, simply hot-rolled, not clad, plated or coated, of a thickness of ≥ 4,75 mm but ≤ 10 mm, without patterns in relief (excl. rolled on four faces or in a closed bow pass of a width ≤ 1.250 mm)",,"Existing CBAM scope (Reg. 2023/956, in force)"
Iron & Steel,7208 53 10,,"Flat-rolled products of iron or non-alloy steel, of a width of ≤ 1.250 mm, not in coils, simply hot-rolled on four faces or in a closed box pass, not clad, plated or coated, of a thickness of ≥ 4 mm but < 4,75 mm, without patterns in relief",,"Existing CBAM scope (Reg. 2023/956, in force)"
Iron & Steel,7208 53 90,,"Flat-rolled products of iron or non-alloy steel, of a width of ≥ 600 mm, not in coils, simply hot-rolled, not clad, plated or coated, of a thickness of ≥ 3 mm but < 4,75 mm, without patterns in relief (excl. rolled on four faces or in a closed bow pass of a width ≤ 1.250 mm and of a thickness of ≥ 4 mm)",,"Existing CBAM scope (Reg. 2023/956, in force)"
Iron & Steel,7208 54 00,,"Flat-rolled products of iron or non-alloy steel, of a width of ≥ 600 mm, not in coils, simply hot-rolled, not clad, plated or coated, of a thickness of < 3 mm, without patterns in relief",,"Existing CBAM scope (Reg. 2023/956, in force)"
Iron & Steel,7208 90 20,,"Flat-rolled products of iron or steel, of a width ≥ 600 mm, hot-rolled and further worked, but not clad, plated or coated, perforated",,"Existing CBAM scope (Reg. 2023/956, in force)"
Iron & Steel,7208 90 80,,"Flat-rolled products of iron or steel, of a width ≥ 600 mm, hot-rolled and further worked, but not clad, plated or coated, non-perforated",,"Existing CBAM scope (Reg. 2023/956, in force)"
Iron & Steel,7209 15 00,,"Flat-rolled products of iron or non-alloy steel, of a width of ≥ 600 mm, in coils, simply cold-rolled ""cold-reduced"", not clad, plated or coated, of a thickness of ≥ 3 mm",,"Existing CBAM scope (Reg. 2023/956, in force)"
Iron & Steel,7209 16 10,,"Flat-rolled products of iron or non-alloy steel, of a width of ≥ 600 mm, in coils, simply cold-rolled ""cold-reduced"", of a thickness of > 1 mm but < 3 mm ""electrical""",,"Existing CBAM scope (Reg. 2023/956, in force)"
Iron & Steel,7209 16 90,,"Flat-rolled products of iron or non-alloy steel, of a width of ≥ 600 mm, in coils, simply cold-rolled ""cold-reduced"", of a thickness of > 1 mm but < 3 mm ""electrical""",,"Existing CBAM scope (Reg. 2023/956, in force)"
Iron & Steel,7209 17 10,,"Flat-rolled products of iron or non-alloy steel, of a width of ≥ 600 mm, in coils, simply cold-rolled ""cold-reduced"", of a thickness of ≥ 0,5 mm but ≤ 1 mm ""electrical""",,"Existing CBAM scope (Reg. 2023/956, in force)"
Iron & Steel,7209 17 90,,"Flat-rolled products of iron or non-alloy steel, of a width of ≥ 600 mm, in coils, simply cold-rolled ""cold-reduced"", not clad, plated or coated, of a thickness of ≥ 0,5 mm but ≤ 1 mm (excl. electrical)",,"Existing CBAM scope (Reg. 2023/956, in force)"
Iron & Steel,7209 18 10,,"Flat-rolled products of iron or non-alloy steel, of a width of ≥ 600 mm, in coils, simply cold-rolled ""cold-reduced"", of a thickness of < 0,5 mm ""electrical""",,"Existing CBAM scope (Reg. 2023/956, in force)"
Iron & Steel,7209 18 91,,"Flat-rolled products of iron or non-alloy steel, of a width of ≥ 600 mm, in coils, simply cold-rolled ""cold-reduced"", not clad, plated or coated, of a thickness of ≥ 0,35 mm but < 0,5 mm (excl. electrical)",,"Existing CBAM scope (Reg. 2023/956, in force)"
Iron & Steel,7209 18 99,,"Flat-rolled products of iron or non-alloy steel, of a width of ≥ 600 mm, in coils, simply cold-rolled ""cold-reduced"", not clad, plated or coated, of a thickness of < 0,35 mm (excl. electrical)",,"Existing CBAM scope (Reg. 2023/956, in force)"
Iron & Steel,7209 25 00,,"Flat-rolled products of iron or non-alloy steel, of a width of ≥ 600 mm, not in coils, simply cold-rolled ""cold-reduced"", not clad, plated or coated, of a thickness of ≥ 3 mm",,"Existing CBAM scope (Reg. 2023/956, in force)"
Iron & Steel,7209 26 10,,"Flat-rolled products of iron or non-alloy steel, of a width of ≥ 600 mm, not in coils, simply cold-rolled ""cold-reduced"", of a thickness of > 1 mm but < 3 mm ""electrical""",,"Existing CBAM scope (Reg. 2023/956, in force)"
Iron & Steel,7209 26 90,,"Flat-rolled products of iron or non-alloy steel, of a width of ≥ 600 mm, not in coils, simply cold-rolled ""cold-reduced"", not clad, plated or coated, of a thickness of > 1 mm but < 3 mm (excl. electrical)",,"Existing CBAM scope (Reg. 2023/956, in force)"
Iron & Steel,7209 27 10,,"Flat-rolled products of iron or non-alloy steel, of a width of ≥ 600 mm, not in coils, simply cold-rolled ""cold-reduced"", of a thickness of ≥ 0,5 mm but ≤ 1 mm ""electrical""",,"Existing CBAM scope (Reg. 2023/956, in force)"
Iron & Steel,7209 27 90,,"Flat-rolled products of iron or non-alloy steel, of a width of ≥ 600 mm, not in coils, simply cold-rolled ""cold-reduced"", not clad, plated or coated, of a thickness of ≥ 0,5 mm but ≤ 1 mm (excl. electrical)",,"Existing CBAM scope (Reg. 2023/956, in force)"
Iron & Steel,7209 28 10,,"Flat-rolled products of iron or non-alloy steel, of a width of ≥ 600 mm, not in coils, simply cold-rolled ""cold-reduced"", of a thickness of < 0,5 mm ""electrical""",,"Existing CBAM scope (Reg. 2023/956, in force)"
Iron & Steel,7209 28 90,,"Flat-rolled products of iron or non-alloy steel, of a width of ≥ 600 mm, not in coils, simply cold-rolled ""cold-reduced"", not clad, plated or coated, of a thickness of < 0,5 mm (excl. electrical)",,"Existing CBAM scope (Reg. 2023/956, in force)"
Iron & Steel,7209 90 20,,"Flat-rolled products of iron or steel, of a width of ≥ 600 mm, cold-rolled ""cold-reduced"" and further worked, but not clad, plated or coated, perforated",,"Existing CBAM scope (Reg. 2023/956, in force)"
Iron & Steel,7209 90 80,,"Flat-rolled products of iron or steel, of a width of ≥ 600 mm, cold-rolled ""cold-reduced"" and further worked, but not clad, plated or coated, non-perforated",,"Existing CBAM scope (Reg. 2023/956, in force)"
Iron & Steel,7210 11 00,,"Flat-rolled products of iron or non-alloy steel, of a width of ≥ 600 mm, hot-rolled or cold-rolled ""cold-reduced"", tinned, of a thickness of ≥ 0,5 mm",,"Existing CBAM scope (Reg. 2023/956, in force)"
Iron & Steel,7210 12 20,,"Tinplate of iron or non-alloy steel, of a width of ≥ 600 mm and of a thickness of < 0,5 mm, tinned [coated with a layer of metal containing, by weight, ≥ 97 % of tin], not further worked than surface-treated",,"Existing CBAM scope (Reg. 2023/956, in force)"
Iron & Steel,7210 12 80,,"Flat-rolled products of iron or non-alloy steel, of a width of ≥ 600 mm, hot-rolled or cold-rolled ""cold-reduced"", plated or coated with tin, of a thickness of < 0,5 mm (excl. tinplate)",,"Existing CBAM scope (Reg. 2023/956, in force)"
Iron & Steel,7210 20 00,,"Flat-rolled products of iron or non-alloy steel, of a width of ≥ 600 mm, hot-rolled or cold-rolled ""cold-reduced"", plated or coated with lead, incl. terne-plate",,"Existing CBAM scope (Reg. 2023/956, in force)"
Iron & Steel,7210 30 00,,"Flat-rolled products of iron or non-alloy steel, of a width of ≥ 600 mm, hot-rolled or cold-rolled ""cold-reduced"", electrolytically plated or coated with zinc",,"Existing CBAM scope (Reg. 2023/956, in force)"
Iron & Steel,7210 41 00,,"Flat-rolled products of iron or non-alloy steel, of a width of ≥ 600 mm, hot-rolled or cold-rolled ""cold-reduced"", corrugated, plated or coated with zinc (excl. electrolytically plated or coated with zinc)",,"Existing CBAM scope (Reg. 2023/956, in force)"
Iron & Steel,7210 49 00,,"Flat-rolled products of iron or non-alloy steel, of a width of ≥ 600 mm, hot-rolled or cold-rolled ""cold-reduced"", not corrugated, plated or coated with zinc (excl. electrolytically plated or coated with zinc)",,"Existing CBAM scope (Reg. 2023/956, in force)"
Iron & Steel,7210 50 00,,"Flat-rolled products of iron or non-alloy steel, of a width of ≥ 600 mm, hot-rolled or cold-rolled ""cold-reduced"", plated or coated with chromium oxides or with chromium and chromium oxides",,"Existing CBAM scope (Reg. 2023/956, in force)"
Iron & Steel,7210 61 00,,"Flat-rolled products of iron or non-alloy steel, of a width of ≥ 600 mm, hot-rolled or cold-rolled ""cold-reduced"", plated or coated with aluminium-zinc alloys",,"Existing CBAM scope (Reg. 2023/956, in force)"
Iron & Steel,7210 69 00,,"Flat-rolled products of iron or non-alloy steel, of a width of ≥ 600 mm, hot-rolled or cold-rolled ""cold-reduced"", plated or coated with aluminium (excl. products plated or coated with aluminium-zinc alloys)",,"Existing CBAM scope (Reg. 2023/956, in force)"
Iron & Steel,7210 70 10,,"Tinplate of a width of ≥ 600 mm and of a thickness of < 0,5 mm, tinned [coated with a layer of metal containing, by weight, ≥ 97 % of tin], not further worked than varnished, and flat products plated or coated with chromium oxides or with chromium and chromium oxides, of iron or non-alloy steel, of a width of ≥ 600 mm, hot-rolled or cold-rolled ""cold-reduced"", varnished",,"Existing CBAM scope (Reg. 2023/956, in force)"
Iron & Steel,7210 70 80,,"Flat-rolled products of iron or non-alloy steel, of a width of ≥ 600 mm, hot-rolled or cold-rolled ""cold-reduced"", painted, varnished or plastic coated (excl. tinplate and products electrolytically plated or coated with chrome, varnished)",,"Existing CBAM scope (Reg. 2023/956, in force)"
Iron & Steel,7210 90 30,,"Flat-rolled products of iron or non-alloy steel, of a width of ≥ 600 mm, hot-rolled or cold-rolled ""cold-reduced"", clad",,"Existing CBAM scope (Reg. 2023/956, in force)"
Iron & Steel,7210 90 40,,"Flat-rolled products of iron or non-alloy steel, tinned and printed, of a width of ≥ 600 mm, hot-rolled or cold-rolled ""cold-reduced""",,"Existing CBAM scope (Reg. 2023/956, in force)"
Iron & Steel,7210 90 80,,"Flat-rolled products of iron or non-alloy steel, hot-rolled or cold-rolled ""cold-reduced"", of a width of ≥ 600 mm, plated or coated (excl. plated or coated with thin, lead ""incl. terne-plate"", zinc, aluminium, chromium, chromium oxides, plastics, platinum, painted or varnished, clad and tinned and printed)",,"Existing CBAM scope (Reg. 2023/956, in force)"
Iron & Steel,7211 13 00,,"Flat-rolled products of iron or non-alloy steel, simply hot-rolled on four faces or in a closed box pass, not clad, plated or coated, of a width of > 150 mm but < 600 mm and a thickness of ≥ 4 mm, not in coils, without patterns in relief, commonly known as ""wide flats""",,"Existing CBAM scope (Reg. 2023/956, in force)"
Iron & Steel,7211 14 00,,"Flat-rolled products of iron or non-alloy steel, of a width < 600 mm, not further worked than hot-rolled, not clad, plated or coated, of a thickness of ≥ 4,75 mm (excl. ""wide flats"")",,"Existing CBAM scope (Reg. 2023/956, in force)"
Iron & Steel,7211 19 00,,"Flat-rolled products of iron or non-alloy steel, of a width < 600 mm, simply hot-rolled, not clad, plated or coated, of a thickness < 4,75 mm (excl. ""wide flats"")",,"Existing CBAM scope (Reg. 2023/956, in force)"
Iron & Steel,7211 23 20,,"Flat-rolled products of iron or non-alloy steel, of a width of < 600 mm, simply cold-rolled ""cold-reduced"", not clad, plated or coated, containing by weight < 0,25 % of carbon ""electrical""",,"Existing CBAM scope (Reg. 2023/956, in force)"
Iron & Steel,7211 23 30,,"Flat-rolled products of iron or non-alloy steel, of a width of < 600 mm and of a thickness of ≥ 0,35 mm, simply cold-rolled ""cold-reduced"", not clad, plated or coated, containing by weight < 0,25 % of carbon (excl. electrical plate)",,"Existing CBAM scope (Reg. 2023/956, in force)"
Iron & Steel,7211 23 80,,"Flat-rolled products of iron or non-alloy steel, of a width of < 600 mm and of a thickness of < 0,35 mm, simply cold-rolled ""cold-reduced"", not clad, plated or coated, containing by weight < 0,25 % of carbon (excl. electrical plate)",,"Existing CBAM scope (Reg. 2023/956, in force)"
Iron & Steel,7211 29 00,,"Flat-rolled products of iron or non-alloy steel, of a width of < 600 mm, simply cold-rolled ""cold-reduced"", not clad, plated or coated, containing by weight ≥ 0,25 % of carbon",,"Existing CBAM scope (Reg. 2023/956, in force)"
Iron & Steel,7211 90 20,,"Flat-rolled products of iron or non-alloy steel, of a width of < 600 mm, hot-rolled or cold-rolled ""cold-reduced"" and further worked, but not clad, plated or coated, perforated",,"Existing CBAM scope (Reg. 2023/956, in force)"
Iron & Steel,7211 90 80,,"Flat-rolled products of iron or non-alloy steel, of a width of < 600 mm, hot-rolled or cold-rolled ""cold-reduced"" and further worked, but not clad, plated or coated non-perforated",,"Existing CBAM scope (Reg. 2023/956, in force)"
Iron & Steel,7212 10 10,,"Tinplate of iron or non-alloy steel, of a width of < 600 mm and of a thickness of < 0,5 mm, tinned [coated with a layer of metal containing, by weight, ≥ 97 % of tin], not further worked than surface-treated",,"Existing CBAM scope (Reg. 2023/956, in force)"
Iron & Steel,7212 10 90,,"Flat-rolled products of iron or non-alloy steel, hot-rolled or cold-rolled ""cold-reduced"", of a width of < 600 mm, tinned (excl. tinplate, not further worked than surface-treated)",,"Existing CBAM scope (Reg. 2023/956, in force)"
Iron & Steel,7212 20 00,,"Flat-rolled products of iron or non-alloy steel, of a width of < 600 mm, hot-rolled or cold-rolled ""cold-reduced"", electrolytically plated or coated with zinc",,"Existing CBAM scope (Reg. 2023/956, in force)"
Iron & Steel,7212 30 00,,"Flat-rolled products of iron or non-alloy steel, of a width of < 600 mm, hot-rolled or cold-rolled ""cold-reduced"", tinned (excl. electrolytically plated or coated with zinc)",,"Existing CBAM scope (Reg. 2023/956, in force)"
Iron & Steel,7212 40 20,,"Tinplate of a width of < 600 mm and of a thickness of < 0,5 mm, tinned [coated with a layer of metal containing, by weight, ≥ 97 % of tin], not further worked than varnished, and flat products plated or coated with chromium oxides or with chromium and chromium oxides, of iron or non-alloy steel, of a width of < 600 mm, hot-rolled or cold-rolled ""cold-reduced"", varnished",,"Existing CBAM scope (Reg. 2023/956, in force)"
Iron & Steel,7212 40 80,,"Flat-rolled products of iron or non-alloy steel, of a width of < 600 mm, hot-rolled or cold-rolled ""cold-reduced"", painted, varnished or plastic coated (excl. tinplate, not further worked than varnished, and products plated or coated with chromium oxides or with chromium and chromium oxides, varnished)",,"Existing CBAM scope (Reg. 2023/956, in force)"
Iron & Steel,7212 50 20,,"Flat-rolled products of iron or non-alloy steel, of a width of < 600 mm, hot-rolled or cold-rolled ""cold-reduced"", plated or coated with chromium oxides or with chromium and chromium oxides (excl. varnished)",,"Existing CBAM scope (Reg. 2023/956, in force)"
Iron & Steel,7212 50 30,,"Flat-rolled products of iron or non-alloy steel, of a width of < 600 mm, hot-rolled or cold-rolled ""cold-reduced"", plated or coated with chromium or nickel",,"Existing CBAM scope (Reg. 2023/956, in force)"
Iron & Steel,7212 50 40,,"Flat-rolled products of iron or non-alloy steel, of a width of < 600 mm, hot-rolled or cold-rolled ""cold-reduced"", plated or coated with copper",,"Existing CBAM scope (Reg. 2023/956, in force)"
Iron & Steel,7212 50 61,,"Flat-rolled products of iron or non-alloy steel, of a width of < 600 mm, hot-rolled or cold-rolled ""cold-reduced"", plated or coated with aluminium-zinc alloys",,"Existing CBAM scope (Reg. 2023/956, in force)"
Iron & Steel,7212 50 69,,"Flat-rolled products of iron or non-alloy steel, of a width of < 600 mm, hot-rolled or cold-rolled ""cold-reduced"", plated or coated with aluminium (excl. products plated or coated with aluminium-zinc alloys)",,"Existing CBAM scope (Reg. 2023/956, in force)"
Iron & Steel,7212 50 90,,"Flat-rolled products of iron or non-alloy steel, of a width of < 600 mm, hot-rolled or cold-rolled ""cold-reduced"", clad (excl. products plated or coated with tin or zinc, copper, with chromium oxides or with chromium and chromium oxides, chromium, nickel or aluminium, painted or varnished, and plastic-coated)",,"Existing CBAM scope (Reg. 2023/956, in force)"
Iron & Steel,7212 60 00,,"Flat-rolled products of iron or non-alloy steel, of a width of < 600 mm, hot-rolled or cold-rolled ""cold-reduced"", clad",,"Existing CBAM scope (Reg. 2023/956, in force)"
Iron & Steel,7213 10 00,,"Bars and rods, hot-rolled, in irregularly wound coils of iron or non-alloy steel, with indentations, ribs, grooves or other deformations produced during the rolling process",,"Existing CBAM scope (Reg. 2023/956, in force)"
Iron & Steel,7213 20 00,,"Bars and rods, hot-rolled, in irregularly wound coils, of non-alloy free-cutting steel (excl. bars and rods containing indentations, ribs, grooves or other deformations produced during the rolling process)",,"Existing CBAM scope (Reg. 2023/956, in force)"
Iron & Steel,7213 91 10,,"Bars and rods, hot-rolled, of the type used for concrete reinforcement, smooth, of iron or non-alloy steel, in irregularly wound coils, of circular cross-section measuring < 14 mm in diameter",,"Existing CBAM scope (Reg. 2023/956, in force)"
Iron & Steel,7213 91 20,,"Bars and rods, hot-rolled, of the type used for tyre cord, smooth, of iron or non-alloy steel, in irregularly wound coils",,"Existing CBAM scope (Reg. 2023/956, in force)"
Iron & Steel,7213 91 41,,"Bars and rods, hot-rolled, of iron or non-alloy steel, in irregularly wound coils, containing by weight ≤ 0,06 % of carbon, of circular cross-section measuring < 14 mm in diameter (excl. free-cutting steel, bars and rods, hot-rolled, for concrete reinforcement and tyre cord, and bars and rods, hot-rolled, containing indentations, ribs, grooves or other deformations produced during the rolling process)",,"Existing CBAM scope (Reg. 2023/956, in force)"
Iron & Steel,7213 91 49,,"Bars and rods, hot-rolled, of iron or non-alloy steel, in irregularly wound coils, containing by weight > 0,06 % and < 0,25 % of carbon, of circular cross-section, measuring < 14 mm in diameter (excl. of free-cutting steel, bars and rods, hot-rolled, for concrete reinforcement and tyre cord and bars and rods, hot-rolled, containing indentations, ribs, grooves or other deformations produced during the rolling process)",,"Existing CBAM scope (Reg. 2023/956, in force)"
Iron & Steel,7213 91 70,,"Bars and rods, hot-rolled, in irregularly wound coils, of iron or non-alloy steel, containing by weight ≥ 0,25 % but ≤ 0,75 % carbon, of circular cross-section measuring < 14 mm in diameter (excl. of free-cutting steel, and bars and rods, smooth, for concrete reinforcement and tyre cord, and bars and rods with indentations, ribs, grooves or other deformations produced during the rolling process)",,"Existing CBAM scope (Reg. 2023/956, in force)"
Iron & Steel,7213 91 90,,"Bars and rods, hot-rolled, of iron or non-alloy steel, in irregularly wound coils, containing by weight > 0,75 % of carbon, of circular cross-section measuring < 14 mm in diameter (excl. of free-cutting steel, bars and rods, smooth, for tyre cord and bars and rods with indentations, ribs, grooves and other deformations produced during the rolling process)",,"Existing CBAM scope (Reg. 2023/956, in force)"
Iron & Steel,7213 99 10,,"Bars and rods, of iron or non-alloy steel, hot-rolled, in irregularly wound coils, containing by weight < 0,25 % carbon (excl. products of circular cross-section measuring < 14 mm in diameter, bars and rods of free-cutting steel, and bars and rods with indentations, ribs, grooves or other deformations produced during the rolling process)",,"Existing CBAM scope (Reg. 2023/956, in force)"
Iron & Steel,7213 99 90,,"Bars and rods, hot-rolled, in irregularly wound coils, of iron or non-alloy steel, containing by weight ≥ 0,25 % carbon (excl. products of circular cross-section measuring < 14 mm diameter, bars and rods of free-cutting steel, and bars and rods with indentations, ribs, grooves or other deformations produced during the rolling process)",,"Existing CBAM scope (Reg. 2023/956, in force)"
Iron & Steel,7214 10 00,,"Bars and rods, of iron or non-alloy steel, not further worked than forged (excl. in irregularly wound coils)",,"Existing CBAM scope (Reg. 2023/956, in force)"
Iron & Steel,7214 20 00,,"Bars and rods, of iron or non-alloy steel, with indentations, ribs, groves or other deformations produced during the rolling process",,"Existing CBAM scope (Reg. 2023/956, in force)"
Iron & Steel,7214 30 00,,"Bars and rods, of non-alloy free-cutting steel, not further worked than hot-rolled, hot-drawn or hot-extruded (excl. containing indentations, ribs, grooves or other deformations produced during the rolling process or twisted after rolling)",,"Existing CBAM scope (Reg. 2023/956, in force)"
Iron & Steel,7214 91 10,,"Bars and rods of iron or non-alloy steel, not further worked than hot-rolled, hot-drawn or hot-extruded, containing by weight < 0,25 % of carbon, of rectangular ""other than square"" cross-section (excl. those with indentations, ribs, grooves or other deformations produced during the rolling process, bars and rods twisted after rolling, and free-cutting steel)",,"Existing CBAM scope (Reg. 2023/956, in force)"
Iron & Steel,7214 91 90,,"Other bars and rods of iron or non-alloy steel, only hot-rolled, only hot-drawn or only hot-extruded, containing by weight ≥ 0,25 % of carbon, of rectangular ""other than square"" cross-section (excl. those with indentations, ribs, grooves or other deformations produced during the rolling process, bars and rods twisted after rolling, and free-cutting steel)",,"Existing CBAM scope (Reg. 2023/956, in force)"
Iron & Steel,7214 99 10,,"Bars and rods of the type used for concrete reinforcement, smooth, of iron or non-alloy steel, only hot-rolled, only hot-drawn or only hot-extruded, containing < 0,25 % of carbon, of square cross-section or of a cross-section other than rectangular",,"Existing CBAM scope (Reg. 2023/956, in force)"
Iron & Steel,7214 99 31,,"Bars and rods of iron or non-alloy steel, only hot-rolled, hot-drawn or hot-extruded, containing < 0,25 % of carbon, of circular cross-section, of a maximum diameter of ≥ 80 mm (other than of free-cutting steel, smooth bars and rods, for reinfoced concrete, or bars and rods containing indentations, ribs, grooves or other deformations produced during the rolling process, or wound after rolling)",,"Existing CBAM scope (Reg. 2023/956, in force)"
Iron & Steel,7214 99 39,,"Bars and rods of iron or non-alloy steel, only hot-rolled, hot-drawn or hot-extruded, containing < 0,25 % of carbon, of circular cross-section of a maximum diameter of < 80 mm (other than of free-cutting steel, smooth bars and rods, for reinforced concrete, or bars and rods containing indentations, ribs, grooves or other deformations produced during the rolling process, or wound after rolling)",,"Existing CBAM scope (Reg. 2023/956, in force)"
Iron & Steel,7214 99 50,,"Bars and rods of iron or non-alloy steel, only hot-rolled, hot-drawn or hot-extruded, containing by weight < 0,25 % of carbon, of square cross-section or of a cross-section other than square or circular (other than of free-cutting steel, smooth bars and rods, for reinforced concrete, or bars and rods containing indentations, ribs, grooves or other deformations produced during the rolling process, or wound after rolling)",,"Existing CBAM scope (Reg. 2023/956, in force)"
Iron & Steel,7214 99 71,,"Bars and rods of iron or non-alloy steel, only hot-rolled, only hot-drawn or only hot-extruded, containing by weight ≥ 0,25 % carbon, of circular cross-section measuring ≥ 80 mm in diameter (excl. bars and rods with indentations, ribs, grooves or other deformations produced during the rolling process, twisted after rolling, and of free-cutting steel)",,"Existing CBAM scope (Reg. 2023/956, in force)"
Iron & Steel,7214 99 79,,"Bars and rods of iron or non-alloy steel, only hot-rolled, only hot-drawn or only hot-extruded, containing by weight ≥ 0,25 % carbon, of circular cross-section measuring < 80 mm in diameter (excl. bars and rods with indentations, ribs, grooves or other deformations produced during the rolling process, twisted after rolling, and of free-cutting steel)",,"Existing CBAM scope (Reg. 2023/956, in force)"
Iron & Steel,7214 99 95,,"Bars and rods of iron or non-alloy steel, only hot-rolled, only hot-drawn or only hot-extruded, containing by weight ≥ 0,25 % carbon, of square or of other than rectangular or circular cross-section (excl. indentations, ribs, grooves or other deformations produced during the rolling process, twisted fter rolling, and of free-cutting steel)",,"Existing CBAM scope (Reg. 2023/956, in force)"
Iron & Steel,7215 10 00,,"Bars and rods, of non-alloy free-cutting steel, not further worked than cold-formed or cold-finished",,"Existing CBAM scope (Reg. 2023/956, in force)"
Iron & Steel,7215 50 11,,"Other bars and rods of iron or non-alloy steel, not further worked than cold-formed or cold-finished, containing by weight < 0,25 % of carbon of rectangular ""other than square"" cross-section (excl. those of free-cutting steel)",,"Existing CBAM scope (Reg. 2023/956, in force)"
Iron & Steel,7215 50 19,,"Other bars and rods of iron or non-alloy steel, not further worked than cold-formed or cold-finished, containing by weight < 0,25 % of carbon, of square or other than rectangular cross-section (excl. those of free-cutting steel)",,"Existing CBAM scope (Reg. 2023/956, in force)"
Iron & Steel,7215 50 80,,"Other bars and rods of iron or non-alloy steel, not further worked than cold-formed or cold-finished, containing by weight ≥ 0,25 % of carbon (excl. those of free-cutting steel)",,"Existing CBAM scope (Reg. 2023/956, in force)"
Iron & Steel,7215 90 00,,"Bars or rods, of iron or non-alloy steel, cold-formed or cold-finished and further worked or hot-formed and further worked, n.e.s.",,"Existing CBAM scope (Reg. 2023/956, in force)"
Iron & Steel,7216 10 00,,"U, I or H sections of iron or non-alloy steel, not further worked than hot-rolled, hot-drawn or extruded, of a height of < 80 mm",,"Existing CBAM scope (Reg. 2023/956, in force)"
Iron & Steel,7216 21 00,,"L sections of iron or non-alloy steel, not further worked than hot-rolled, hot-drawn or extruded, of a height of < 80 mm",,"Existing CBAM scope (Reg. 2023/956, in force)"
Iron & Steel,7216 22 00,,"T sections of iron or non-alloy steel, not further worked than hot-rolled, hot-drawn or extruded, of a height of < 80 mm",,"Existing CBAM scope (Reg. 2023/956, in force)"
Iron & Steel,7216 31 10,,"U sections of iron or non-alloy steel, simply hot-rolled, hot-drawn or extruded, of a height ≥ 80 mm but ≤ 220 mm",,"Existing CBAM scope (Reg. 2023/956, in force)"
Iron & Steel,7216 31 90,,"U sections of iron or non-alloy steel, simply hot-rolled, hot-drawn or extruded, of a height > 220 mm",,"Existing CBAM scope (Reg. 2023/956, in force)"
Iron & Steel,7216 32 11,,"I sections with parallel flange faces, of iron or non-alloy steel, simply hot-rolled, hot-drawn or extruded, of a height ≥ 80 mm but ≤ 220 mm",,"Existing CBAM scope (Reg. 2023/956, in force)"
Iron & Steel,7216 32 19,,"I sections of iron or non-alloy steel, simply hot-rolled, hot-drawn or extruded, of a height ≥ 80 mm but ≤ 220 mm (excl. 7216.32.11)",,"Existing CBAM scope (Reg. 2023/956, in force)"
Iron & Steel,7216 32 91,,"I sections with parallel flange faces, of iron or non-alloy steel, simply hot-rolled, hot-drawn or extruded, of a height > 220 mm",,"Existing CBAM scope (Reg. 2023/956, in force)"
Iron & Steel,7216 32 99,,"I sections of iron or non-alloy steel, simply hot-rolled, hot-drawn or extruded, of a height > 220 mm (excl. 7216.32.91)",,"Existing CBAM scope (Reg. 2023/956, in force)"
Iron & Steel,7216 33 10,,"H sections of iron or non-alloy steel, simply hot-rolled, hot-drawn or extruded, of a height ≥ 80 mm but ≤ 180 mm",,"Existing CBAM scope (Reg. 2023/956, in force)"
Iron & Steel,7216 33 90,,"H sections of iron or non-alloy steel, simply hot-rolled, hot-drawn or extruded, of a height > 180 mm",,"Existing CBAM scope (Reg. 2023/956, in force)"
Iron & Steel,7216 40 10,,"L sections of iron or non-alloy steel, not further worked than hot-rolled, hot-drawn or extruded, of a height of ≥ 80 mm",,"Existing CBAM scope (Reg. 2023/956, in force)"
Iron & Steel,7216 40 90,,"T sections of iron or non-alloy steel, not further worked than hot-rolled, hot-drawn or extruded, of a height of ≥ 80 mm",,"Existing CBAM scope (Reg. 2023/956, in force)"
Iron & Steel,7216 50 10,,"Sections of iron or non-alloy steel, not further worked than hot-rolled, hot-drawn or hot-extruded, with a cross-section which is capable of being enclosed in a square the side of which is ≤ 80 mm (excl. U, I, H, L or T sections)",,"Existing CBAM scope (Reg. 2023/956, in force)"
Iron & Steel,7216 50 91,,"Bulb sections ""bulb flat"", only hot-rolled, hot-drawn or hot-extruded",,"Existing CBAM scope (Reg. 2023/956, in force)"
Iron & Steel,7216 50 99,,"Profile of iron or non-alloy steel, only hot-rolled, hot-drawn or hot-extruded (other than with a cross-section which is capable of being enclosed in a square the side of which is ≤ 80 mm, and U-, I-, H-, L- or T-sections and ribbed sections [ribbed steel])",,"Existing CBAM scope (Reg. 2023/956, in force)"
Iron & Steel,7216 61 10,,"c, l, u, z, omega or open-ended sections of iron or non-alloy steel, simply cold-formed or cold-finished, obtained from flat-rolled products",,"Existing CBAM scope (Reg. 2023/956, in force)"
Iron & Steel,7216 61 90,,"Angles, shapes and sections (other than c, l, u, z, omega or open-ended sections) of iron or non-alloy steel, simply cold-formed or cold-finished, obtained from flat-rolled products",,"Existing CBAM scope (Reg. 2023/956, in force)"
Iron & Steel,7216 69 00,,"Angles, shapes and sections, of iron or non-alloy steel, not further worked than cold-formed or cold-finished (excl. profiled sheet)",,"Existing CBAM scope (Reg. 2023/956, in force)"
Iron & Steel,7216 91 10,,"Sheets of iron or non-alloy steel, cold-formed or cold finished, profiled ""ribbed""",,"Existing CBAM scope (Reg. 2023/956, in force)"
Iron & Steel,7216 91 80,,"Angles, shapes and sections, of iron or non-alloy steel, cold-formed or cold-finished from flat-rolled products and further worked (excl. profiled sheet)",,"Existing CBAM scope (Reg. 2023/956, in force)"
Iron & Steel,7216 99 00,,"Angles, shapes and sections, of iron or non-alloy steel, cold-formed or cold-finished and further worked, or hot-forged, or hot-formed by other means and further worked, n.e.s. (excl. from flat-rolled products)",,"Existing CBAM scope (Reg. 2023/956, in force)"
Iron & Steel,7217 10 10,,"Wire of iron or non-alloy steel, in coils, containing by weight < 0,25 % carbon, not plated or coated, whether or not polished, with a maximum cross-sectional dimension of < 0,8 mm",,"Existing CBAM scope (Reg. 2023/956, in force)"
Iron & Steel,7217 10 31,,"Wire of iron or non-alloy steel, in coils, containing by weight < 0,25 % carbon, with indentations, ribs, grooves or other deformations produced during the rolling process, not plated or coated, with a maximum cross-sectional dimension of ≥ 0,8 mm",,"Existing CBAM scope (Reg. 2023/956, in force)"
Iron & Steel,7217 10 39,,"Wire of iron or non-alloy steel, in coils, containing by weight < 0,25 % carbon, not plated or coated, with a maximum cross-sectional dimension of ≥ 0,8 mm (without indentations, ribs, grooves or other deformations produced during the rolling process)",,"Existing CBAM scope (Reg. 2023/956, in force)"
Iron & Steel,7217 10 50,,"Wire of iron or non-alloy steel, in coils, containing by weight ≥ 0,25 % but < 0,6 % carbon, not plated or coated, whether or not polished (excl. hot-rolled bars and rods)",,"Existing CBAM scope (Reg. 2023/956, in force)"
Iron & Steel,7217 10 90,,"Wire of iron or non-alloy steel, in coils, containing by weight ≥ 0,6 % carbon, not plated or coated, whether or not polished (excl. hot-rolled bars and rods)",,"Existing CBAM scope (Reg. 2023/956, in force)"
Iron & Steel,7217 20 10,,"Wire of iron or non-alloy steel, in coils, containing by weight < 0,25 % carbon, plated or coated with zinc, with a maximum cross-sectional dimension of < 0,8 mm",,"Existing CBAM scope (Reg. 2023/956, in force)"
Iron & Steel,7217 20 30,,"Wire of iron or non-alloy steel, in coils, containing by weight < 0,25 % carbon, plated or coated with zinc, with a maximum cross-sectional dimension of < 0,8 mm (excl. bars and rods)",,"Existing CBAM scope (Reg. 2023/956, in force)"
Iron & Steel,7217 20 50,,"Wire of iron or non-alloy steel, in coils, containing by weight ≥ 0,25 % but < 0,6 % carbon, plated or coated with zinc (excl. bars and rods)",,"Existing CBAM scope (Reg. 2023/956, in force)"
Iron & Steel,7217 20 90,,"Wire of iron or non-alloy steel, in coils, containing by weight ≥ 0,6 % carbon, plated or coated with zinc (excl. bars and rods)",,"Existing CBAM scope (Reg. 2023/956, in force)"
Iron & Steel,7217 30 41,,"Wire of iron or non-alloy steel, in coils, containing by weight < 0,25 % carbon, copper-coated (excl. bars and rods)",,"Existing CBAM scope (Reg. 2023/956, in force)"
Iron & Steel,7217 30 49,,"Wire of iron or non-alloy steel, in coils, containing by weight < 0,25 % carbon, plated or coated with base metals (excl. products plated or coated with zinc or copper and bars and rods)",,"Existing CBAM scope (Reg. 2023/956, in force)"
Iron & Steel,7217 30 50,,"Wire of iron or non-alloy steel, in coils, containing by weight ≥ 0,25 % but < 0,6 % carbon, plated or coated with base metals (excl. products plated or coated with zinc, and bars and rods)",,"Existing CBAM scope (Reg. 2023/956, in force)"
Iron & Steel,7217 30 90,,"Wire of iron or non-alloy steel, in coils, containing by weight ≥ 0,6 % carbon, plated or coated with base metals (excl. products plated or coated with zinc, and bars and rods)",,"Existing CBAM scope (Reg. 2023/956, in force)"
Iron & Steel,7217 90 20,,"Wire of iron or non-alloy steel, in coils, containing by weight < 0,25 % carbon, plated or coated (excl. products plated or coated with base metals and bars and rods)",,"Existing CBAM scope (Reg. 2023/956, in force)"
Iron & Steel,7217 90 50,,"Wire of iron or non-alloy steel, in coils, containing by weight ≥ 0,25 % but < 0,6 % carbon, plated or coated (excl. products plated or coated with with base metals, and bars and rods)",,"Existing CBAM scope (Reg. 2023/956, in force)"
Iron & Steel,7217 90 90,,"Wire of iron or non-alloy steel, in coils, containing by weight ≥ 0,6 % carbon, plated or coated (excl. products plated or coated with base metals, and bars and rods)",,"Existing CBAM scope (Reg. 2023/956, in force)"
Iron & Steel,7218 10 00,,"Steel, stainless, in ingots and other primary forms (excl. waste and scrap in ingot form, and products obtained by continuous casting)",,"Existing CBAM scope (Reg. 2023/956, in force)"
Iron & Steel,7218 91 10,,"Semi-finished products of stainless steel, of rectangular ""other than square"" cross-section, containing by weight ≥ 2,5 % nickel",,"Existing CBAM scope (Reg. 2023/956, in force)"
Iron & Steel,7218 91 80,,"Semi-finished products of stainless steel, of rectangular ""other than square"" cross-section, containing by weight < 2,5 nickel",,"Existing CBAM scope (Reg. 2023/956, in force)"
Iron & Steel,7218 99 11,,"Semi-finished products of stainless steel, of square cross-section, rolled or obtained by continuous casting",,"Existing CBAM scope (Reg. 2023/956, in force)"
Iron & Steel,7218 99 19,,"Semi-finished products of stainless steel, of square cross-section, forged",,"Existing CBAM scope (Reg. 2023/956, in force)"
Iron & Steel,7218 99 20,,"Semi-finished products of stainless steel, of circular cross-section or of cross-section other than square or rectangular, rolled or obtained by continuous casting",,"Existing CBAM scope (Reg. 2023/956, in force)"
Iron & Steel,7218 99 80,,"Semi-finished products of stainless steel, forged (excl. products of square or rectangular cross-section)",,"Existing CBAM scope (Reg. 2023/956, in force)"
Iron & Steel,7219 11 00,,"Flat-rolled products of stainless steel, of a width of ≥ 600 mm, not further worked than hot-rolled, in coils, of a thickness of > 10 mm",,"Existing CBAM scope (Reg. 2023/956, in force)"
Iron & Steel,7219 12 10,,"Flat-rolled products of stainless steel, of a width of ≥ 600 mm, not further worked than hot-rolled, in coils, of a thickness of ≥ 4,75 mm but ≤ 10 mm, containing by weight ≥ 2,5 nickel",,"Existing CBAM scope (Reg. 2023/956, in force)"
Iron & Steel,7219 12 90,,"Flat-rolled products of stainless steel, of a width of ≥ 600 mm, not further worked than hot-rolled, in coils, of a thickness of ≥ 4,75 mm but ≤ 10 mm, containing by weight < 2,5 nickel",,"Existing CBAM scope (Reg. 2023/956, in force)"
Iron & Steel,7219 13 10,,"Flat-rolled products of stainless steel, of a width of ≥ 600 mm, not further worked than hot-rolled, in coils, of a thickness of ≥ 3 mm but ≤ 4,75 mm, containing by weight ≥ 2,5 nickel",,"Existing CBAM scope (Reg. 2023/956, in force)"
Iron & Steel,7219 13 90,,"Flat-rolled products of stainless steel, of a width of ≥ 600 mm, not further worked than hot-rolled, in coils, of a thickness of ≥ 3 mm but ≤ 4,75 mm, containing by weight < 2,5 nickel",,"Existing CBAM scope (Reg. 2023/956, in force)"
Iron & Steel,7219 14 10,,"Flat-rolled products of stainless steel, of a width of ≥ 600 mm, not further worked than hot-rolled, in coils, of a thickness of < 3 mm, containing by weight ≥ 2,5 nickel",,"Existing CBAM scope (Reg. 2023/956, in force)"
Iron & Steel,7219 14 90,,"Flat-rolled products of stainless steel, of a width of ≥ 600 mm, not further worked than hot-rolled, in coils, of a thickness of < 3 mm, containing by weight < 2,5 nickel",,"Existing CBAM scope (Reg. 2023/956, in force)"
Iron & Steel,7219 21 10,,"Flat-rolled products of stainless steel, of a width of ≥ 600 mm, not further worked than hot-rolled, not in coils, of a thickness of > 10 mm, containing by weight ≥ 2,5 nickel",,"Existing CBAM scope (Reg. 2023/956, in force)"
Iron & Steel,7219 21 90,,"Flat-rolled products of stainless steel, of a width of ≥ 600 mm, not further worked than hot-rolled, not in coils, of a thickness of > 10 mm, containing by weight < 2,5 nickel",,"Existing CBAM scope (Reg. 2023/956, in force)"
Iron & Steel,7219 22 10,,"Flat-rolled products of stainless steel, of a width of ≥ 600 mm, not further worked than hot-rolled, not in coils, of a thickness of ≥ 4,75 mm but ≤ 10 mm, containing by weight ≥ 2,5 % nickel",,"Existing CBAM scope (Reg. 2023/956, in force)"
Iron & Steel,7219 22 90,,"Flat-rolled products of stainless steel, of a width of ≥ 600 mm, not further worked than hot-rolled, not in coils, of a thickness of ≥ 4,75 mm but ≤ 10 mm, containing by weight < 2,5 % nickel",,"Existing CBAM scope (Reg. 2023/956, in force)"
Iron & Steel,7219 23 00,,"Flat-rolled products of stainless steel, of a width of ≥ 600 mm, not further worked than hot-rolled, not in coils, of a thickness of ≥ 3 mm and < 4,75 mm",,"Existing CBAM scope (Reg. 2023/956, in force)"
Iron & Steel,7219 24 00,,"Flat-rolled products of stainless steel, of a width of ≥ 600 mm, not further worked than hot-rolled, not in coils, of a thickness of < 3 mm",,"Existing CBAM scope (Reg. 2023/956, in force)"
Iron & Steel,7219 31 00,,"Flat-rolled products of stainless steel, of a width of ≥ 600 mm, not further worked than cold-rolled ""cold-reduced"", of a thickness of ≥ 4,75 mm",,"Existing CBAM scope (Reg. 2023/956, in force)"
Iron & Steel,7219 32 10,,"Flat-rolled products of stainless steel, of a width of ≥ 600 mm, not further worked than cold-rolled ""cold-reduced"", of a thickness of ≥ 3 mm but ≤ 4,75 mm, containing by weight ≥ 2,5 % nickel",,"Existing CBAM scope (Reg. 2023/956, in force)"
Iron & Steel,7219 32 90,,"Flat-rolled products of stainless steel, of a width of ≥ 600 mm, not further worked than cold-rolled ""cold-reduced"", of a thickness of ≥ 3 mm but ≤ 4,75 mm, containing by weight < 2,5 % nickel",,"Existing CBAM scope (Reg. 2023/956, in force)"
Iron & Steel,7219 33 10,,"Flat-rolled products of stainless steel, of a width of ≥ 600 mm, not further worked than cold-rolled ""cold-reduced"", of a thickness of > 1 mm but < 3 mm, containing by weight ≥ 2,5 % nickel",,"Existing CBAM scope (Reg. 2023/956, in force)"
Iron & Steel,7219 33 90,,"Flat-rolled products of stainless steel, of a width of ≥ 600 mm, not further worked than cold-rolled ""cold-reduced"", of a thickness of > 1 mm but < 3 mm, containing by weight < 2,5 % nickel",,"Existing CBAM scope (Reg. 2023/956, in force)"
Iron & Steel,7219 34 10,,"Flat-rolled products of stainless steel, of a width of ≥ 600 mm, not further worked than cold-rolled ""cold-reduced"", of a thickness of ≥ 0,5 mm but ≤ 1 mm, containing by weight ≥ 2,5 % nickel",,"Existing CBAM scope (Reg. 2023/956, in force)"
Iron & Steel,7219 34 90,,"Flat-rolled products of stainless steel, of a width of ≥ 600 mm, not further worked than cold-rolled ""cold-reduced"", of a thickness of ≥ 0,5 mm but ≤ 1 mm, containing by weight < 2,5 % nickel",,"Existing CBAM scope (Reg. 2023/956, in force)"
Iron & Steel,7219 35 10,,"Flat-rolled products of stainless steel, of a width of ≥ 600 mm, not further worked than cold-rolled ""cold-reduced"", of a thickness of < 0,5 mm, containing by weight ≥ 2,5 % nickel",,"Existing CBAM scope (Reg. 2023/956, in force)"
Iron & Steel,7219 35 90,,"Flat-rolled products of stainless steel, of a width of ≥ 600 mm, not further worked than cold-rolled ""cold-reduced"", of a thickness of < 0,5 mm, containing by weight < 2,5 % nickel",,"Existing CBAM scope (Reg. 2023/956, in force)"
Iron & Steel,7219 90 20,,"Flat-rolled products of stainless steel, of a width of ≥ 600 mm, hot-rolled or cold-rolled ""cold-reduced"" and further worked, perforated",,"Existing CBAM scope (Reg. 2023/956, in force)"
Iron & Steel,7219 90 80,,"Flat-rolled products of stainless steel, of a width of ≥ 600 mm, hot-rolled or cold-rolled ""cold-reduced"" and further worked, non-perforated",,"Existing CBAM scope (Reg. 2023/956, in force)"
Iron & Steel,7220 11 00,,"Flat-rolled products of stainless steel, of a width of < 600 mm, not further worked than hot-rolled, of a thickness of ≥ 4,75 mm",,"Existing CBAM scope (Reg. 2023/956, in force)"
Iron & Steel,7220 12 00,,"Flat-rolled products of stainless steel, of a width of < 600 mm, not further worked than hot-rolled, of a thickness of < 4,75 mm",,"Existing CBAM scope (Reg. 2023/956, in force)"
Iron & Steel,7220 20 21,,"Flat-rolled products of stainless steel, of a width of < 600 mm, not further worked than cold-rolled ""cold-reduced"", of a thickness of ≥ 3 mm and containing by weight ≥ 2,5 % nickel",,"Existing CBAM scope (Reg. 2023/956, in force)"
Iron & Steel,7220 20 29,,"Flat-rolled products of stainless steel, of a width of < 600 mm, not further worked than cold-rolled ""cold-reduced"", of a thickness of ≥ 3 mm and containing by weight < 2,5 % nickel",,"Existing CBAM scope (Reg. 2023/956, in force)"
Iron & Steel,7220 20 41,,"Flat-rolled products of stainless steel, of a width of < 600 mm, not further worked than cold-rolled ""cold-reduced"", of a thickness of > 0,35 mm but < 3 mm, and containing by weight ≥ 2,5 % nickel",,"Existing CBAM scope (Reg. 2023/956, in force)"
Iron & Steel,7220 20 49,,"Flat-rolled products of stainless steel, of a width of < 600 mm, not further worked than cold-rolled ""cold-reduced"", of a thickness of > 0,35 mm but < 3 mm, and containing by weight < 2,5 % nickel",,"Existing CBAM scope (Reg. 2023/956, in force)"
Iron & Steel,7220 20 81,,"Flat-rolled products of stainless steel, of a width of < 600 mm, not further worked than cold-rolled ""cold-reduced"", of a thickness of ≤ 0,35 mm and containing by weight ≥ 2,5 % nickel",,"Existing CBAM scope (Reg. 2023/956, in force)"
Iron & Steel,7220 20 89,,"Flat-rolled products of stainless steel, of a width of < 600 mm, not further worked than cold-rolled ""cold-reduced"", of a thickness of ≤ 0,35 mm and containing by weight < 2,5 % nickel",,"Existing CBAM scope (Reg. 2023/956, in force)"
Iron & Steel,7220 90 20,,"Flat-rolled products of stainless steel, of a width of < 600 mm, hot-rolled or cold-rolled ""cold-reduced"" and further worked, perforated",,"Existing CBAM scope (Reg. 2023/956, in force)"
Iron & Steel,7220 90 80,,"Flat-rolled products of stainless steel, of a width of < 600 mm, hot-rolled or cold-rolled ""cold-reduced"" and further worked, non-perforated",,"Existing CBAM scope (Reg. 2023/956, in force)"
Iron & Steel,7221 00 10,,"Bars and rods of stainless steel, hot-rolled, in irregularly wound coils, containing by weight ≥ 2,5 % nickel",,"Existing CBAM scope (Reg. 2023/956, in force)"
Iron & Steel,7221 00 90,,"Bars and rods of stainless steel, hot-rolled, in irregularly wound coils, containing by weight < 2,5 % nickel",,"Existing CBAM scope (Reg. 2023/956, in force)"
Iron & Steel,7222 11 11,,"Bars and rods of stainless steel, not further worked than hot-rolled, hot-drawn or extruded, of circular cross-section of a diameter of ≥ 800 mm, containing by weight ≥ 2,5 % nickel",,"Existing CBAM scope (Reg. 2023/956, in force)"
Iron & Steel,7222 11 19,,"Bars and rods of stainless steel, not further worked than hot-rolled, hot-drawn or extruded, of circular cross-section of a diameter of ≥ 800 mm, containing by weight < 2,5 % nickel",,"Existing CBAM scope (Reg. 2023/956, in force)"
Iron & Steel,7222 11 81,,"Bars and rods of stainless steel, not further worked than hot-rolled, hot-drawn or extruded, of circular cross-section measuring < 80 mm and containing by weight ≥ 2,5 % nickel",,"Existing CBAM scope (Reg. 2023/956, in force)"
Iron & Steel,7222 11 89,,"Bars and rods of stainless steel, not further worked than hot-rolled, hot-drawn or extruded, of circular cross-section measuring < 80 mm and containing by weight < 2,5 % nickel",,"Existing CBAM scope (Reg. 2023/956, in force)"
Iron & Steel,7222 19 10,,"Bars and rods of stainless steel, not further worked than hot-rolled, hot-drawn or extruded, containing by weight ≥ 2,5 % nickel (excl. such products of circular cross-section)",,"Existing CBAM scope (Reg. 2023/956, in force)"
Iron & Steel,7222 19 90,,"Bars and rods of stainless steel, not further worked than hot-rolled, hot-drawn or extruded, containing by weight < 2,5 % nickel (excl. such products of circular cross-section)",,"Existing CBAM scope (Reg. 2023/956, in force)"
Iron & Steel,7222 20 11,,"Bars and rods of stainless steel, of circular cross-section of a diameter ≥ 80 mm, simply cold-formed or cold-finished, containing by weight ≥ 2,5 % nickel",,"Existing CBAM scope (Reg. 2023/956, in force)"
Iron & Steel,7222 20 19,,"Bars and rods of stainless steel, of circular cross-section of a diameter ≥ 80 mm, simply cold-formed or cold-finished, containing by weight < 2,5 % nickel",,"Existing CBAM scope (Reg. 2023/956, in force)"
Iron & Steel,7222 20 21,,"Bars and rods of stainless steel, not further worked than cold-formed or cold-finished, of circular cross-section measuring ≥ 25 mm but < 80 mm and containing by weight ≥ 2,5 % nickel",,"Existing CBAM scope (Reg. 2023/956, in force)"
Iron & Steel,7222 20 29,,"Bars and rods of stainless steel, not further worked than cold-formed or cold-finished, of circular cross-section measuring ≥ 25 mm but < 80 mm and containing by weight < 2,5 % nickel",,"Existing CBAM scope (Reg. 2023/956, in force)"
Iron & Steel,7222 20 31,,"Bars and rods of stainless steel, not further worked than cold-formed or cold-finished, of circular cross-section measuring < 25 mm and containing by weight ≥ 2,5 % nickel",,"Existing CBAM scope (Reg. 2023/956, in force)"
Iron & Steel,7222 20 39,,"Bars and rods of stainless steel, not further worked than cold-formed or cold-finished, of circular cross-section measuring < 25 mm and containing by weight < 2,5 % nickel",,"Existing CBAM scope (Reg. 2023/956, in force)"
Iron & Steel,7222 20 81,,"Bars and rods of stainless steel, not further worked than cold-formed or cold-finished, containing by weight ≥ 2,5 % nickel (excl. such products of circular cross-section)",,"Existing CBAM scope (Reg. 2023/956, in force)"
Iron & Steel,7222 20 89,,"Bars and rods of stainless steel, not further worked than cold-formed or cold-finished, containing by weight < 2,5 % nickel (excl. such products of circular cross-section)",,"Existing CBAM scope (Reg. 2023/956, in force)"
Iron & Steel,7222 30 51,,"Other bars and rods of stainless steel, containing by weight ≥ 2,5 % of nickel, forged",,"Existing CBAM scope (Reg. 2023/956, in force)"
Iron & Steel,7222 30 91,,"Other bars and rods of stainless steel, containing by weight < 2,5 % of nickel, forged",,"Existing CBAM scope (Reg. 2023/956, in force)"
Iron & Steel,7222 30 97,,"Bars and rods of stainless steel, cold-formed or cold-finished and further worked, or hot-formed and further worked, n.e.s. (excl. forged products)",,"Existing CBAM scope (Reg. 2023/956, in force)"
Iron & Steel,7222 40 10,,"Angles, shapes and sections of stainless steel, only hot-rolled, only hot-drawn or only extruded",,"Existing CBAM scope (Reg. 2023/956, in force)"
Iron & Steel,7222 40 50,,"Angles, shapes and sections of stainless steel, not further worked than cold-formed or cold-finished",,"Existing CBAM scope (Reg. 2023/956, in force)"
Iron & Steel,7222 40 90,,"Angles, shapes and sections of stainless steel, cold-formed or cold-finished and further worked, or not further worked than forged, or forged, or hot-formed by other means and further worked, n.e.s.",,"Existing CBAM scope (Reg. 2023/956, in force)"
Iron & Steel,7223 00 11,,"Wire of stainless steel, in coils, containing by weight 28 % to 31 % nickel and 20 % to 22 % chromium (excl. bars and rods)",,"Existing CBAM scope (Reg. 2023/956, in force)"
Iron & Steel,7223 00 19,,"Wire of stainless steel, in coils, containing by weight ≥ 2,5 % nickel (excl. such products containing 28 % to 31 % nickel and 20 % to 22 % chromium, and bars and rods)",,"Existing CBAM scope (Reg. 2023/956, in force)"
Iron & Steel,7223 00 91,,"Wire of stainless steel, in coils, containing by weight < 2,5 % nickel, 13 % to 25 % chromium and 3,5 % to 6 % aluminium (excl. bars and rods)",,"Existing CBAM scope (Reg. 2023/956, in force)"
Iron & Steel,7223 00 99,,"Wire of stainless steel, in coils, containing by weight < 2,5 % nickel (excl. such products containing 13 % to 25 % chromium and 3,5 % to 6 % aluminium, and bars and rods)",,"Existing CBAM scope (Reg. 2023/956, in force)"
Iron & Steel,7224 10 10,,"Ingots and other primary forms, of tool steel",,"Existing CBAM scope (Reg. 2023/956, in force)"
Iron & Steel,7224 10 90,,"Steel, alloy, other than stainless, in ingots or other primary forms (excl. of tool steel, waste and scrap in ingot form and products obtained by continuous casting)",,"Existing CBAM scope (Reg. 2023/956, in force)"
Iron & Steel,7224 90 02,,Semi-finished products of tool steel,,"Existing CBAM scope (Reg. 2023/956, in force)"
Iron & Steel,7224 90 03,,"Semi-finished products of high-speed steel, of square or rectangular cross-section, hot-rolled or obtained by continuous casting the width measuring < twice the thickness",,"Existing CBAM scope (Reg. 2023/956, in force)"
Iron & Steel,7224 90 05,,"Semi-finished products of steel containing by weight ≤ 0,7 % of carbon, 0,5 % to 1,2 % of manganese, 0,6 % to 2,3 % of silicon, or of steel containing by weight ≥ 0,0008 % of boron with any other element < the minimum content referred to in Note 1 f to chapter 72, of square or rectangular cross-section, hot rolled or obtained by continuous casting, the width measuring < twice the thickness",,"Existing CBAM scope (Reg. 2023/956, in force)"
Iron & Steel,7224 90 07,,"Semi-finished products of alloy steel other than stainless steel, of square or rectangular cross-section, hot-rolled or obtained by continuous casting, the width measuring < twice the thickness (excl. of tool steel, high-speed steel and articles of subheading 7224 90 05 )",,"Existing CBAM scope (Reg. 2023/956, in force)"
Iron & Steel,7224 90 14,,"Semi-finished products of alloy steel other than stainless steel, of square or rectangular cross-section, hot-rolled or obtained by continuous casting, the width measuring ≥ twice the thickness (excl. of tool steel)",,"Existing CBAM scope (Reg. 2023/956, in force)"
Iron & Steel,7224 90 18,,"Semi-finished products of alloy steel other than stainless steel, of square or rectangular cross-section, forged (excl. of tool steel)",,"Existing CBAM scope (Reg. 2023/956, in force)"
Iron & Steel,7224 90 31,,"Semi-finished products of steel containing by weight 0,9 % to 1,15 % carbon, 0,5 % to 2 % of chromium and, if present, ≤ 0,5 % of molybdenum, cut into shapes other than square or rectangular, hot-rolled or obtained by continuous casting",,"Existing CBAM scope (Reg. 2023/956, in force)"
Iron & Steel,7224 90 38,,"Semi-finished products of alloy steel, other than stainless steel, cut into shapes other than square or rectangular, hot-rolled or obtained by continuous casting (excl. of tool steel and products containing by weight 0,9 % to 1,15 % of carbon, 0,5 % to 2 % of chromium and, if present, ≤ 0,5 % of molybdenum)",,"Existing CBAM scope (Reg. 2023/956, in force)"
Iron & Steel,7224 90 90,,"Semi-finished products of alloy steel, other than stainless steel, forged (excl. of tool steel and products of square or rectangular, circular or polygamol cross-section)",,"Existing CBAM scope (Reg. 2023/956, in force)"
Iron & Steel,7225 11 00,,"Flat-rolled products of silicon-electrical steel, of a width of ≥ 600 mm, grain-oriented",,"Existing CBAM scope (Reg. 2023/956, in force)"
Iron & Steel,7225 19 10,,"Flat-rolled products of silicon-electrical steel, of a width of ≥ 600 mm, hot-rolled",,"Existing CBAM scope (Reg. 2023/956, in force)"
Iron & Steel,7225 19 90,,"Flat-rolled products of silicon-electrical steel, of a width of ≥ 600 mm, cold-rolled ""cold-reduced"", non-grain-oriented",,"Existing CBAM scope (Reg. 2023/956, in force)"
Iron & Steel,7225 30 10,,"Flat-rolled products of tool steel, of a width of ≥ 600 mm, not further worked than hot-rolled, in coils",,"Existing CBAM scope (Reg. 2023/956, in force)"
Iron & Steel,7225 30 30,,"Flat-rolled products of high-speed steel, of a width of ≥ 600 mm, not further worked than hot-rolled, in coils",,"Existing CBAM scope (Reg. 2023/956, in force)"
Iron & Steel,7225 30 90,,"Flat-rolled products of alloy steel other than stainless, of a width of ≥ 600 mm, not further worked than hot-rolled, in coils (excl. products of tool steel, high-speed steel or silicon-electrical steel)",,"Existing CBAM scope (Reg. 2023/956, in force)"
Iron & Steel,7225 40 12,,"Flat-rolled products of tool steel, of a width of ≥ 600 mm, not further worked than hot-rolled, not in coils",,"Existing CBAM scope (Reg. 2023/956, in force)"
Iron & Steel,7225 40 15,,"Flat-rolled products of high-speed steel, of a width of ≥ 600 mm, not further worked than hot-rolled, not in coils",,"Existing CBAM scope (Reg. 2023/956, in force)"
Iron & Steel,7225 40 40,,"Flat-rolled products of alloy steel other than stainless, of a width of ≥ 600 mm, not further worked than hot-rolled, not in coils, of a thickness of > 10 mm (excl. products of tool steel, high-speed steel or silicon-electrical steel)",,"Existing CBAM scope (Reg. 2023/956, in force)"
Iron & Steel,7225 40 60,,"Flat-rolled products of alloy steel other than stainless, of a width of ≥ 600 mm, not further worked than hot-rolled, not in coils, of a thickness of ≥ 4,75 mm but ≤ 10 mm (excl. products of tool steel, high-speed steel or silicon-electrical steel)",,"Existing CBAM scope (Reg. 2023/956, in force)"
Iron & Steel,7225 40 90,,"Flat-rolled products of alloy steel other than stainless, of a width of ≥ 600 mm, not further worked than hot-rolled, not in coils, of a thickness of < 4,75 mm (excl. products of tool steel, high-speed steel or silicon-electrical steel)",,"Existing CBAM scope (Reg. 2023/956, in force)"
Iron & Steel,7225 50 20,,"Flat-rolled products of high-speed steel, of a width of ≥ 600 mm, not further worked than cold-rolled ""cold-reduced""",,"Existing CBAM scope (Reg. 2023/956, in force)"
Iron & Steel,7225 50 80,,"Flat-rolled products of alloy steel other than stainless, of a width of ≥ 600 mm, not further worked than cold-rolled ""cold-reduced"" (excl. products of high-speed steel or silicon-electrical steel)",,"Existing CBAM scope (Reg. 2023/956, in force)"
Iron & Steel,7225 91 00,,"Flat-rolled products of alloy steel other than stainless, of a width of ≥ 600 mm, hot-rolled or cold-rolled ""cold-reduced"" and electrolytically plated or coated with zinc (excl. products of silicon-electrical steel)",,"Existing CBAM scope (Reg. 2023/956, in force)"
Iron & Steel,7225 92 00,,"Flat-rolled products of alloy steel other than stainless, of a width of ≥ 600 mm, hot-rolled or cold-rolled ""cold-reduced"" and plated or coated with zinc (excl. electrolytically plated or coated and products of silicon-electrical steel)",,"Existing CBAM scope (Reg. 2023/956, in force)"
Iron & Steel,7225 99 00,,"Flat-rolled products of alloy steel other than stainless, of a width of ≥ 600 mm, hot-rolled or cold-rolled ""cold-reduced"" and further worked (excl. plated or coated with zinc and products of silicon-electrical steel)",,"Existing CBAM scope (Reg. 2023/956, in force)"
Iron & Steel,7226 11 00,,"Flat-rolled products of silicon-electrical steel, of a width of < 600 mm, hot-rolled or cold-rolled ""cold-reduced"", grain-oriented",,"Existing CBAM scope (Reg. 2023/956, in force)"
Iron & Steel,7226 19 10,,"Flat-rolled products of silicon-electrical steel, of a width of < 600 mm, not further worked than hot-rolled",,"Existing CBAM scope (Reg. 2023/956, in force)"
Iron & Steel,7226 19 80,,"Flat-rolled products of silicon-electrical steel, of a width of < 600 mm, cold-rolled ""cold-reduced"", whether or not further worked, or hot-rolled and further worked, non-grain-oriented",,"Existing CBAM scope (Reg. 2023/956, in force)"
Iron & Steel,7226 20 00,,"Flat-rolled products of high-speed steel, of a width of ≤ 600 mm, hot-rolled or cold-rolled ""cold-reduced""",,"Existing CBAM scope (Reg. 2023/956, in force)"
Iron & Steel,7226 91 20,,"Flat-rolled products of tool steel, of a width of < 600 mm, simply hot-rolled",,"Existing CBAM scope (Reg. 2023/956, in force)"
Iron & Steel,7226 91 91,,"Flat-rolled products of alloy steel other than stainless steel, simply hot-rolled, of a thickness of ≥ 4,75 mm, of a width of < 600 mm (excl. of tool steel, silicon-electrical steel or high speed steel)",,"Existing CBAM scope (Reg. 2023/956, in force)"
Iron & Steel,7226 91 99,,"Flat-rolled products of alloy steel other than stainless steel, simply hot-rolled, of a thickness of < 4,75 mm, of a width of < 600 mm (excl. of tool steel, silicon-electrical steel or high speed steel)",,"Existing CBAM scope (Reg. 2023/956, in force)"
Iron & Steel,7226 92 00,,"Flat-rolled products of alloy steel other than stainless, of a width of < 600 mm, not further worked than cold-rolled ""cold-reduced"" (excl. products of high-speed steel or silicon-electrical steel)",,"Existing CBAM scope (Reg. 2023/956, in force)"
Iron & Steel,7226 99 10,,"Flat-rolled products of alloy steel other than stainless, of a width of < 600 mm, hot-rolled or cold-rolled ""cold-reduced"" and electrolytically plated or coated with zinc (excl. products of high-speed steel or silicon-electrical steel)",,"Existing CBAM scope (Reg. 2023/956, in force)"
Iron & Steel,7226 99 30,,"Flat-rolled products of alloy steel other than stainless, of a width of < 600 mm, hot-rolled or cold-rolled ""cold-reduced"" and plated or coated with zinc (excl. electrolytically plated or coated, and products of high-speed steel or silicon-electrical steel)",,"Existing CBAM scope (Reg. 2023/956, in force)"
Iron & Steel,7226 99 70,,"Flat-rolled products of alloy steel other than stainless, of a width of < 600 mm, hot-rolled or cold-rolled ""cold-reduced"" and further worked (excl. plated or coated with zinc, and products of high-speed steel or silicon-electrical steel)",,"Existing CBAM scope (Reg. 2023/956, in force)"
Iron & Steel,7227 10 00,,"Bars and rods of high-speed steel, hot-rolled, in irregularly wound coils",,"Existing CBAM scope (Reg. 2023/956, in force)"
Iron & Steel,7227 20 00,,"Bars and rods of silico-manganese steel, hot-rolled, in irregularly wound coils",,"Existing CBAM scope (Reg. 2023/956, in force)"
Iron & Steel,7227 90 10,,"Bars and rods, hot-rolled, of steel containing by weight ≥ 0,0008 % of boron with any other element < the minimum content referred to in Note 1 f to this chapter, in irregularly wound coils",,"Existing CBAM scope (Reg. 2023/956, in force)"
Iron & Steel,7227 90 50,,"Bars and rods, hot-rolled, of steel containing by weight 0,9 % to 1,15 % carbon, 0,5 % to 2 % of chromium and, if present, ≤ 0,5 of molybdenum, in irregularly wound coils",,"Existing CBAM scope (Reg. 2023/956, in force)"
Iron & Steel,7227 90 95,,"Bars and rods, hot-rolled, in irregularly wound coils of alloy steel other than stainless (excl. of high-speed steel or silico-manganese steel and bars and rods of subheadings 7227 90 10 and 7227 90 50 )",,"Existing CBAM scope (Reg. 2023/956, in force)"
Iron & Steel,7228 10 20,,"Bars and rods of high-speed steel, not further worked than hot-rolled, hot-drawn or extruded, and hot-rolled, hot-drawn or extruded, not further worked than clad (excl. semi-finished products, flat-rolled products and hot-rolled bars and rods in irregularly wound coils)",,"Existing CBAM scope (Reg. 2023/956, in force)"
Iron & Steel,7228 10 50,,"Bars and rods of high-speed steel, forged (excl. semi-finished products, flat-rolled products and hot-rolled bars and rods in irregularly wound coils)",,"Existing CBAM scope (Reg. 2023/956, in force)"
Iron & Steel,7228 10 90,,"Bars and rods of high-speed steel, not further worked than cold-formed or cold-finished, whether or not further worked, or hot-formed and further worked (excl. forged products, semi-finished products, flat-rolled products and hot-rolled bars and rods in irregularly wound coils)",,"Existing CBAM scope (Reg. 2023/956, in force)"
Iron & Steel,7228 20 10,,"Bars and rods of silico-manganese steel, of rectangular ""other than square"" cross-section, hot-rolled on four faces (excl. semi-finished products, flat-rolled products and hot-rolled bars and rods in irregularly wound coils)",,"Existing CBAM scope (Reg. 2023/956, in force)"
Iron & Steel,7228 20 91,,"Bars and rods of silico-manganese steel, of square or other than rectangular cross-section, not further worked than hot-rolled, hot-drawn or extruded, and hot-rolled, hot-drawn or extruded, not further worked than clad (excl. semi-finished products, flat-rolled products and hot-rolled bars and rods in irregularly wound coils)",,"Existing CBAM scope (Reg. 2023/956, in force)"
Iron & Steel,7228 20 99,,"Bars and rods of silico-manganese stee, of square or other than rectangular cross-section, only cold-formed or cold-finished, incl. further worked, or hot-rolled and further worked (excl. hot-rolled, hot drawn or extruded, not further worked than clad, semi-finished products, flat-rolled products and hot-rolled bars and rods in irregularly wound coils)",,"Existing CBAM scope (Reg. 2023/956, in force)"
Iron & Steel,7228 30 20,,"Bars and rods of tool steel, only hot-rolled, only hot-drawn or only extruded (excl. semi-finished products, flat-rolled products and hot-rolled bars and rods in irregularly wound coils)",,"Existing CBAM scope (Reg. 2023/956, in force)"
Iron & Steel,7228 30 41,,"Bars and rods of steel containing by weight 0,9 to 1,15 % of carbon and 0,5 to 2 % of chromium, and, if present, ≤ 0,5 % of molybdenum, only hot-rolled, hot-drawn or hot-extruded, of a circular cross-section of a diameter of ≥ 80 mm (excl. semi-finished products, flat-rolled products and hot-rolled bars and rods in irregularly wound coils)",,"Existing CBAM scope (Reg. 2023/956, in force)"
Iron & Steel,7228 30 49,,"Bars and rods of steel containing by weight 0,9 to 1,15 % of carbon and 0,5 to 2 % of chromium, and, if present, ≤ 0,5 % of molybdenum, only hot-rolled, only hot-drawn or hot-extruded (other than of circular cross-section, of a diameter of ≥ 80 mm and excl. semi-finished products, flat-rolled products and hot-rolled bars and rods in irregularly wound coils)",,"Existing CBAM scope (Reg. 2023/956, in force)"
Iron & Steel,7228 30 61,,"Bars and rods of alloy steel other than stainless steel, only hot-rolled, hot-drawn or hot-extruded, of circular cross-section, of a diameter of ≥ 80 mm (other than of high-speed steel, silico-manganese steel, tool steel, articles of subheading 7228 30 41 and excl. semi-finished products, flat-rolled products and hot-rolled bars and rods in irregularly wound coils)",,"Existing CBAM scope (Reg. 2023/956, in force)"
Iron & Steel,7228 30 69,,"Bars and rods or alloy steel other than stainless steel, only hot-rolled, hot-drawn or hot-extruded, of circular cross-section, of a diameter of < 80 mm (other than of high-speed steel, silico-manganese steel, tool steel and articles of subheading 7228 30 49 and excl. semi-finished products, flat-rolled products and hot-rolled bars and rods in irregularly wound coils)",,"Existing CBAM scope (Reg. 2023/956, in force)"
Iron & Steel,7228 30 70,,"Bars and rods of alloy steel other than stainless steel, of rectangular ""other than square"" cross-section, hot-rolled on four faces (other than of high-speed steel, silico-manganese steel, tool steel, articles of subheading 7228 30 41 and 7228 30 49 and excl. semi-finished products, flat-rolled products and hot-rolled bars and rods in irregularly wound coils)",,"Existing CBAM scope (Reg. 2023/956, in force)"
Iron & Steel,7228 30 89,,"Bars and rods of alloy steel other than stainless steel, only hot-rolled, hot-drawn or hot-extruded, of other than rectangular [other than square] cross-section, rolled on four faces, or of circular cross-section (other than of high-speed steel, silico-manganese steel, tool steel, articles of subheading 7228 30 49 and excl. semi-finished products, flat-rolled products and hot-rolled bars and rods in irregularly wound coils)",,"Existing CBAM scope (Reg. 2023/956, in force)"
Iron & Steel,7228 40 10,,"Bars and rods of tool steel, only forged (excl. semi-finished products, flat-rolled products and hot-rolled bars and rods in irregularly wound coils)",,"Existing CBAM scope (Reg. 2023/956, in force)"
Iron & Steel,7228 40 90,,"Bars and rods of alloy steel, other than stainless steel, only forged (excl. of high-speed steel, silico-manganese steel, tool steel, semi-finished products, flat-rolled products and hot-rolled bars and rods in irregularly wound coils)",,"Existing CBAM scope (Reg. 2023/956, in force)"
Iron & Steel,7228 50 20,,"Bars and rods of tool steel, only cold-formed or cold-finished (excl. semi-finished products, flat-rolled products and hot-rolled bars and rods in irregularly wound coils)",,"Existing CBAM scope (Reg. 2023/956, in force)"
Iron & Steel,7228 50 40,,"Bars and rods of steel containing 0,9 % to 1,15 % of carbon, 0,5 % to 2 % of chromium and, if present ≤ 0,5 % of molybdenum, only cold-formed or cold-finished (excl. semi-finished products, flat-rolled products and hot-rolled bars and rods in irregularly wound coils)",,"Existing CBAM scope (Reg. 2023/956, in force)"
Iron & Steel,7228 50 61,,"Bars and rods of alloy steel, other than stainless steel, not further worked than cold-formed or cold-finished, of circular cross-section, of a diameter of ≥ 80 mm (excl. of high-speed steel, silico-manganese steel, tool steel, articles of subheading 7228 50 40 , semi-finished products, flat-rolled products and hot-rolled bars and rods in irregularly wound coils)",,"Existing CBAM scope (Reg. 2023/956, in force)"
Iron & Steel,7228 50 69,,"Bars and rods of alloy steel, other than stainless steel, not further worked than cold-formed or cold-finished, of circular cross-section, of a diameter of < 80 mm (excl. of high-speed steel, silico-manganese steel, tool steel, articles of subheading 7228 50 40 , semi-finished products, flat-rolled products and hot-rolled bars and rods in irregularly wound coils)",,"Existing CBAM scope (Reg. 2023/956, in force)"
Iron & Steel,7228 50 80,,"Bars and rods of alloy steel, other than stainless steel, not further worked than cold-formed or cold-finished (excl. of circular cross-section and products of high-speed steel, silico-manganese steel, tool steel, articles of subheading 7228 50 40 , semi-finished products, flat-rolled products and hot-rolled bars and rods in irregularly wound coils)",,"Existing CBAM scope (Reg. 2023/956, in force)"
Iron & Steel,7228 60 20,,"Bars and rods of tool steel, cold-formed or cold-finished and further worked or hot-formed and further worked (excl. semi-finished products, flat-rolled products and hot-rolled bars and rods in irregularly wound coils)",,"Existing CBAM scope (Reg. 2023/956, in force)"
Iron & Steel,7228 60 80,,"Bars and rods of alloy steel, other than stainless steel, cold-formed or cold-finished and further worked or hot-formed and further worked (excl. bars and rods of high-speed steel, silico-manganese steel or tool steel, semi-finished products, flat-rolled products and hot-rolled bars and rods in irregularly wound coils)",,"Existing CBAM scope (Reg. 2023/956, in force)"
Iron & Steel,7228 70 10,,"Angles, shapes and sections of alloy steel other than stainless, not further worked than hot-rolled, hot-drawn or extruded",,"Existing CBAM scope (Reg. 2023/956, in force)"
Iron & Steel,7228 70 90,,"Angles, shapes and sections of alloy steel other than stainless, n.e.s. (excl. products not further worked than hot-rolled, hot-drawn or extruded)",,"Existing CBAM scope (Reg. 2023/956, in force)"
Iron & Steel,7228 80 00,,"Hollow drill bars and rods, of alloy or non-alloy steel",,"Existing CBAM scope (Reg. 2023/956, in force)"
Iron & Steel,7229 20 00,,"Wire of silico-manganese steel, in coils (excl. bars and rods)",,"Existing CBAM scope (Reg. 2023/956, in force)"
Iron & Steel,7229 90 20,,"Wire of high-speed steel, in coils (excl. bars and rods)",,"Existing CBAM scope (Reg. 2023/956, in force)"
Iron & Steel,7229 90 50,,"Wire of steel containing by weight 0,9 % to 1,1 % of carbon, 0,5 % to 2 % of chromium and, if present, ≤ 0,5 % of molybdenum, in coils (excl. rolled bars and rods)",,"Existing CBAM scope (Reg. 2023/956, in force)"
Iron & Steel,7229 90 90,,"Wire of alloy steel other than stainless, in coils (excl. rolled bars and rods, wire of high-speed steel or silico-manganese steel and articles of subheading 7229 90 50 )",,"Existing CBAM scope (Reg. 2023/956, in force)"
Iron & Steel,7301 10 00,,"Sheet piling of iron or steel, whether or not drilled, punched or made from assembled elements",,"Existing CBAM scope (Reg. 2023/956, in force)"
Iron & Steel,7301 20 00,,"Angles, shapes and sections, of iron or steel, welded",,"Existing CBAM scope (Reg. 2023/956, in force)"
Iron & Steel,7302 10 10,,"Current-conducting rails of iron or steel, with parts of non-ferrous metal, for railway or tramway track (excl. check-rails)",,"Existing CBAM scope (Reg. 2023/956, in force)"
Iron & Steel,7302 10 22,,"Vignole rails of iron or steel, for railway or tramway track, new, of a weight of ≥ 36 kg/m",,"Existing CBAM scope (Reg. 2023/956, in force)"
Iron & Steel,7302 10 28,,"Vignole rails of iron or steel, for railway or tramway track, new, of a weight of < 36 kg/m",,"Existing CBAM scope (Reg. 2023/956, in force)"
Iron & Steel,7302 10 40,,"Grooved rails of iron or steel, for railway or tramway track, new",,"Existing CBAM scope (Reg. 2023/956, in force)"
Iron & Steel,7302 10 50,,"Rails of iron or steel, for railway or tramway track, new (excl. vignole rails, grooved rails, and current-conducting rails with parts of non-ferrous metal)",,"Existing CBAM scope (Reg. 2023/956, in force)"
Iron & Steel,7302 10 90,,"Rails of iron or steel, for railway or tramway track, used (excl. current-conducting rails with parts of non-ferrous metal)",,"Existing CBAM scope (Reg. 2023/956, in force)"
Iron & Steel,7302 30 00,,"Switch blades, crossing frogs, point rods and other crossing pieces, for railway or tramway track, of iron or steel",,"Existing CBAM scope (Reg. 2023/956, in force)"
Iron & Steel,7302 40 00,,"Fish-plates and sole plates of iron or steel, for railways or tramways",,"Existing CBAM scope (Reg. 2023/956, in force)"
Iron & Steel,7302 90 00,,"Sleepers ""cross-ties"", check-rails, rack rails, chairs, chair wedges, rail clips, bedplates and ties and other specialised material for the jointing or fixing of railway or tramway track, of iron or steel (excl. rails, switch blades, crossing frogs, point rods and other crossing pieces, and fish-plates and sole plates)",,"Existing CBAM scope (Reg. 2023/956, in force)"
Iron & Steel,7303 00 10,,"Tubes and pipes of a kind used in pressure systems, of cast iron",,"Existing CBAM scope (Reg. 2023/956, in force)"
Iron & Steel,7303 00 90,,"Tubes, pipes and hollow profiles, of cast iron (excl. products of a kind used in pressure systems)",,"Existing CBAM scope (Reg. 2023/956, in force)"
Iron & Steel,7304 11 00,,"Line pipe of a kind used for oil or gas pipelines, seamless, of stainless steel",,"Existing CBAM scope (Reg. 2023/956, in force)"
Iron & Steel,7304 19 10,,"Line pipe of a kind used for oil or gas pipelines, seamless, of iron or steel, of an external diameter of ≤ 168,3 mm (excl. products of stainless steel or of cast iron)",,"Existing CBAM scope (Reg. 2023/956, in force)"
Iron & Steel,7304 19 30,,"Line pipe of a kind used for oil or gas pipelines, seamless, of iron or steel, of an external diameter of > 168,3 mm but ≤ 406,4 mm (excl. products of stainless steel or of cast iron)",,"Existing CBAM scope (Reg. 2023/956, in force)"
Iron & Steel,7304 19 90,,"Line pipe of a kind used for oil or gas pipelines, seamless, of iron or steel, of an external diameter of > 406,4 mm (excl. products of stainless steel or of cast iron)",,"Existing CBAM scope (Reg. 2023/956, in force)"
Iron & Steel,7304 22 00,,"Drill pipe, seamless, of stainless steel, of a kind used in drilling for oil or gas",,"Existing CBAM scope (Reg. 2023/956, in force)"
Iron & Steel,7304 23 00,,"Drill pipe, seamless, of a kind used in drilling for oil or gas, of iron or steel (excl. products of stainless steel or of cast iron)",,"Existing CBAM scope (Reg. 2023/956, in force)"
Iron & Steel,7304 24 00,,"Casing and tubing, seamless, of a kind used for drilling for oil or gas, of stainless steel",,"Existing CBAM scope (Reg. 2023/956, in force)"
Iron & Steel,7304 29 10,,"Casing and tubing of a kind used for drilling for oil or gas, seamless, of iron or steel, of an external diameter ≤ 168,3 mm (excl. products of cast iron)",,"Existing CBAM scope (Reg. 2023/956, in force)"
Iron & Steel,7304 29 30,,"Casing and tubing of a kind used for drilling for oil or gas, seamless, of iron or steel, of an external diameter > 168,3 mm, but ≤ 406,4 mm (excl. products of cast iron)",,"Existing CBAM scope (Reg. 2023/956, in force)"
Iron & Steel,7304 29 90,,"Casing and tubing of a kind used for drilling for oil or gas, seamless, of iron or steel, of an external diameter > 406,4 mm (excl. products of cast iron)",,"Existing CBAM scope (Reg. 2023/956, in force)"
Iron & Steel,7304 31 20,,"Precision tubes, seamless, of circular cross-section, of iron or non-alloy steel, cold-drawn or cold-rolled ""cold-reduced"" (excl. line pipe of a kind used for oil or gas pipelines or casing and tubing of a kind used for drilling for oil or gas)",,"Existing CBAM scope (Reg. 2023/956, in force)"
Iron & Steel,7304 31 80,,"Tubes, pipes and hollow profiles, seamless, of circular cross-section, of iron or non-alloy steel, cold-drawn or cold-rolled ""cold-reduced"" (excl. cast iron products, line pipe of a kind used for oil or gas pipelines, casing and tubing of a kind used for drilling for oil or gas and precision tubes)",,"Existing CBAM scope (Reg. 2023/956, in force)"
Iron & Steel,7304 39 50,,"Threaded or threadable tubes ""gas pipe"", seamless, of iron or non-alloy steel (excl. of cast iron)",,"Existing CBAM scope (Reg. 2023/956, in force)"
Iron & Steel,7304 39 82,,"Tubes, pipes and hollow profiles, seamless, of circular cross-section, of iron or non-alloy steel, of an external diameter of ≤ 168,3 mm (excl. cold-drawn or cold-rolled, of cast iron, line pipe of a kind used for oil or gas pipelines, casing, tubing and drill pipe of a kind used in drilling for oil or gas and tubes, and gas pipes of subheading 7304 39 50 )",,"Existing CBAM scope (Reg. 2023/956, in force)"
Iron & Steel,7304 39 83,,"Tubes, pipes and hollow profiles, seamless, of circular cross-section, of iron or non-alloy steel, of an external diameter of > 168,3 mm but ≤ 406,4 mm (excl. cold-drawn or cold-rolled, of cast iron, line pipe of a kind used for oil or gas pipelines, casing, tubing and drill pipe of a kind used in drilling for oil or gas and tubes, and gas pipes of subheading 7304 39 50 )",,"Existing CBAM scope (Reg. 2023/956, in force)"
Iron & Steel,7304 39 88,,"Tubes, pipes and hollow profiles, seamless, of circular cross-section, of iron or non-alloy steel, of an external diameter of > 406,4 mm (excl. cold-drawn or cold-rolled, of cast iron, line pipe of a kind used for oil or gas pipelines, casing, tubing and drill pipe of a kind used in drilling for oil or gas and tubes, and gas pipes of subheading 7304 39 50 )",,"Existing CBAM scope (Reg. 2023/956, in force)"
Iron & Steel,7304 41 00,,"Tubes, pipes and hollow profiles, seamless, of circular cross-section, of stainless steel, cold-drawn or cold-rolled ""cold-reduced"" (excl. line pipe of a kind used for oil or gas pipelines, casing and tubing of a kind used for drilling for oil or gas)",,"Existing CBAM scope (Reg. 2023/956, in force)"
Iron & Steel,7304 49 83,,"Tubes, pipes and hollow profiles, seamless, of circular cross-section, of stainless steel, of an external diameter of ≤ 168,3 mm (excl. cold-drawn or cold-rolled, line pipe of a kind used for oil or gas pipelines, and casing and tubing of a kind used for drilling for oil or gas and tubes)",,"Existing CBAM scope (Reg. 2023/956, in force)"
Iron & Steel,7304 49 85,,"Tubes, pipes and hollow profiles, seamless, of circular cross-section, of stainless steel, of an external diameter of > 168,3 mm but ≤ 406,4 mm (excl. cold-drawn or cold-rolled, line pipe of a kind used for oil or gas pipelines, and casing and tubing of a kind used for drilling for oil or gas and tubes)",,"Existing CBAM scope (Reg. 2023/956, in force)"
Iron & Steel,7304 49 89,,"Tubes, pipes and hollow profiles, seamless, of circular cross-section, of stainless steel, of an external diameter of > 406,4 mm (excl. cold-drawn or cold-rolled, line pipe of a kind used for oil or gas pipelines, and casing and tubing of a kind used for drilling for oil or gas and tubes)",,"Existing CBAM scope (Reg. 2023/956, in force)"
Iron & Steel,7304 51 10,,"Tubes, pipes and hollow profiles, seamless, of circular cross-section, of alloy steel other than stainless, cold-drawn or cold-rolled ""cold-reduced"", straight and of uniform wall-thickness, containing by weight ≥ 0,9 % but ≤ 1,15 % carbon and ≥ 0,5 % but ≤ 2 % chromium, whether or not containing by weight ≤ 0,5 % molybdenum (excl. tubes, pipes and hollow profiles of subheadings 7304 19 to 7304 29 )",,"Existing CBAM scope (Reg. 2023/956, in force)"
Iron & Steel,7304 51 81,,"Precision tubes, seamless, of circular cross-section, of alloy steel other than stainless, cold-drawn or cold-rolled ""cold-reduced"" (excl. line pipe of a kind used for oil or gas pipelines, casing and tubing of a kind used for drilling for oil and tubes, and pipes and hollow profiles, straight and of uniform wall-thickness, containing by weight ≥ 0,9 % but ≤ 1,15 % carbon and ≥ 0,5 % but ≤ 2 % chrome, whether or not containing by weight ≤ 0,5 % molybdenum)",,"Existing CBAM scope (Reg. 2023/956, in force)"
Iron & Steel,7304 51 89,,"Tubes, pipes and hollow profiles, seamless, of circular cross-section, of alloy steel other than stainless, not cold-drawn or cold-rolled ""cold-reduced"" (excl. line pipe of a kind used for oil or gas pipelines, casing and tubing of a kind used for drilling for oil, precision tubes, and , pipes and hollow profiles, straight and of uniform wall-thickness, containing by weight ≥ 0,9 % but ≤ 1,15 % carbon and ≥ 0,5 % but ≤ 2 % chrome, whether or not containing by weight ≤ 0,5 % molybdenum)",,"Existing CBAM scope (Reg. 2023/956, in force)"
Iron & Steel,7304 59 30,,"Tubes, pipes and hollow profiles of alloy steel (excl. stainless), seamless, of circular cross-section (not cold-drawn or cold-rolled), straight and of uniform wall-thickness, containing by weight ≥ 0,9 % but ≤ 1,15 % carbon and ≥ 0,5 % but ≤ 2 % chromium, whether or not containing by weight ≤ 0,5 % molybdenum (excl. tubes, pipes and hollow profiles of subheadings 7304 19 to 7304 29 )",,"Existing CBAM scope (Reg. 2023/956, in force)"
Iron & Steel,7304 59 82,,"Tubes, pipes and hollow profiles, seamless, of circular cross-section, of alloy steel other than stainless, of an external diameter of ≤ 168,3 mm (excl. cold-drawn or cold-rolled, line pipe of a kind used for oil or gas pipelines, casing and tubing of a kind used for drilling for oil or gas, and products of subheading 7304 59 30 )",,"Existing CBAM scope (Reg. 2023/956, in force)"
Iron & Steel,7304 59 83,,"Tubes, pipes and hollow profiles, seamless, of circular cross-section, of alloy steel other than stainless, of an external diameter of > 168,3 mm but ≤ 406,4 mm (excl. cold-drawn or cold-rolled, line pipe of a kind used for oil or gas pipelines, casing and tubing of a kind used for drilling for oil or gas, and products of subheading 7304 59 30 )",,"Existing CBAM scope (Reg. 2023/956, in force)"
Iron & Steel,7304 59 89,,"Tubes, pipes and hollow profiles, seamless, of circular cross-section, of alloy steel other than stainless, of an external diameter of > 406,4 mm (excl. cold-drawn or cold-rolled, line pipe of a kind used for oil or gas pipelines, casing and tubing of a kind used for drilling for oil or gas, and products of subheading 7304 59 30 )",,"Existing CBAM scope (Reg. 2023/956, in force)"
Iron & Steel,7304 90 00,,"Tubes, pipes and hollow profiles, seamless, of non-circular cross-section, of iron or steel (excl. products of cast iron)",,"Existing CBAM scope (Reg. 2023/956, in force)"
Iron & Steel,7305 11 00,,"Line pipe of a kind used for oil or gas pipelines, having circular cross-sections and an external diameter of > 406,4 mm, of iron or steel, longitudinally submerged arc welded",,"Existing CBAM scope (Reg. 2023/956, in force)"
Iron & Steel,7305 12 00,,"Line pipe of a kind used for oil or gas pipelines, having circular cross-sections and an external diameter of > 406,4 mm, of iron or steel, longitudinally arc welded (excl. products longitudinally submerged arc welded)",,"Existing CBAM scope (Reg. 2023/956, in force)"
Iron & Steel,7305 19 00,,"Line pipe of a kind used for oil or gas pipelines, having circular cross-sections and an external diameter of > 406,4 mm, of flat-rolled products of iron or steel (excl. products longitudinally arc welded)",,"Existing CBAM scope (Reg. 2023/956, in force)"
Iron & Steel,7305 20 00,,"Casing of a kind used in drilling for oil or gas, having circular cross-sections and an external diameter of > 406,4 mm, of flat-rolled products of iron or steel",,"Existing CBAM scope (Reg. 2023/956, in force)"
Iron & Steel,7305 31 00,,"Tubes and pipes having circular cross-sections and an external diameter of > 406,4 mm, of iron or steel, longitudinally welded (excl. products of a kind used for oil or gas pipelines or of a kind used in drilling for oil or gas)",,"Existing CBAM scope (Reg. 2023/956, in force)"
Iron & Steel,7305 39 00,,"Tubes and pipes having circular cross-sections and an external diameter of > 406,4 mm, of iron or steel, welded (excl. products longitudinally welded or of a kind used for oil or gas pipelines or of a kind used in drilling for oil or gas)",,"Existing CBAM scope (Reg. 2023/956, in force)"
Iron & Steel,7305 90 00,,"Tubes and pipes having circular cross-sections and an external diameter of > 406,4 mm, of flat-rolled products of iron or steel, welded (excl. welded products or products of a kind used for oil or gas pipelines or of a kind used in drilling for oil or gas)",,"Existing CBAM scope (Reg. 2023/956, in force)"
Iron & Steel,7306 11 00,,"Line pipe of a kind used for oil or gas pipelines, welded, of flat-rolled products of stainless steel, of an external diameter of ≤ 406,4 mm",,"Existing CBAM scope (Reg. 2023/956, in force)"
Iron & Steel,7306 19 00,,"Line pipe of a kind used for oil or gas pipelines, welded, of flat-rolled products of iron or steel, of an external diameter of ≤ 406,4 mm (excl. products of stainless steel or of cast iron)",,"Existing CBAM scope (Reg. 2023/956, in force)"
Iron & Steel,7306 21 00,,"Casing and tubing of a kind used in drilling for oil or gas, welded, of flat-rolled products of stainless steel, of an external diameter of ≤ 406,4 mm",,"Existing CBAM scope (Reg. 2023/956, in force)"
Iron & Steel,7306 29 00,,"Casing and tubing of a kind used in drilling for oil or gas, welded, of flat-rolled products of iron or steel, of an external diameter of ≤ 406,4 mm (excl. products of stainless steel or of cast iron)",,"Existing CBAM scope (Reg. 2023/956, in force)"
Iron & Steel,7306 30 12,,"Precision tubes, welded, of circular cross-section, of iron or non-alloy steel, cold-drawn or cold-rolled ""cold-reduced""",,"Existing CBAM scope (Reg. 2023/956, in force)"
Iron & Steel,7306 30 18,,"Precision tubes, welded, of circular cross-section, of iron or non-alloy steel (excl. cold-drawn or cold-rolled)",,"Existing CBAM scope (Reg. 2023/956, in force)"
Iron & Steel,7306 30 41,,"Threaded or threadable tubes ""gas pipe"", welded, of circular cross-section, of iron or non-alloy steel, plated or coated with zinc",,"Existing CBAM scope (Reg. 2023/956, in force)"
Iron & Steel,7306 30 49,,"Threaded or threadable tubes ""gas pipe"", welded, of circular cross-section, of iron or non-alloy steel (excl. products plated or coated with zinc)",,"Existing CBAM scope (Reg. 2023/956, in force)"
Iron & Steel,7306 30 72,,"Other tubes, pipes and hollow profiles, welded, of circular cross-section, of iron or non-alloy steel, of an external diameter of ≤ 168,3 mm, plated or coated with zinc (excl. line pipe of a kind used for oil or gas pipelines or casing and tubingof a kind used in drilling for oil or gas)",,"Existing CBAM scope (Reg. 2023/956, in force)"
Iron & Steel,7306 30 77,,"Other tubes, pipes and hollow profiles, welded, of circular cross-section, of iron or non-alloy steel of an external diameter of ≤ 168,3 mm (excl. plated or coated with zinc and line pipe of a kind used for oil or gas pipelines, casing and tubing of a kind used in drilling for oil or gas, precision tubes and threaded or threadable tubes ""gas pipe"")",,"Existing CBAM scope (Reg. 2023/956, in force)"
Iron & Steel,7306 30 80,,"Tubes, pipes and hollow profiles, welded, having a circular cross-section, of iron or steel, of an external diameter of > 168,3 mm but ≤ 406,4 mm (excl. line pipe of a kind used for oil or gas pipelines or casing and tubing of a kind used in drilling for oil or gas, or precision steel tubes, electrical conduit tubes or threaded or threadable tubes ""gas pipe"")",,"Existing CBAM scope (Reg. 2023/956, in force)"
Iron & Steel,7306 40 20,,"Tubes, pipes and hollow profiles, welded, of circular cross-section, of stainless steel, cold-drawn or cold-rolled ""cold-reduced"" (excl. products having internal and external circular cross-sections and an external diameter of > 406,4 mm, and line pipe of a kind used for oil or gas pipelines or casing and tubing of a kind used in drilling for oil or gas)",,"Existing CBAM scope (Reg. 2023/956, in force)"
Iron & Steel,7306 40 80,,"Tubes, pipes and hollow profiles, welded, of circular cross-section, of stainless steel (excl. products cold-drawn or cold-rolled ""cold-reduced"", tubes and pipes having internal and external circular cross-sections and an external diameter of > 406,4 mm, and line pipe of a kind used for oil or gas pipelines or casing and tubing of a kind used in drilling for oil or gas)",,"Existing CBAM scope (Reg. 2023/956, in force)"
Iron & Steel,7306 50 21,,"Precision steel tubes, welded, of circular cross-section, of alloy steel other than stainless, cold-drawn or cold-rolled ""cold-reduced""",,"Existing CBAM scope (Reg. 2023/956, in force)"
Iron & Steel,7306 50 29,,"Precision steel tubes, welded, of circular cross-section, of alloy steel other than stainless (excl. cold-drawn or cold-rolled)",,"Existing CBAM scope (Reg. 2023/956, in force)"
Iron & Steel,7306 50 80,,"Tubes, pipes and hollow profiles, welded, of circular cross-section, of alloy steel other than stainless (excl. tubes and pipes having internal and external circular cross-sections and an external diameter of > 406,4 mm, and line pipe of a kind used for oil or gas pipelines or casing and tubing of a kind used in drilling for oil or gas, and precision steel tubes)",,"Existing CBAM scope (Reg. 2023/956, in force)"
Iron & Steel,7306 61 10,,"Tubes and pipes and hollow profiles, welded, of square or rectangular cross-section, of stainless steel",,"Existing CBAM scope (Reg. 2023/956, in force)"
Iron & Steel,7306 61 92,,"Tubes and pipes and hollow profiles, welded, of square or rectangular cross-section, of iron or steel other than stainless steel, with a wall thickness of ≤ 2 mm",,"Existing CBAM scope (Reg. 2023/956, in force)"
Iron & Steel,7306 61 99,,"Tubes and pipes and hollow profiles, welded, of square or rectangular cross-section, of iron or steel other than stainless steel, with a wall thickness of > 2 mm",,"Existing CBAM scope (Reg. 2023/956, in force)"
Iron & Steel,7306 69 10,,"Tubes, pipes and hollow profiles, welded, of non-circular cross-section, of stainless steel (excl. tubes and pipes having internal and external circular cross-sections and an external diameter of > 406,4 mm, line pipe of a kind used for oil or gas pipelines or casing and tubing of a kind used in drilling for oil or gas, and tubes and pipes and hollow profiles of square or rectangular cross-section)",,"Existing CBAM scope (Reg. 2023/956, in force)"
Iron & Steel,7306 69 90,,"Tubes, pipes and hollow profiles, welded, of non-circular cross-section, of iron or steel other than stainless steel (excl. tubes and pipes having internal and external circular cross-sections and an external diameter of > 406,4 mm, line pipe of a kind used for oil or gas pipelines or casing and tubing of a kind used in drilling for oil or gas, and tubes and pipes and hollow profiles of square or rectangular cross-section)",,"Existing CBAM scope (Reg. 2023/956, in force)"
Iron & Steel,7306 90 00,,"Tubes, pipes and hollow profiles ""e.g., open seam, riveted or similarly closed"", of iron or steel (excl. of cast iron, seamless or welded tubes and pipes and tubes and pipes having internal and external circular cross-sections and an external diameter of > 406,4 mm)",,"Existing CBAM scope (Reg. 2023/956, in force)"
Iron & Steel,7307 11 10,,"Tube or pipe fittings of non-malleable cast iron, of a kind used in pressure systems",,"Existing CBAM scope (Reg. 2023/956, in force)"
Iron & Steel,7307 11 90,,Tube or pipe fittings of non-malleable cast iron (excl. products of a kind used in pressure systems),,"Existing CBAM scope (Reg. 2023/956, in force)"
Iron & Steel,7307 19 10,,Tube or pipe fittings of cast iron (excl. of non-malleable),,"Existing CBAM scope (Reg. 2023/956, in force)"
Iron & Steel,7307 19 90,,Cast tube or pipe fittings of steel,,"Existing CBAM scope (Reg. 2023/956, in force)"
Iron & Steel,7307 21 00,,Flanges of stainless steel (excl. cast products),,"Existing CBAM scope (Reg. 2023/956, in force)"
Iron & Steel,7307 22 10,,"Sleeves, of stainless steel, threaded (excl. cast products)",,"Existing CBAM scope (Reg. 2023/956, in force)"
Iron & Steel,7307 22 90,,"Elbows and bends, of stainless steel, threaded (excl. cast products)",,"Existing CBAM scope (Reg. 2023/956, in force)"
Iron & Steel,7307 23 10,,Butt welding elbows and bends of stainless steel (excl. cast products),,"Existing CBAM scope (Reg. 2023/956, in force)"
Iron & Steel,7307 23 90,,Butt welding tube or pipe fittings of stainless steel (excl. cast products and elbows and bends),,"Existing CBAM scope (Reg. 2023/956, in force)"
Iron & Steel,7307 29 10,,"Threaded tube or pipe fittings of stainless steel (excl. cast products, flanges, elbows, bends and sleeves)",,"Existing CBAM scope (Reg. 2023/956, in force)"
Iron & Steel,7307 29 80,,"Tube or pipe fittings of stainless steel (excl. cast, threaded, butt welding fittings and flanges)",,"Existing CBAM scope (Reg. 2023/956, in force)"
Iron & Steel,7307 91 00,,Flanges of iron or steel (excl. cast or stainless products),,"Existing CBAM scope (Reg. 2023/956, in force)"
Iron & Steel,7307 92 10,,"Sleeves of iron or steel, threaded (excl. cast or of stainless steel)",,"Existing CBAM scope (Reg. 2023/956, in force)"
Iron & Steel,7307 92 90,,"Elbows and bends, of iron or steel, threaded (excl. cast or of stainless steel)",,"Existing CBAM scope (Reg. 2023/956, in force)"
Iron & Steel,7307 93 11,,"Butt welding elbows and bends, of iron or steel, with greatest external diameter ≤ 609,6 mm (excl. cast iron or stainless steel products)",,"Existing CBAM scope (Reg. 2023/956, in force)"
Iron & Steel,7307 93 19,,"Butt welding fittings of iron or steel, with greatest external diameter ≤ 609,6 mm (excl. cast iron or stainless steel products, elbows, bends and flanges)",,"Existing CBAM scope (Reg. 2023/956, in force)"
Iron & Steel,7307 93 91,,"Butt welding elbows and bends, of iron or steel, with greatest external diameter > 609,6 mm (excl. cast iron or stainless steel products)",,"Existing CBAM scope (Reg. 2023/956, in force)"
Iron & Steel,7307 93 99,,"Butt welding fittings of iron or steel, with greatest external diameter > 609,6 mm (excl. cast iron or stainless steel products, elbows, bends and flanges)",,"Existing CBAM scope (Reg. 2023/956, in force)"
Iron & Steel,7307 99 10,,"Threaded tube or pipe fittings, of iron or steel (excl. cast iron or stainless steel products, flanges, elbows, bends and sleeves)",,"Existing CBAM scope (Reg. 2023/956, in force)"
Iron & Steel,7307 99 80,,"Tube or pipe fittings, of iron or steel (excl. of cast iron or stainless steel, threaded, butt welding fittings, and flanges)",,"Existing CBAM scope (Reg. 2023/956, in force)"
Iron & Steel,7308 10 00,,"Bridges and bridge-sections, of iron or steel",,"Existing CBAM scope (Reg. 2023/956, in force)"
Iron & Steel,7308 20 00,,"Towers and lattice masts, of iron or steel",,"Existing CBAM scope (Reg. 2023/956, in force)"
Iron & Steel,7308 30 00,,"Doors, windows and their frames and thresholds for doors, of iron or steel",,"Existing CBAM scope (Reg. 2023/956, in force)"
Iron & Steel,7308 40 00,,"Equipment for scaffolding, shuttering, propping or pit-propping (excl. composite sheetpiling products and formwork panels for poured-in-place concrete, which have the characteristics of moulds)",,"Existing CBAM scope (Reg. 2023/956, in force)"
Iron & Steel,7308 90 51,,"Panels comprising two walls of profiled ""ribbed"" sheet, of iron or steel, with an insulating core",,"Existing CBAM scope (Reg. 2023/956, in force)"
Iron & Steel,7308 90 59,,"Structures and parts of structures, of iron or steel, solely or principally of sheet, n.e.s. (excl. doors and windows and their frames, and panels comprising two walls of profiled ""ribbed"" sheet, of iron or steel, with an insulating core)",,"Existing CBAM scope (Reg. 2023/956, in force)"
Iron & Steel,7308 90 98,,"Structures and parts of structures of iron or steel, n.e.s. (excl. bridges and bridge-sections; towers; lattice masts; doors, windows and their frames and thresholds; equipment for scaffolding, shuttering, propping or pit-propping, and products made principally of sheet)",,"Existing CBAM scope (Reg. 2023/956, in force)"
Iron & Steel,7309 00 10,,"Reservoirs, tanks, vats and similar containers, of iron or steel, for gases other than compressed or liquefied gas, of a capacity of > 300 l (excl. containers fitted with mechanical or thermal equipment and containers specifically constructed or equipped for one or more types of transport)",,"Existing CBAM scope (Reg. 2023/956, in force)"
Iron & Steel,7309 00 30,,"Reservoirs, tanks, vats and similar containers, of iron or steel, for liquids, lined or heat-insulated and of a capacity of > 300 l (excl. containers fitted with mechanical or thermal equipment and containers specifically constructed or equipped for one or more types of transport)",,"Existing CBAM scope (Reg. 2023/956, in force)"
Iron & Steel,7309 00 51,,"Reservoirs, tanks, vats and similar containers, of iron or steel, for liquids, of a capacity of > 100.000 l (excl. containers lined or heat-insulated or fitted with mechanical or thermal equipment and containers specifically constructed or equipped for one or more types of transport)",,"Existing CBAM scope (Reg. 2023/956, in force)"
Iron & Steel,7309 00 59,,"Reservoirs, tanks, vats and similar containers, of iron or steel, for liquids, of a capacity of ≤ 100.000 l but > 300 l (excl. containers lined or heat-insulated or fitted with mechanical or thermal equipment and containers specifically constructed or equipped for one or more types of transport)",,"Existing CBAM scope (Reg. 2023/956, in force)"
Iron & Steel,7309 00 90,,"Reservoirs, tanks, vats and similar containers, of iron or steel, for solids, of a capacity of > 300 l (excl. containers lined or heat-insulated or fitted with mechanical or thermal equipment and containers specifically constructed or equipped for one or more types of transport)",,"Existing CBAM scope (Reg. 2023/956, in force)"
Iron & Steel,7310 10 00,,"Tanks, casks, drums, cans, boxes and similar containers, of iron or steel, for any material, of a capacity of ≥ 50 l but ≤ 300 l, n.e.s. (excl. containers for compressed or liquefied gas, or containers fitted with mechanical or thermal equipment)",,"Existing CBAM scope (Reg. 2023/956, in force)"
Iron & Steel,7310 21 11,,"Cans of iron or steel, of a capacity of < 50 l, which are to be closed by soldering or crimping, of a kind used for preserving food",,"Existing CBAM scope (Reg. 2023/956, in force)"
Iron & Steel,7310 21 19,,"Cans of iron or steel, of a capacity of < 50 l, which are to be closed by soldering or crimping, of a kind used for preserving drink",,"Existing CBAM scope (Reg. 2023/956, in force)"
Iron & Steel,7310 21 91,,"Cans of iron or steel, of a capacity of < 50 l, which are to be closed by soldering or crimping, of a wall thickness of < 0,5 mm (excl. cans for compressed or liquefied gas, and cans of a kind used for preserving food and drink)",,"Existing CBAM scope (Reg. 2023/956, in force)"
Iron & Steel,7310 21 99,,"Cans of iron or steel, of a capacity of < 50 l, which are to be closed by soldering or crimping, of a wall thickness of ≥ 0,5 mm (excl. cans for compressed or liquefied gas, and cans of a kind used for preserving food and drink)",,"Existing CBAM scope (Reg. 2023/956, in force)"
Iron & Steel,7310 29 10,,"Tanks, casks, drums, cans, boxes and similar containers, of iron or steel, for any material, of a capacity of < 50 l and of a wall thickness of < 0,5 mm, n.e.s. (excl. containers for compressed or liquefied gas, or containers fitted with mechanical or thermal equipment, and cans which are to be closed by soldering or crimping)",,"Existing CBAM scope (Reg. 2023/956, in force)"
Iron & Steel,7310 29 90,,"Tanks, casks, drums, cans, boxes and similar containers, of iron or steel, for any material, of a capacity of < 50 l and of a wall thickness of ≥ 0,5 mm, n.e.s. (excl. containers for compressed or liquefied gas, or containers fitted with mechanical or thermal equipment, and cans which are to be closed by soldering or crimping)",,"Existing CBAM scope (Reg. 2023/956, in force)"
Iron & Steel,7311 00 11,,"Containers of iron or steel, seamless, for compressed or liquefied gas, for a pressure ≥ 165 bar, of a capacity < 20 l (excl. containers specifically constructed or equipped for one or more types of transport)",,"Existing CBAM scope (Reg. 2023/956, in force)"
Iron & Steel,7311 00 13,,"Containers of iron or steel, seamless, for compressed or liquefied gas, for a pressure ≥ 165 bar, of a capacity ≥ 20 l to ≤ 50 l (excl. containers specifically constructed or equipped for one or more types of transport)",,"Existing CBAM scope (Reg. 2023/956, in force)"
Iron & Steel,7311 00 19,,"Containers of iron or steel, seamless, for compressed or liquefied gas, for a pressure ≥ 165 bar, of a capacity > 50 l (excl. containers specifically constructed or equipped for one or more types of transport)",,"Existing CBAM scope (Reg. 2023/956, in force)"
Iron & Steel,7311 00 30,,"Containers of iron or steel, seamless, for compressed or liquefied gas, for a pressure < 165 bar (excl. containers specifically constructed or equipped for one or more types of transport)",,"Existing CBAM scope (Reg. 2023/956, in force)"
Iron & Steel,7311 00 91,,"Containers of iron or steel, seamless, for compressed or liquefied gas, of a capacity of < 1.000 l (excl. seamless containers and containers specifically constructed or equipped for one or more types of transport)",,"Existing CBAM scope (Reg. 2023/956, in force)"
Iron & Steel,7311 00 99,,"Containers of iron or steel, seamless, for compressed or liquefied gas, of a capacity of ≥ 1.000 l (excl. seamless containers and containers specifically constructed or equipped for one or more types of transport)",,"Existing CBAM scope (Reg. 2023/956, in force)"
Iron & Steel,7318 11 00,,Coach screws of iron or steel,,"Existing CBAM scope (Reg. 2023/956, in force)"
Iron & Steel,7318 12 10,,Wood screws of stainless steel (excl. coach screws),,"Existing CBAM scope (Reg. 2023/956, in force)"
Iron & Steel,7318 12 90,,Wood screws of iron or steel other than stainless (excl. coach screws),,"Existing CBAM scope (Reg. 2023/956, in force)"
Iron & Steel,7318 13 00,,"Screw hooks and screw rings, of iron or steel",,"Existing CBAM scope (Reg. 2023/956, in force)"
Iron & Steel,7318 14 10,,"Self-tapping screws, of stainless steel (excl. wood screws)",,"Existing CBAM scope (Reg. 2023/956, in force)"
Iron & Steel,7318 14 91,,Spaced-thread screws of iron or steel other than stainless,,"Existing CBAM scope (Reg. 2023/956, in force)"
Iron & Steel,7318 14 99,,Self-tapping screws of iron or steel other than stainless (excl. spaced-thread screws and wood screws),,"Existing CBAM scope (Reg. 2023/956, in force)"
Iron & Steel,7318 15 20,,"Screws and bolts, of iron or steel ""whether or not with their nuts and washers"", for fixing railway track construction material (excl. coach screws)",,"Existing CBAM scope (Reg. 2023/956, in force)"
Iron & Steel,7318 15 35,,"Screws and bolts, of stainless steel ""whether or not with their nuts and washers"", without heads (excl. screws and bolts for fixing railway track construction material)",,"Existing CBAM scope (Reg. 2023/956, in force)"
Iron & Steel,7318 15 42,,"Screws and bolts, of iron or steel other than stainless ""whether or not with their nuts and washers"", without heads, with a tensile strength of < 800 MPa (excl. screws and bolts for fixing railway track construction material)",,"Existing CBAM scope (Reg. 2023/956, in force)"
Iron & Steel,7318 15 48,,"Screws and bolts, of iron or steel other than stainless ""whether or not with their nuts and washers"", without heads, with a tensile strength of ≥ 800 MPa (excl. screws and bolts for fixing railway track construction material)",,"Existing CBAM scope (Reg. 2023/956, in force)"
Iron & Steel,7318 15 52,,"Screws and bolts, of stainless steel ""whether or not with their nuts and washers"", with slotted or cross-recessed heads (excl. wood screws and self-tapping screws)",,"Existing CBAM scope (Reg. 2023/956, in force)"
Iron & Steel,7318 15 58,,"Screws and bolts, of iron or steel other than stainless ""whether or not with their nuts and washers"", with slotted or cross-recessed heads (excl. wood screws and self-tapping screws)",,"Existing CBAM scope (Reg. 2023/956, in force)"
Iron & Steel,7318 15 62,,"Hexagonal-socket head screws and bolts, of stainless steel ""whether or not with their nuts and washers"" (excl. wood screws, self-tapping screws and screws and bolts for fixing railway track construction material)",,"Existing CBAM scope (Reg. 2023/956, in force)"
Iron & Steel,7318 15 68,,"Hexagonal-socket head screws and bolts, of iron or steel other than stainless ""whether or not with their nuts and washers"" (excl. wood screws, self-tapping screws and screws and bolts for fixing railway track construction material)",,"Existing CBAM scope (Reg. 2023/956, in force)"
Iron & Steel,7318 15 75,,"Hexagon screws and bolts, of stainless steel ""whether or not with their nuts and washers"" (excl. with socket head, wood screws, self-tapping screws and screws and bolts for fixing railway track construction material)",,"Existing CBAM scope (Reg. 2023/956, in force)"
Iron & Steel,7318 15 82,,"Hexagon screws and bolts, of iron or steel other than stainless ""whether or not with their nuts and washers"", with a tensile strength of < 800 MPa (excl. with socket head, wood screws, self-tapping screws and screws and bolts for fixing railway track construction material)",,"Existing CBAM scope (Reg. 2023/956, in force)"
Iron & Steel,7318 15 88,,"Hexagon screws and bolts, of iron or steel other than stainless ""whether or not with their nuts and washers"", with a tensile strength of ≥ 800 MPa (excl. with socket head, wood screws, self-tapping screws and screws and bolts for fixing railway track construction material)",,"Existing CBAM scope (Reg. 2023/956, in force)"
Iron & Steel,7318 15 95,,"Screws and bolts, of iron or steel ""whether or not with their nuts and washers"", with heads (excl. with slotted, cross-recessed or hexagonal head; wood screws, self-tapping screws and screws and bolts for fixing railway track construction material, screw hooks and screw rings)",,"Existing CBAM scope (Reg. 2023/956, in force)"
Iron & Steel,7318 16 31,,Blind rivet nuts of stainless steel,,"Existing CBAM scope (Reg. 2023/956, in force)"
Iron & Steel,7318 16 39,,Nuts of stainless steel (excl. blind rivet nuts),,"Existing CBAM scope (Reg. 2023/956, in force)"
Iron & Steel,7318 16 40,,Blind rivet nuts of iron or steel other than stainless,,"Existing CBAM scope (Reg. 2023/956, in force)"
Iron & Steel,7318 16 60,,Self-locking nuts of iron or steel other than stainless,,"Existing CBAM scope (Reg. 2023/956, in force)"
Iron & Steel,7318 16 92,,"Nuts of iron or steel other than stainless, with an inside diameter ≤ 12 mm (excl. blind rivet nuts and self-locking nuts)",,"Existing CBAM scope (Reg. 2023/956, in force)"
Iron & Steel,7318 16 99,,"Nuts of iron or steel other than stainless, with an inside diameter > 12 mm (excl. blind rivet nuts and self-locking nuts)",,"Existing CBAM scope (Reg. 2023/956, in force)"
Iron & Steel,7318 19 00,,"Threaded articles, of iron or steel, n.e.s.",,"Existing CBAM scope (Reg. 2023/956, in force)"
Iron & Steel,7318 21 00,,"Spring washers and other lock washers, of iron or steel",,"Existing CBAM scope (Reg. 2023/956, in force)"
Iron & Steel,7318 22 00,,Washers of iron or steel (excl. spring washers and other lock washers),,"Existing CBAM scope (Reg. 2023/956, in force)"
Iron & Steel,7318 23 00,,Rivets of iron or steel (excl. tubular and bifurcated rivets for particular uses),,"Existing CBAM scope (Reg. 2023/956, in force)"
Iron & Steel,7318 24 00,,"Cotters and cotter pins, of iron or steel",,"Existing CBAM scope (Reg. 2023/956, in force)"
Iron & Steel,7318 29 00,,"Non-threaded articles, of iron or steel",,"Existing CBAM scope (Reg. 2023/956, in force)"
Iron & Steel,7326 11 00,,"Grinding balls and similar articles for mills, of iron or steel, forged or stamped, but not further worked",,"Existing CBAM scope (Reg. 2023/956, in force)"
Iron & Steel,7326 19 10,,"Articles of iron or steel, open-die forged, but not further worked, n.e.s. (excl. grinding balls and similar articles for mills)",,"Existing CBAM scope (Reg. 2023/956, in force)"
Iron & Steel,7326 19 90,,"Articles of iron or steel, closed-die forged or stamped, but not further worked, n.e.s. (excl. grinding balls and similar articles for mills)",,"Existing CBAM scope (Reg. 2023/956, in force)"
Iron & Steel,7326 20 00,,"Articles of iron or steel wire, n.e.s.",,"Existing CBAM scope (Reg. 2023/956, in force)"
Iron & Steel,7326 90 30,,"Ladders and steps, of iron or steel",,"Existing CBAM scope (Reg. 2023/956, in force)"
Iron & Steel,7326 90 40,,"Pallets and similar platforms for handling goods, of iron or steel",,"Existing CBAM scope (Reg. 2023/956, in force)"
Iron & Steel,7326 90 50,,"Reels for cables, piping and the like, of iron or steel",,"Existing CBAM scope (Reg. 2023/956, in force)"
Iron & Steel,7326 90 60,,"Ventilators, non-mechanical, guttering, hooks and like articles used in the building industry, n.e.s., of iron or steel",,"Existing CBAM scope (Reg. 2023/956, in force)"
Iron & Steel,7326 90 92,,"Articles of iron or steel, open-die forged, n.e.s.",,"Existing CBAM scope (Reg. 2023/956, in force)"
Iron & Steel,7326 90 94,,"Articles of iron or steel, closed-die forged, n.e.s.",,"Existing CBAM scope (Reg. 2023/956, in force)"
Iron & Steel,7326 90 96,,"Sintered articles of iron or steel, n.e.s.",,"Existing CBAM scope (Reg. 2023/956, in force)"
Iron & Steel,7326 90 98,,"Articles of iron or steel, n.e.s.",,"Existing CBAM scope (Reg. 2023/956, in force)"
Aluminium,7601 10 10,,"Aluminium slabs, not alloyed, unwrought",,"Existing CBAM scope (Reg. 2023/956, in force)"
Aluminium,7601 10 90,,"Aluminium, not alloyed, unwrought (excl. slabs)",,"Existing CBAM scope (Reg. 2023/956, in force)"
Aluminium,7601 20 30,,Unwrought aluminium alloys in the form of slabs,,"Existing CBAM scope (Reg. 2023/956, in force)"
Aluminium,7601 20 40,,Unwrought aluminium alloys in the form of billets,,"Existing CBAM scope (Reg. 2023/956, in force)"
Aluminium,7601 20 80,,Unwrought aluminium alloys (excl. slabs and billets),,"Existing CBAM scope (Reg. 2023/956, in force)"
Aluminium,7603 10 00,,"Powders of aluminium, of non-lamellar structure (excl. pellets of aluminium)",,"Existing CBAM scope (Reg. 2023/956, in force)"
Aluminium,7603 20 00,,"Powders of aluminium, of lamellar structure, and flakes of aluminium (excl. pellets of aluminium, and spangles)",,"Existing CBAM scope (Reg. 2023/956, in force)"
Aluminium,7604 10 10,,"Bars, rods and profiles, of non-alloy aluminium",,"Existing CBAM scope (Reg. 2023/956, in force)"
Aluminium,7604 10 90,,"Profiles of non-alloy aluminium, n.e.s.",,"Existing CBAM scope (Reg. 2023/956, in force)"
Aluminium,7604 21 00,,"Hollow profiles of aluminium alloys, n.e.s.",,"Existing CBAM scope (Reg. 2023/956, in force)"
Aluminium,7604 29 10,,Bars and rods of aluminium alloys,,"Existing CBAM scope (Reg. 2023/956, in force)"
Aluminium,7604 29 90,,"Solid profiles, of aluminium alloys, n.e.s.",,"Existing CBAM scope (Reg. 2023/956, in force)"
Aluminium,7605 11 00,,"Wire of non-alloy aluminium, with a maximum cross-sectional dimension of > 7 mm (excl. stranded wire, cables, plaited bands and the like and other articles of heading 7614, and electrically insulated wires)",,"Existing CBAM scope (Reg. 2023/956, in force)"
Aluminium,7605 19 00,,"Wire of non-alloy aluminium, with a maximum cross-sectional dimension of ≤ 7 mm (other than stranded wires, cables, ropes and other articles of heading 7614, electrically insulated wires, strings for musical instruments)",,"Existing CBAM scope (Reg. 2023/956, in force)"
Aluminium,7605 21 00,,"Wire of aluminium alloys, with a maximum cross-sectional dimension of > 7 mm (excl. stranded wire, cables, plaited bands and the like and other articles of heading 7614, and electrically insulated wires)",,"Existing CBAM scope (Reg. 2023/956, in force)"
Aluminium,7605 29 00,,"Wire, of aluminium alloys, having a maximum cross-sectional dimension of ≤ 7 mm (other than stranded wires, cables, ropes and other articles of heading 7614, electrically insulated wires, strings for musical instruments)",,"Existing CBAM scope (Reg. 2023/956, in force)"
Aluminium,7606 11 30,,"Aluminium Composite Panel, of non-alloy aluminium, of a thickness of > 0,2 mm",,"Existing CBAM scope (Reg. 2023/956, in force)"
Aluminium,7606 11 50,,"Plates, sheets and strip, of non-alloy aluminium, of a thickness of > 0,2 mm, square or rectangular, painted, varnished or coated with plastics (excl. Aluminium Composite Panel)",,"Existing CBAM scope (Reg. 2023/956, in force)"
Aluminium,7606 11 91,,"Plates, sheets and strip, of non-alloy aluminium, of a thickness of > 0,2 mm but < 3 mm, square or rectangular (excl. such products painted, varnished or coated with plastics, and expanded plates, sheets and strip)",,"Existing CBAM scope (Reg. 2023/956, in force)"
Aluminium,7606 11 93,,"Plates, sheets and strip, of non-alloy aluminium, of a thickness of ≥ 3 mm but < 6 mm, square or rectangular (excl. such products painted, varnished or coated with plastics)",,"Existing CBAM scope (Reg. 2023/956, in force)"
Aluminium,7606 11 99,,"Plates, sheets and strip, of non-alloy aluminium, of a thickness of ≥ 6 mm, square or rectangular (excl. such products painted, varnished or coated with plastics)",,"Existing CBAM scope (Reg. 2023/956, in force)"
Aluminium,7606 12 11,,"Beverage can body stock, of aluminium alloys, of a thickness of > 0,2 mm",,"Existing CBAM scope (Reg. 2023/956, in force)"
Aluminium,7606 12 19,,"Beverage can end stock and tab stock, of aluminium alloys, of a thickness of > 0,2 mm",,"Existing CBAM scope (Reg. 2023/956, in force)"
Aluminium,7606 12 30,,"Aluminium Composite Panel, of aluminium alloys, of a thickness of > 0,2 mm",,"Existing CBAM scope (Reg. 2023/956, in force)"
Aluminium,7606 12 50,,"Plates, sheets and strip, of aluminium alloys, of a thickness of > 0,2 mm, square or rectangular, painted, varnished or coated with plastics (excl. beverage can body stock, end stock and tab stock, and Aluminium Composite Panel)",,"Existing CBAM scope (Reg. 2023/956, in force)"
Aluminium,7606 12 92,,"Plates, sheets and strip, of aluminium alloys, of a thickness of > 0,2 mm but < 3 mm, square or rectangular (excl. painted, varnished or coated with plastics, expanded plates, sheets and strip, beverage can body stock, end stock and tab stock)",,"Existing CBAM scope (Reg. 2023/956, in force)"
Aluminium,7606 12 93,,"Plates, sheets and strip, of aluminium alloys, of a thickness of ≥ 3 mm but < 6 mm, square or rectangular (excl. such products painted, varnished or coated with plastics)",,"Existing CBAM scope (Reg. 2023/956, in force)"
Aluminium,7606 12 99,,"Plates, sheets and strip, of aluminium alloys, of a thickness of ≥ 6 mm, square or rectangular (excl. such products painted, varnished or coated with plastics)",,"Existing CBAM scope (Reg. 2023/956, in force)"
Aluminium,7606 91 00,,"Plates, sheets and strip, of non-alloy aluminium, of a thickness of > 0,2 mm (other than square or rectangular)",,"Existing CBAM scope (Reg. 2023/956, in force)"
Aluminium,7606 92 00,,"Plates, sheets and strip, of aluminium alloys, of a thickness of > 0,2 mm (other than square or rectangular)",,"Existing CBAM scope (Reg. 2023/956, in force)"
Aluminium,7607 11 11,,"Aluminium foil, not backed, rolled but not further worked, of a thickness of < 0,021 mm, in rolls of a weight of ≤ 10 kg (excl. stamping foils of heading 3212, and foil made up as christmas tree decorating material)",,"Existing CBAM scope (Reg. 2023/956, in force)"
Aluminium,7607 11 19,,"Aluminium foil, not backed, rolled but not further worked, of a thickness of < 0,021 mm (excl. stamping foils of heading 3212, and foil made up as christmas tree decorating material and in rolls of a weight ≤ 10 kg)",,"Existing CBAM scope (Reg. 2023/956, in force)"
Aluminium,7607 11 90,,"Aluminium foil, not backed, rolled but not further worked, of a thickness of ≥ 0,021 mm but ≤ 2 mm (excl. stamping foils of heading 3212, and foil made up as christmas tree decorating material)",,"Existing CBAM scope (Reg. 2023/956, in force)"
Aluminium,7607 19 10,,"Aluminium foil, not backed, rolled and further worked, of a thickness of < 0,021 mm (excl. stamping foils of heading 3212, and foil made up as christmas tree decorating material)",,"Existing CBAM scope (Reg. 2023/956, in force)"
Aluminium,7607 19 90,,"Aluminium foil, not backed, rolled and further worked, of a thickness (excl. any backing) from 0,021 mm to 0,2 mm (excl. stamping foils of heading 3212, and foil made up as christmas tree decorating material)",,"Existing CBAM scope (Reg. 2023/956, in force)"
Aluminium,7607 20 10,,"Aluminium foil, backed, of a thickness (excl. any backing) of < 0,021 mm (excl. stamping foils of heading 3212, and foil made up as christmas tree decorating material)",,"Existing CBAM scope (Reg. 2023/956, in force)"
Aluminium,7607 20 91,,"Aluminium Composite Panel, of a thickness ≤ 0,2 mm",,"Existing CBAM scope (Reg. 2023/956, in force)"
Aluminium,7607 20 99,,"Aluminium foil, backed, of a thickness (excl. any backing) of ≥ 0,021 mm but ≤ 0,2 mm (excl. stamping foils of heading 3212, foil made up as christmas tree decorating material, and Aluminium Composite Panel)",,"Existing CBAM scope (Reg. 2023/956, in force)"
Aluminium,7608 10 00,,Tubes and pipes of non-alloy aluminium (excl. hollow profiles),,"Existing CBAM scope (Reg. 2023/956, in force)"
Aluminium,7608 20 20,,"Tubes and pipes of aluminium alloys, welded (excl. hollow profiles)",,"Existing CBAM scope (Reg. 2023/956, in force)"
Aluminium,7608 20 81,,"Tubes and pipes of aluminium alloys, not further worked than extruded (excl. hollow profiles)",,"Existing CBAM scope (Reg. 2023/956, in force)"
Aluminium,7608 20 89,,"Tubes and pipes of aluminium alloys (excl. such products welded or not further worked than extruded, and hollow profiles)",,"Existing CBAM scope (Reg. 2023/956, in force)"
Aluminium,7609 00 00,,"Aluminium tube or pipe fittings ""e.g., couplings, elbows, sleeves""",,"Existing CBAM scope (Reg. 2023/956, in force)"
Aluminium,7610 10 00,,"Doors, windows and their frames and thresholds for door, of aluminium (excl. door furniture)",,"Existing CBAM scope (Reg. 2023/956, in force)"
Aluminium,7610 90 10,,"Bridges and bridge-sections, towers and lattice masts, of aluminium",,"Existing CBAM scope (Reg. 2023/956, in force)"
Aluminium,7610 90 90,,"Structures and parts of structures, of aluminium, n.e.s., and plates, rods, profiles, tubes and the like, prepared for use in structures, of aluminium, n.e.s. (excl. prefabricated buildings of heading 9406, doors and windows and their frames and thresholds for doors, bridges and bridge-sections, towers and lattice masts)",,"Existing CBAM scope (Reg. 2023/956, in force)"
Aluminium,7611 00 00,,"Reservoirs, tanks, vats and similar containers, of aluminium, for any material (other than compressed or liquefied gas), of a capacity of > 300 l, not fitted with mechanical or thermal equipment, whether or not lined or heat-insulated (excl. containers specifically constructed or equipped for one or more types of transport)",,"Existing CBAM scope (Reg. 2023/956, in force)"
Aluminium,7612 10 00,,"Collapsible tubular containers, of aluminium",,"Existing CBAM scope (Reg. 2023/956, in force)"
Aluminium,7612 90 20,,"Containers of a kind used for aerosols, of aluminium",,"Existing CBAM scope (Reg. 2023/956, in force)"
Aluminium,7612 90 30,,"Casks, drums, cans, boxes and similar containers, of aluminium, manufactured from foil of a thickness ≤ 0,2 mm",,"Existing CBAM scope (Reg. 2023/956, in force)"
Aluminium,7612 90 80,,"Casks, drums, cans, boxes and similar containers ≤ 300 l, of aluminium, for any material (other than compressed or liquefied gas), n.e.s. (other than collapsible tubular containers, containers for aerosols and containers manufactured from foil of a thickness ≤ 0,2 mm",,"Existing CBAM scope (Reg. 2023/956, in force)"
Aluminium,7613 00 00,,Aluminium containers for compressed or liquefied gas,,"Existing CBAM scope (Reg. 2023/956, in force)"
Aluminium,7614 10 00,,"Stranded wire, cables, plaited bands and the like, of aluminium, with steel core (excl. such products electrically insulated)",,"Existing CBAM scope (Reg. 2023/956, in force)"
Aluminium,7614 90 00,,"Stranded wires, cables, ropes and similar articles, of aluminium (other than with steel core and electrically insulated products)",,"Existing CBAM scope (Reg. 2023/956, in force)"
Aluminium,7616 10 00,,"Nails, tacks, staples, screws, bolts, nuts, screw hooks, rivets, cotters, cotter pins, washers and similar articles, of aluminium (excl. staples in strips, plugs, bungs and the like, threaded)",,"Existing CBAM scope (Reg. 2023/956, in force)"
Aluminium,7616 91 00,,"Cloth, grill, netting and fencing, of aluminium wire (excl. cloth of metal fibres for clothing, lining and similar uses, and cloth, grill and netting made into hand sieves or machine parts)",,"Existing CBAM scope (Reg. 2023/956, in force)"
Aluminium,7616 99 10,,"Articles of aluminium, cast, n.e.s.",,"Existing CBAM scope (Reg. 2023/956, in force)"
Aluminium,7616 99 90,,"Articles of aluminium, uncast, n.e.s.",,"Existing CBAM scope (Reg. 2023/956, in force)"
Iron & steel (downstream additions),7312 10 20,7312 10,"Stranded wire, ropes and cables, of iron or steel",,Added: EU proposal COM(2025)989 of 17 Dec 2025 (downstream goods)
Iron & steel (downstream additions),7312 10 41,7312 10,"Stranded wire, ropes and cables, of iron or steel",,Added: EU proposal COM(2025)989 of 17 Dec 2025 (downstream goods)
Iron & steel (downstream additions),7312 10 49,7312 10,"Stranded wire, ropes and cables, of iron or steel",,Added: EU proposal COM(2025)989 of 17 Dec 2025 (downstream goods)
Iron & steel (downstream additions),7312 10 61,7312 10,"Stranded wire, ropes and cables, of iron or steel",,Added: EU proposal COM(2025)989 of 17 Dec 2025 (downstream goods)
Iron & steel (downstream additions),7312 10 65,7312 10,"Stranded wire, ropes and cables, of iron or steel",,Added: EU proposal COM(2025)989 of 17 Dec 2025 (downstream goods)
Iron & steel (downstream additions),7312 10 69,7312 10,"Stranded wire, ropes and cables, of iron or steel",,Added: EU proposal COM(2025)989 of 17 Dec 2025 (downstream goods)
Iron & steel (downstream additions),7312 10 81,7312 10,"Stranded wire, ropes and cables, of iron or steel",,Added: EU proposal COM(2025)989 of 17 Dec 2025 (downstream goods)
Iron & steel (downstream additions),7312 10 83,7312 10,"Stranded wire, ropes and cables, of iron or steel",,Added: EU proposal COM(2025)989 of 17 Dec 2025 (downstream goods)
Iron & steel (downstream additions),7312 10 85,7312 10,"Stranded wire, ropes and cables, of iron or steel",,Added: EU proposal COM(2025)989 of 17 Dec 2025 (downstream goods)
Iron & steel (downstream additions),7312 10 89,7312 10,"Stranded wire, ropes and cables, of iron or steel",,Added: EU proposal COM(2025)989 of 17 Dec 2025 (downstream goods)
Iron & steel (downstream additions),7312 10 98,7312 10,"Stranded wire, ropes and cables, of iron or steel",,Added: EU proposal COM(2025)989 of 17 Dec 2025 (downstream goods)
Iron & steel (downstream additions),7314 39 00,,"Other grill, netting and fencing, of iron/steel wire, welded at the intersection",,Added: EU proposal COM(2025)989 of 17 Dec 2025 (downstream goods)
Iron & steel (downstream additions),7320 20 89,,"Other helical springs, of iron or steel",,Added: EU proposal COM(2025)989 of 17 Dec 2025 (downstream goods)
Iron & steel (downstream additions),7320 90 90,,"Other springs and leaves for springs, of iron or steel",,Added: EU proposal COM(2025)989 of 17 Dec 2025 (downstream goods)
Iron & steel (downstream additions),7323 94 00,,"Table/kitchen/household articles of iron/steel, enamelled",,Added: EU proposal COM(2025)989 of 17 Dec 2025 (downstream goods)
Iron & steel (downstream additions),7323 99 00,,Other table/kitchen/household articles of iron or steel,,Added: EU proposal COM(2025)989 of 17 Dec 2025 (downstream goods)
Iron & steel (downstream additions),7325 10 00,7325,Other cast articles of iron or steel,,Added: EU proposal COM(2025)989 of 17 Dec 2025 (downstream goods)
Iron & steel (downstream additions),7325 91 00,7325,Other cast articles of iron or steel,,Added: EU proposal COM(2025)989 of 17 Dec 2025 (downstream goods)
Iron & steel (downstream additions),7325 99 10,7325,Other cast articles of iron or steel,,Added: EU proposal COM(2025)989 of 17 Dec 2025 (downstream goods)
Iron & steel (downstream additions),7325 99 90,7325,Other cast articles of iron or steel,,Added: EU proposal COM(2025)989 of 17 Dec 2025 (downstream goods)
Combined metal products (new),7314 31 00,,"Grill, netting, fencing of iron/steel wire, welded, plated/coated with zinc",,Added: EU proposal COM(2025)989 of 17 Dec 2025 (downstream goods)
Combined metal products (new),7314 41 00,,"Grill, netting, fencing, not welded, plated/coated with zinc",,Added: EU proposal COM(2025)989 of 17 Dec 2025 (downstream goods)
Combined metal products (new),7314 49 00,,"Grill, netting, fencing, not welded (excl. zinc/plastic coated)",,Added: EU proposal COM(2025)989 of 17 Dec 2025 (downstream goods)
Combined metal products (new),7317 00 20,7317 00,"Nails, tacks, drawing pins, corrugated nails, staples etc., of iron or steel",,Added: EU proposal COM(2025)989 of 17 Dec 2025 (downstream goods)
Combined metal products (new),7317 00 60,7317 00,"Nails, tacks, drawing pins, corrugated nails, staples etc., of iron or steel",,Added: EU proposal COM(2025)989 of 17 Dec 2025 (downstream goods)
Combined metal products (new),7317 00 80,7317 00,"Nails, tacks, drawing pins, corrugated nails, staples etc., of iron or steel",,Added: EU proposal COM(2025)989 of 17 Dec 2025 (downstream goods)
Combined metal products (new),7415 10 00,,Nails/tacks/drawing pins/staples of copper or of iron/steel with copper heads,ex – containing steel or aluminium,Added: EU proposal COM(2025)989 of 17 Dec 2025 (downstream goods)
Combined metal products (new),8302 42 00,,Other base-metal mountings/fittings for furniture,ex – containing steel or aluminium,Added: EU proposal COM(2025)989 of 17 Dec 2025 (downstream goods)
Combined metal products (new),8302 49 00,,"Other base-metal mountings, fittings and similar articles",ex – containing steel or aluminium,Added: EU proposal COM(2025)989 of 17 Dec 2025 (downstream goods)
Combined metal products (new),8309 90 90,,"Other base-metal stoppers, caps, lids, capsules, seals etc.",ex – containing steel or aluminium,Added: EU proposal COM(2025)989 of 17 Dec 2025 (downstream goods)
Combined metal products (new),8408 20 10,,Diesel engine for industrial assembly of certain vehicles,,Added: EU proposal COM(2025)989 of 17 Dec 2025 (downstream goods)
Combined metal products (new),8408 20 51,,"Diesel engine, vehicles of ch.87, power <=50 kW",,Added: EU proposal COM(2025)989 of 17 Dec 2025 (downstream goods)
Combined metal products (new),8408 20 55,,"Diesel engine, vehicles of ch.87, 50-100 kW",,Added: EU proposal COM(2025)989 of 17 Dec 2025 (downstream goods)
Combined metal products (new),8408 20 57,,"Diesel engine, vehicles of ch.87, 100-200 kW",,Added: EU proposal COM(2025)989 of 17 Dec 2025 (downstream goods)
Combined metal products (new),8408 20 99,,"Diesel engine, vehicles of ch.87, >200 kW",,Added: EU proposal COM(2025)989 of 17 Dec 2025 (downstream goods)
Combined metal products (new),8408 90 65,,"Diesel engine, new, 200-300 kW",,Added: EU proposal COM(2025)989 of 17 Dec 2025 (downstream goods)
Combined metal products (new),8408 90 67,,"Diesel engine, new, 300-500 kW",,Added: EU proposal COM(2025)989 of 17 Dec 2025 (downstream goods)
Combined metal products (new),8413 30 20,8413 30,Fuel/lubricating/cooling pumps for internal combustion engines,,Added: EU proposal COM(2025)989 of 17 Dec 2025 (downstream goods)
Combined metal products (new),8413 30 80,8413 30,Fuel/lubricating/cooling pumps for internal combustion engines,,Added: EU proposal COM(2025)989 of 17 Dec 2025 (downstream goods)
Combined metal products (new),8413 70 35,,"Other centrifugal pumps, discharge outlet <=15 mm",,Added: EU proposal COM(2025)989 of 17 Dec 2025 (downstream goods)
Combined metal products (new),8416 10 10,8416 10,Furnace burners for liquid fuel,,Added: EU proposal COM(2025)989 of 17 Dec 2025 (downstream goods)
Combined metal products (new),8416 10 90,8416 10,Furnace burners for liquid fuel,,Added: EU proposal COM(2025)989 of 17 Dec 2025 (downstream goods)
Combined metal products (new),8416 20 10,8416 20,"Other furnace burners, incl. combination burners",,Added: EU proposal COM(2025)989 of 17 Dec 2025 (downstream goods)
Combined metal products (new),8416 20 20,8416 20,"Other furnace burners, incl. combination burners",,Added: EU proposal COM(2025)989 of 17 Dec 2025 (downstream goods)
Combined metal products (new),8416 20 80,8416 20,"Other furnace burners, incl. combination burners",,Added: EU proposal COM(2025)989 of 17 Dec 2025 (downstream goods)
Combined metal products (new),8416 90 00,,"Parts of furnace burners, mechanical stokers, grates, ash dischargers",ex – containing steel or aluminium,Added: EU proposal COM(2025)989 of 17 Dec 2025 (downstream goods)
Combined metal products (new),8418 10 20,8418 10,Combined refrigerator-freezers with separate external doors/drawers,,Added: EU proposal COM(2025)989 of 17 Dec 2025 (downstream goods)
Combined metal products (new),8418 10 80,8418 10,Combined refrigerator-freezers with separate external doors/drawers,,Added: EU proposal COM(2025)989 of 17 Dec 2025 (downstream goods)
Combined metal products (new),8418 99 90,,Parts of refrigerating/freezing equipment and heat pumps,ex – containing steel or aluminium,Added: EU proposal COM(2025)989 of 17 Dec 2025 (downstream goods)
Combined metal products (new),8419 89 10,,Cooling towers and similar plant for direct cooling by recirculated water,,Added: EU proposal COM(2025)989 of 17 Dec 2025 (downstream goods)
Combined metal products (new),8419 89 98,,"Other machinery, plant and equipment (heading 8419)",,Added: EU proposal COM(2025)989 of 17 Dec 2025 (downstream goods)
Combined metal products (new),8419 90 85,,Parts of machinery/plant/laboratory equipment of 8419,ex – containing steel or aluminium,Added: EU proposal COM(2025)989 of 17 Dec 2025 (downstream goods)
Combined metal products (new),8420 91 10,8420 91,Cylinders for calendering or other rolling machines (excl. metal/glass),,Added: EU proposal COM(2025)989 of 17 Dec 2025 (downstream goods)
Combined metal products (new),8420 91 80,8420 91,Cylinders for calendering or other rolling machines (excl. metal/glass),,Added: EU proposal COM(2025)989 of 17 Dec 2025 (downstream goods)
Combined metal products (new),8421 23 00,,Oil or petrol filters for internal combustion engines,ex – containing steel or aluminium,Added: EU proposal COM(2025)989 of 17 Dec 2025 (downstream goods)
Combined metal products (new),8424 30 01,8424 30,Steam or sand blasting machines and similar jet projecting machines,,Added: EU proposal COM(2025)989 of 17 Dec 2025 (downstream goods)
Combined metal products (new),8424 30 08,8424 30,Steam or sand blasting machines and similar jet projecting machines,,Added: EU proposal COM(2025)989 of 17 Dec 2025 (downstream goods)
Combined metal products (new),8424 30 10,8424 30,Steam or sand blasting machines and similar jet projecting machines,,Added: EU proposal COM(2025)989 of 17 Dec 2025 (downstream goods)
Combined metal products (new),8424 30 90,8424 30,Steam or sand blasting machines and similar jet projecting machines,,Added: EU proposal COM(2025)989 of 17 Dec 2025 (downstream goods)
Combined metal products (new),8424 82 10,,Agricultural or horticultural watering appliances,ex – containing steel or aluminium,Added: EU proposal COM(2025)989 of 17 Dec 2025 (downstream goods)
Combined metal products (new),8424 89 40,8424 89,"Other mechanical appliances for projecting/dispersing/spraying, n.e.s.",ex – containing steel or aluminium,Added: EU proposal COM(2025)989 of 17 Dec 2025 (downstream goods)
Combined metal products (new),8424 89 70,8424 89,"Other mechanical appliances for projecting/dispersing/spraying, n.e.s.",ex – containing steel or aluminium,Added: EU proposal COM(2025)989 of 17 Dec 2025 (downstream goods)
Combined metal products (new),8424 90 20,8424 90,Parts of spray/jet/blasting appliances,ex – containing steel or aluminium,Added: EU proposal COM(2025)989 of 17 Dec 2025 (downstream goods)
Combined metal products (new),8424 90 80,8424 90,Parts of spray/jet/blasting appliances,ex – containing steel or aluminium,Added: EU proposal COM(2025)989 of 17 Dec 2025 (downstream goods)
Combined metal products (new),8425 31 00,,Winches and capstans powered by electric motor,,Added: EU proposal COM(2025)989 of 17 Dec 2025 (downstream goods)
Combined metal products (new),8425 39 00,,Other winches and capstans,,Added: EU proposal COM(2025)989 of 17 Dec 2025 (downstream goods)
Combined metal products (new),8425 42 00,,"Other jacks and hoists, hydraulic, for raising vehicles",,Added: EU proposal COM(2025)989 of 17 Dec 2025 (downstream goods)
Combined metal products (new),8426 19 00,,Other overhead travelling/gantry/bridge cranes and mobile lifting frames,,Added: EU proposal COM(2025)989 of 17 Dec 2025 (downstream goods)
Combined metal products (new),8426 99 00,,"Other derricks, cranes, mobile lifting frames",,Added: EU proposal COM(2025)989 of 17 Dec 2025 (downstream goods)
Combined metal products (new),8427 90 00,,"Other works trucks with lifting/handling equipment, not self-propelled",,Added: EU proposal COM(2025)989 of 17 Dec 2025 (downstream goods)
Combined metal products (new),8428 20 20,8428 20,Pneumatic elevators and conveyors,,Added: EU proposal COM(2025)989 of 17 Dec 2025 (downstream goods)
Combined metal products (new),8428 20 80,8428 20,Pneumatic elevators and conveyors,,Added: EU proposal COM(2025)989 of 17 Dec 2025 (downstream goods)
Combined metal products (new),8428 33 00,,"Continuous-action elevators/conveyors for goods/materials, belt type",,Added: EU proposal COM(2025)989 of 17 Dec 2025 (downstream goods)
Combined metal products (new),8428 39 90,,Other continuous-action elevators/conveyors for goods/materials,,Added: EU proposal COM(2025)989 of 17 Dec 2025 (downstream goods)
Combined metal products (new),8428 70 00,,Industrial robots,,Added: EU proposal COM(2025)989 of 17 Dec 2025 (downstream goods)
Combined metal products (new),8428 90 71,8428 90,"Other machinery for lifting/handling/loading/unloading, n.e.s.",,Added: EU proposal COM(2025)989 of 17 Dec 2025 (downstream goods)
Combined metal products (new),8428 90 79,8428 90,"Other machinery for lifting/handling/loading/unloading, n.e.s.",,Added: EU proposal COM(2025)989 of 17 Dec 2025 (downstream goods)
Combined metal products (new),8428 90 90,8428 90,"Other machinery for lifting/handling/loading/unloading, n.e.s.",,Added: EU proposal COM(2025)989 of 17 Dec 2025 (downstream goods)
Combined metal products (new),8430 61 00,,"Tamping or compacting machinery, not self-propelled",,Added: EU proposal COM(2025)989 of 17 Dec 2025 (downstream goods)
Combined metal products (new),8430 69 00,,"Other machinery, not self-propelled (heading 8430)",,Added: EU proposal COM(2025)989 of 17 Dec 2025 (downstream goods)
Combined metal products (new),8431 10 00,,Parts of machinery of heading 8425,ex – containing steel or aluminium,Added: EU proposal COM(2025)989 of 17 Dec 2025 (downstream goods)
Combined metal products (new),8431 20 00,,Parts of machinery of heading 8427,ex – containing steel or aluminium,Added: EU proposal COM(2025)989 of 17 Dec 2025 (downstream goods)
Combined metal products (new),8431 31 00,,"Parts of lifts, skip hoists or escalators",ex – containing steel or aluminium,Added: EU proposal COM(2025)989 of 17 Dec 2025 (downstream goods)
Combined metal products (new),8431 39 00,,Other parts of machinery of heading 8428,ex – containing steel or aluminium,Added: EU proposal COM(2025)989 of 17 Dec 2025 (downstream goods)
Combined metal products (new),8431 49 20,8431 49,"Other parts of machinery of heading 8426, 8429 or 8430",,Added: EU proposal COM(2025)989 of 17 Dec 2025 (downstream goods)
Combined metal products (new),8431 49 80,8431 49,"Other parts of machinery of heading 8426, 8429 or 8430",,Added: EU proposal COM(2025)989 of 17 Dec 2025 (downstream goods)
Combined metal products (new),8432 80 00,,Other agric./horticultural/forestry soil machinery; rollers,,Added: EU proposal COM(2025)989 of 17 Dec 2025 (downstream goods)
Combined metal products (new),8432 90 00,,Parts of agric./horticultural/forestry soil machinery,,Added: EU proposal COM(2025)989 of 17 Dec 2025 (downstream goods)
Combined metal products (new),8450 11 11,8450 11,Fully-automatic household or laundry-type washing machines,,Added: EU proposal COM(2025)989 of 17 Dec 2025 (downstream goods)
Combined metal products (new),8450 11 19,8450 11,Fully-automatic household or laundry-type washing machines,,Added: EU proposal COM(2025)989 of 17 Dec 2025 (downstream goods)
Combined metal products (new),8450 11 90,8450 11,Fully-automatic household or laundry-type washing machines,,Added: EU proposal COM(2025)989 of 17 Dec 2025 (downstream goods)
Combined metal products (new),8450 12 00,,Other washing machines with built-in centrifugal drier,,Added: EU proposal COM(2025)989 of 17 Dec 2025 (downstream goods)
Combined metal products (new),8450 19 00,,"Other household/laundry washing machines, dry linen <=10 kg",,Added: EU proposal COM(2025)989 of 17 Dec 2025 (downstream goods)
Combined metal products (new),8451 21 00,,"Drying machines, dry linen capacity <=10 kg",,Added: EU proposal COM(2025)989 of 17 Dec 2025 (downstream goods)
Combined metal products (new),8454 10 00,,Converters of a kind used in metallurgy or metal foundries,,Added: EU proposal COM(2025)989 of 17 Dec 2025 (downstream goods)
Combined metal products (new),8454 20 00,,"Ingot moulds and ladles, metallurgy/foundries",,Added: EU proposal COM(2025)989 of 17 Dec 2025 (downstream goods)
Combined metal products (new),8454 30 10,8454 30,"Casting machines, metallurgy/foundries",,Added: EU proposal COM(2025)989 of 17 Dec 2025 (downstream goods)
Combined metal products (new),8454 30 90,8454 30,"Casting machines, metallurgy/foundries",,Added: EU proposal COM(2025)989 of 17 Dec 2025 (downstream goods)
Combined metal products (new),8464 10 00,,Sawing machines (stone/ceramic/concrete/glass),,Added: EU proposal COM(2025)989 of 17 Dec 2025 (downstream goods)
Combined metal products (new),8464 90 00,,Other machine tools for stone/ceramics/concrete/glass,,Added: EU proposal COM(2025)989 of 17 Dec 2025 (downstream goods)
Combined metal products (new),8474 10 00,,Sorting/screening/separating/washing machines for minerals,,Added: EU proposal COM(2025)989 of 17 Dec 2025 (downstream goods)
Combined metal products (new),8474 20 00,,Crushing or grinding machines for minerals,,Added: EU proposal COM(2025)989 of 17 Dec 2025 (downstream goods)
Combined metal products (new),8474 39 00,,Other mixing/kneading machines for minerals,,Added: EU proposal COM(2025)989 of 17 Dec 2025 (downstream goods)
Combined metal products (new),8479 10 00,,"Machinery for public works, building or the like",,Added: EU proposal COM(2025)989 of 17 Dec 2025 (downstream goods)
Combined metal products (new),8480 50 00,,Moulds for glass,ex – containing iron,Added: EU proposal COM(2025)989 of 17 Dec 2025 (downstream goods)
Combined metal products (new),8501 32 00,,DC motors/generators >750 W to 75 kW,,Added: EU proposal COM(2025)989 of 17 Dec 2025 (downstream goods)
Combined metal products (new),8501 53 81,,"AC motors, multi-phase, >75 kW to 375 kW",,Added: EU proposal COM(2025)989 of 17 Dec 2025 (downstream goods)
Combined metal products (new),8504 31 80,,"Other transformers, power handling capacity <=1 kVA",,Added: EU proposal COM(2025)989 of 17 Dec 2025 (downstream goods)
Combined metal products (new),8504 33 00,,"Other transformers, 16-500 kVA",,Added: EU proposal COM(2025)989 of 17 Dec 2025 (downstream goods)
Combined metal products (new),8504 50 00,,Inductors,ex – containing steel or aluminium,Added: EU proposal COM(2025)989 of 17 Dec 2025 (downstream goods)
Combined metal products (new),8515 39 90,,"Other machines/apparatus for arc welding of metals, incl. plasma arc",,Added: EU proposal COM(2025)989 of 17 Dec 2025 (downstream goods)
Combined metal products (new),8544 11 10,,"Copper winding wire, lacquered or enamelled",ex – containing steel or aluminium,Added: EU proposal COM(2025)989 of 17 Dec 2025 (downstream goods)
Combined metal products (new),8544 11 90,,"Copper winding wire, insulated (excl. lacquered/enamelled)",ex – containing steel or aluminium,Added: EU proposal COM(2025)989 of 17 Dec 2025 (downstream goods)
Combined metal products (new),8544 19 00,,"Winding wire (non-copper), insulated",ex – containing steel or aluminium,Added: EU proposal COM(2025)989 of 17 Dec 2025 (downstream goods)
Combined metal products (new),8544 49 20,,"Conductors <=80 V, telecom use, insulated",ex – containing steel or aluminium,Added: EU proposal COM(2025)989 of 17 Dec 2025 (downstream goods)
Combined metal products (new),8544 49 91,,"Electric wire/cable <=1000 V, conductor dia >0.51 mm",ex – containing steel or aluminium,Added: EU proposal COM(2025)989 of 17 Dec 2025 (downstream goods)
Combined metal products (new),8544 49 93,,"Conductors <=80 V, insulated, n.e.s.",ex – containing steel or aluminium,Added: EU proposal COM(2025)989 of 17 Dec 2025 (downstream goods)
Combined metal products (new),8544 49 95,,"Conductors 80-1000 V, insulated, n.e.s.",ex – containing steel or aluminium,Added: EU proposal COM(2025)989 of 17 Dec 2025 (downstream goods)
Combined metal products (new),8544 49 99,,"Conductors ~1000 V, insulated, n.e.s.",ex – containing steel or aluminium,Added: EU proposal COM(2025)989 of 17 Dec 2025 (downstream goods)
Combined metal products (new),8544 60 10,,"Conductors >1000 V, with copper conductors",ex – containing steel or aluminium,Added: EU proposal COM(2025)989 of 17 Dec 2025 (downstream goods)
Combined metal products (new),8544 60 90,,"Conductors >1000 V, non-copper",ex – containing steel or aluminium,Added: EU proposal COM(2025)989 of 17 Dec 2025 (downstream goods)
Combined metal products (new),8704 21 10,8704 21,"Goods motor vehicles, diesel, GVW <=5 t",ex – excl. CN 8704 21 39 and 8704 21 99,Added: EU proposal COM(2025)989 of 17 Dec 2025 (downstream goods)
Combined metal products (new),8704 21 31,8704 21,"Goods motor vehicles, diesel, GVW <=5 t",ex – excl. CN 8704 21 39 and 8704 21 99,Added: EU proposal COM(2025)989 of 17 Dec 2025 (downstream goods)
Combined metal products (new),8704 21 91,8704 21,"Goods motor vehicles, diesel, GVW <=5 t",ex – excl. CN 8704 21 39 and 8704 21 99,Added: EU proposal COM(2025)989 of 17 Dec 2025 (downstream goods)
Combined metal products (new),8704 22 10,8704 22,"Goods motor vehicles, diesel, GVW 5-20 t",ex – excl. CN 8704 22 99,Added: EU proposal COM(2025)989 of 17 Dec 2025 (downstream goods)
Combined metal products (new),8704 22 91,8704 22,"Goods motor vehicles, diesel, GVW 5-20 t",ex – excl. CN 8704 22 99,Added: EU proposal COM(2025)989 of 17 Dec 2025 (downstream goods)
Combined metal products (new),8704 23 10,8704 23,"Goods motor vehicles, diesel, GVW >20 t",ex – excl. CN 8704 23 99,Added: EU proposal COM(2025)989 of 17 Dec 2025 (downstream goods)
Combined metal products (new),8704 23 91,8704 23,"Goods motor vehicles, diesel, GVW >20 t",ex – excl. CN 8704 23 99,Added: EU proposal COM(2025)989 of 17 Dec 2025 (downstream goods)
Combined metal products (new),8704 31 10,8704 31,"Goods motor vehicles, spark-ignition, GVW <=5 t",ex – excl. CN 8704 31 39 and 8704 31 99,Added: EU proposal COM(2025)989 of 17 Dec 2025 (downstream goods)
Combined metal products (new),8704 31 31,8704 31,"Goods motor vehicles, spark-ignition, GVW <=5 t",ex – excl. CN 8704 31 39 and 8704 31 99,Added: EU proposal COM(2025)989 of 17 Dec 2025 (downstream goods)
Combined metal products (new),8704 31 91,8704 31,"Goods motor vehicles, spark-ignition, GVW <=5 t",ex – excl. CN 8704 31 39 and 8704 31 99,Added: EU proposal COM(2025)989 of 17 Dec 2025 (downstream goods)
Combined metal products (new),8704 32 10,8704 32,"Goods motor vehicles, spark-ignition, GVW >5 t",ex – excl. CN 8704 32 99,Added: EU proposal COM(2025)989 of 17 Dec 2025 (downstream goods)
Combined metal products (new),8704 32 91,8704 32,"Goods motor vehicles, spark-ignition, GVW >5 t",ex – excl. CN 8704 32 99,Added: EU proposal COM(2025)989 of 17 Dec 2025 (downstream goods)
Combined metal products (new),8704 41 10,8704 41,"Goods motor vehicles, diesel+electric, GVW <=5 t",ex – excl. CN 8704 41 39 and 8704 41 99,Added: EU proposal COM(2025)989 of 17 Dec 2025 (downstream goods)
Combined metal products (new),8704 41 31,8704 41,"Goods motor vehicles, diesel+electric, GVW <=5 t",ex – excl. CN 8704 41 39 and 8704 41 99,Added: EU proposal COM(2025)989 of 17 Dec 2025 (downstream goods)
Combined metal products (new),8704 41 91,8704 41,"Goods motor vehicles, diesel+electric, GVW <=5 t",ex – excl. CN 8704 41 39 and 8704 41 99,Added: EU proposal COM(2025)989 of 17 Dec 2025 (downstream goods)
Combined metal products (new),8704 42 10,8704 42,"Goods motor vehicles, diesel+electric, GVW 5-20 t",ex – excl. CN 8704 42 99,Added: EU proposal COM(2025)989 of 17 Dec 2025 (downstream goods)
Combined metal products (new),8704 42 91,8704 42,"Goods motor vehicles, diesel+electric, GVW 5-20 t",ex – excl. CN 8704 42 99,Added: EU proposal COM(2025)989 of 17 Dec 2025 (downstream goods)
Combined metal products (new),8704 43 10,8704 43,"Goods motor vehicles, diesel+electric, GVW >20 t",ex – excl. CN 8704 43 99,Added: EU proposal COM(2025)989 of 17 Dec 2025 (downstream goods)
Combined metal products (new),8704 43 91,8704 43,"Goods motor vehicles, diesel+electric, GVW >20 t",ex – excl. CN 8704 43 99,Added: EU proposal COM(2025)989 of 17 Dec 2025 (downstream goods)
Combined metal products (new),8704 60 00,,"Goods motor vehicles, electric only",,Added: EU proposal COM(2025)989 of 17 Dec 2025 (downstream goods)
Combined metal products (new),8704 90 00,,Other goods motor vehicles,,Added: EU proposal COM(2025)989 of 17 Dec 2025 (downstream goods)
Combined metal products (new),8706 00 11,8706 00,"Chassis fitted with engines, for vehicles of 8701-8705",,Added: EU proposal COM(2025)989 of 17 Dec 2025 (downstream goods)
Combined metal products (new),8706 00 19,8706 00,"Chassis fitted with engines, for vehicles of 8701-8705",,Added: EU proposal COM(2025)989 of 17 Dec 2025 (downstream goods)
Combined metal products (new),8706 00 91,8706 00,"Chassis fitted with engines, for vehicles of 8701-8705",,Added: EU proposal COM(2025)989 of 17 Dec 2025 (downstream goods)
Combined metal products (new),8706 00 99,8706 00,"Chassis fitted with engines, for vehicles of 8701-8705",,Added: EU proposal COM(2025)989 of 17 Dec 2025 (downstream goods)
Combined metal products (new),8707 10 10,8707 10,Bodies for the vehicles of heading 8703,,Added: EU proposal COM(2025)989 of 17 Dec 2025 (downstream goods)
Combined metal products (new),8707 10 90,8707 10,Bodies for the vehicles of heading 8703,,Added: EU proposal COM(2025)989 of 17 Dec 2025 (downstream goods)
Combined metal products (new),8708 40 20,8708 40,"Gear boxes and parts thereof, of vehicles 8701-8705",,Added: EU proposal COM(2025)989 of 17 Dec 2025 (downstream goods)
Combined metal products (new),8708 40 50,8708 40,"Gear boxes and parts thereof, of vehicles 8701-8705",,Added: EU proposal COM(2025)989 of 17 Dec 2025 (downstream goods)
Combined metal products (new),8708 40 91,8708 40,"Gear boxes and parts thereof, of vehicles 8701-8705",,Added: EU proposal COM(2025)989 of 17 Dec 2025 (downstream goods)
Combined metal products (new),8708 40 99,8708 40,"Gear boxes and parts thereof, of vehicles 8701-8705",,Added: EU proposal COM(2025)989 of 17 Dec 2025 (downstream goods)
Combined metal products (new),8708 70 10,8708 70,"Road wheels and parts/accessories, of vehicles 8701-8705",,Added: EU proposal COM(2025)989 of 17 Dec 2025 (downstream goods)
Combined metal products (new),8708 70 50,8708 70,"Road wheels and parts/accessories, of vehicles 8701-8705",,Added: EU proposal COM(2025)989 of 17 Dec 2025 (downstream goods)
Combined metal products (new),8708 70 91,8708 70,"Road wheels and parts/accessories, of vehicles 8701-8705",,Added: EU proposal COM(2025)989 of 17 Dec 2025 (downstream goods)
Combined metal products (new),8708 70 99,8708 70,"Road wheels and parts/accessories, of vehicles 8701-8705",,Added: EU proposal COM(2025)989 of 17 Dec 2025 (downstream goods)
Combined metal products (new),8708 80 20,8708 80,Suspension systems and parts (incl. shock absorbers),,Added: EU proposal COM(2025)989 of 17 Dec 2025 (downstream goods)
Combined metal products (new),8708 80 35,8708 80,Suspension systems and parts (incl. shock absorbers),,Added: EU proposal COM(2025)989 of 17 Dec 2025 (downstream goods)
Combined metal products (new),8708 80 55,8708 80,Suspension systems and parts (incl. shock absorbers),,Added: EU proposal COM(2025)989 of 17 Dec 2025 (downstream goods)
Combined metal products (new),8708 80 91,8708 80,Suspension systems and parts (incl. shock absorbers),,Added: EU proposal COM(2025)989 of 17 Dec 2025 (downstream goods)
Combined metal products (new),8708 80 99,8708 80,Suspension systems and parts (incl. shock absorbers),,Added: EU proposal COM(2025)989 of 17 Dec 2025 (downstream goods)
Combined metal products (new),8708 91 20,8708 91,"Radiators and parts thereof, for vehicle assembly",ex – containing steel or aluminium,Added: EU proposal COM(2025)989 of 17 Dec 2025 (downstream goods)
Combined metal products (new),8708 91 35,8708 91,"Radiators and parts thereof, for vehicle assembly",ex – containing steel or aluminium,Added: EU proposal COM(2025)989 of 17 Dec 2025 (downstream goods)
Combined metal products (new),8708 91 91,8708 91,"Radiators and parts thereof, for vehicle assembly",ex – containing steel or aluminium,Added: EU proposal COM(2025)989 of 17 Dec 2025 (downstream goods)
Combined metal products (new),8708 91 99,8708 91,"Radiators and parts thereof, for vehicle assembly",ex – containing steel or aluminium,Added: EU proposal COM(2025)989 of 17 Dec 2025 (downstream goods)
Combined metal products (new),8716 80 00,,Other vehicles pushed or drawn by hand,ex,Added: EU proposal COM(2025)989 of 17 Dec 2025 (downstream goods)
Combined metal products (new),8716 90 90,,"Other parts of trailers, semi-trailers and other vehicles",,Added: EU proposal COM(2025)989 of 17 Dec 2025 (downstream goods)
Combined metal products (new),9027 10 90,,Other gas or smoke analysis apparatus,ex – containing steel or aluminium,Added: EU proposal COM(2025)989 of 17 Dec 2025 (downstream goods)
Combined metal products (new),9401 79 00,,Seats with metal frames,,Added: EU proposal COM(2025)989 of 17 Dec 2025 (downstream goods)
Combined metal products (new),9403 10 51,9403 10,Metal furniture of a kind used in offices,,Added: EU proposal COM(2025)989 of 17 Dec 2025 (downstream goods)
Combined metal products (new),9403 10 58,9403 10,Metal furniture of a kind used in offices,,Added: EU proposal COM(2025)989 of 17 Dec 2025 (downstream goods)
Combined metal products (new),9403 10 91,9403 10,Metal furniture of a kind used in offices,,Added: EU proposal COM(2025)989 of 17 Dec 2025 (downstream goods)
Combined metal products (new),9403 10 93,9403 10,Metal furniture of a kind used in offices,,Added: EU proposal COM(2025)989 of 17 Dec 2025 (downstream goods)
Combined metal products (new),9403 10 98,9403 10,Metal furniture of a kind used in offices,,Added: EU proposal COM(2025)989 of 17 Dec 2025 (downstream goods)
Combined metal products (new),9403 20 20,9403 20,Other metal furniture,ex – containing steel or aluminium,Added: EU proposal COM(2025)989 of 17 Dec 2025 (downstream goods)
Combined metal products (new),9403 20 80,9403 20,Other metal furniture,ex – containing steel or aluminium,Added: EU proposal COM(2025)989 of 17 Dec 2025 (downstream goods)
Combined metal products (new),9406 90 90,,Prefabricated buildings,ex – containing steel or aluminium,Added: EU proposal COM(2025)989 of 17 Dec 2025 (downstream goods)
Iron & steel family (compromise add),7312 90 00,,"Plaited bands, slings and the like, of iron or steel (excl. electrically insulated products)",,Added: 29 May 2026 Council compromise (NOTE 1 – further downstream goods)
Iron & steel family (compromise add),7314 12 00,,"Endless bands of stainless steel wire, for machinery",,Added: 29 May 2026 Council compromise (NOTE 1 – further downstream goods)
Iron & steel family (compromise add),7314 20 10,,"Grill, netting and fencing, welded at the intersection, having a mesh size of >= 100 cm², of ribbed iron or steel wire of a maximum cross-sectional dimension of >= 3 mm",,Added: 29 May 2026 Council compromise (NOTE 1 – further downstream goods)
Iron & steel family (compromise add),7314 20 90,,"Grill, netting and fencing, welded at the intersection, having a mesh size of >= 100 cm², of iron or steel wire, the constituent material of which having a maximum cross-sectional dimension of >= 3 mm (other than of ribbed wire)",,Added: 29 May 2026 Council compromise (NOTE 1 – further downstream goods)
Iron & steel family (compromise add),7314 42 00,,"Grill, netting and fencing, of iron or steel wire, not welded at the intersection, coated with plastics",,Added: 29 May 2026 Council compromise (NOTE 1 – further downstream goods)
Iron & steel family (compromise add),7314 50 00,,"Expanded metal, of iron or steel",,Added: 29 May 2026 Council compromise (NOTE 1 – further downstream goods)
Iron & steel family (compromise add),7320 10 11,,"Laminated leaf-springs and leaves therefor, of iron or steel",,Added: 29 May 2026 Council compromise (NOTE 1 – further downstream goods)
Iron & steel family (compromise add),7320 10 19,,"Leaf-springs and leaves therefor, of iron or steel, hot-worked (excl. laminated)",,Added: 29 May 2026 Council compromise (NOTE 1 – further downstream goods)
Iron & steel family (compromise add),7320 10 90,,"Leaf-springs and leaves therefor, of iron or steel (excl. hot- worked)",,Added: 29 May 2026 Council compromise (NOTE 1 – further downstream goods)
Iron & steel family (compromise add),7320 20 20,,"Helical springs, of iron or steel, hot-worked (excl. flat spiral springs, clock and watch springs, springs for sticks and handles of umbrellas or parasols, and shock absorbers of Section 17)",,Added: 29 May 2026 Council compromise (NOTE 1 – further downstream goods)
Iron & steel family (compromise add),7320 20 81,,"Coil compression springs, of iron or steel",,Added: 29 May 2026 Council compromise (NOTE 1 – further downstream goods)
Iron & steel family (compromise add),7320 20 85,,"Coil tension springs, of iron or steel",,Added: 29 May 2026 Council compromise (NOTE 1 – further downstream goods)
Iron & steel family (compromise add),7320 90 10,,"Flat spiral springs, of iron or steel",,Added: 29 May 2026 Council compromise (NOTE 1 – further downstream goods)
Iron & steel family (compromise add),7320 90 30,,"Discs springs, of iron or steel",,Added: 29 May 2026 Council compromise (NOTE 1 – further downstream goods)
Iron & steel family (compromise add),7323 93 00,,"Table, kitchen or other household articles, and parts thereof, of stainless steel (excl. cans, boxes and similar containers of heading 7310; waste baskets; shovels, corkscrews and other articles of the nature of a work implement; articles of cutlery, spoons, ladles, forks etc. of heading 8211 to 8215; ornamental articles; sanitary ware)",,Added: 29 May 2026 Council compromise (NOTE 1 – further downstream goods)
Base-metal articles (compromise add),8302 10 00,,"Hinges of all kinds, of base metal",,Added: 29 May 2026 Council compromise (NOTE 1 – further downstream goods)
Base-metal articles (compromise add),8302 30 00,,"Base metal mountings, fittings and similar articles suitable for motor vehicles (excl. hinges and castors)",,Added: 29 May 2026 Council compromise (NOTE 1 – further downstream goods)
Base-metal articles (compromise add),8302 41 10,,Base metal mountings and fittings suitable for doors (excl. locks with keys and hinges),,Added: 29 May 2026 Council compromise (NOTE 1 – further downstream goods)
Base-metal articles (compromise add),8302 41 50,,Base metal mountings and fittings suitable for windows and French windows (excl. locks with keys and hinges),,Added: 29 May 2026 Council compromise (NOTE 1 – further downstream goods)
Base-metal articles (compromise add),8302 41 90,,"Base metal mountings and fittings suitable for buildings (excl. for doors, windows and French windows and locks with keys and hinges)",,Added: 29 May 2026 Council compromise (NOTE 1 – further downstream goods)
Base-metal articles (compromise add),8302 60 00,,Automatic door closers of base metal,,Added: 29 May 2026 Council compromise (NOTE 1 – further downstream goods)
Base-metal articles (compromise add),8309 10 00,,Crown corks of base metal,,Added: 29 May 2026 Council compromise (NOTE 1 – further downstream goods)
Base-metal articles (compromise add),8309 90 10,,"Capsules of lead, for bottles; capsules of aluminium of a diameter > 21 mm, for bottles (excl. crown corks)",,Added: 29 May 2026 Council compromise (NOTE 1 – further downstream goods)
Machinery/appliances (compromise add),8407 34 10,,"Spark ignition reciprocating piston engine of a cylinder capacity > 1.000 cm³, for the industrial assembly of : pedestrian-controlled tractors of subheading 8701.10, motor vehicles of heading 8703, motor vehicles of heading 8704 with engines of a cylinder capacity < 2.800 cm³ and motor vehicles of heading 8705",,Added: 29 May 2026 Council compromise (NOTE 1 – further downstream goods)
Machinery/appliances (compromise add),8407 34 91,,"Spark-ignition reciprocating piston engine, of a kind used for vehicles of chapter 87, new, of a cylinder capacity <= 1.500 cm³ but > 1.000 cm³ (excl. engines of subheading 8407.34.10)",,Added: 29 May 2026 Council compromise (NOTE 1 – further downstream goods)
Machinery/appliances (compromise add),8407 34 99,,"Spark-ignition reciprocating piston engine, of a kind used for vehicles of chapter 87, new, of a cylinder capacity > 1.500 cm³ (excl. those used for the industrial assembly of pedestrian-controlled tractors of subheading 8701.10, motor vehicles of heading 8703, motor vehicles of heading 8704 with engines of a cylinder capacity < 2.800 cm³ and motor vehicles of heading 8705)",,Added: 29 May 2026 Council compromise (NOTE 1 – further downstream goods)
Machinery/appliances (compromise add),8408 20 31,,"Compression-ignition internal combustion piston engine ""diesel or semi-diesel engine"" for wheeled agricultural or forestry tractors, of a power <= 50 kW",,Added: 29 May 2026 Council compromise (NOTE 1 – further downstream goods)
Machinery/appliances (compromise add),8408 20 35,,"Compression-ignition internal combustion piston engine ""diesel or semi-diesel engine"" for wheeled agricultural or forestry tractors, of a power > 50 kW but <= 100 kW",,Added: 29 May 2026 Council compromise (NOTE 1 – further downstream goods)
Machinery/appliances (compromise add),8408 20 37,,"Compression-ignition internal combustion piston engine ""diesel or semi-diesel engine"" for wheeled agricultural or forestry tractors, of a power > 100 kW",,Added: 29 May 2026 Council compromise (NOTE 1 – further downstream goods)
Machinery/appliances (compromise add),8418 21 10,,"Household refrigerators, compression-type, of a capacity > 340 l",,Added: 29 May 2026 Council compromise (NOTE 1 – further downstream goods)
Machinery/appliances (compromise add),8418 21 51,,"Household refrigerators, compression-type, table model",,Added: 29 May 2026 Council compromise (NOTE 1 – further downstream goods)
Machinery/appliances (compromise add),8418 21 59,,"Household refrigerators, compression-type, building-in type",,Added: 29 May 2026 Council compromise (NOTE 1 – further downstream goods)
Machinery/appliances (compromise add),8418 21 91,,"Household refrigerators compression-type, of a capacity <= 250 l (excl. table models and building-in types)",,Added: 29 May 2026 Council compromise (NOTE 1 – further downstream goods)
Machinery/appliances (compromise add),8418 21 99,,"Household refrigerators, compression-type, of a capacity > 250 l but <= 340 l (excl. table models and building-in types)",,Added: 29 May 2026 Council compromise (NOTE 1 – further downstream goods)
Machinery/appliances (compromise add),8418 29 00,,"Household refrigerators, absorption-type",,Added: 29 May 2026 Council compromise (NOTE 1 – further downstream goods)
Machinery/appliances (compromise add),8418 50 90,,"Refrigerating furniture with a refrigerating unit or evaporator (excl. combined refrigerator-freezers with separate external doors or drawers or combinations thereof, household refrigerators, refrigerated show-cases and counters)",,Added: 29 May 2026 Council compromise (NOTE 1 – further downstream goods)
Machinery/appliances (compromise add),8418 99 10,,Evaporators and condensers for refrigerating equipment (excl. for household refrigerators),,Added: 29 May 2026 Council compromise (NOTE 1 – further downstream goods)
Machinery/appliances (compromise add),8419 11 00,,Instantaneous gas water heaters (excl. boilers or water heaters for central heating),,Added: 29 May 2026 Council compromise (NOTE 1 – further downstream goods)
Machinery/appliances (compromise add),8419 12 00,,Solar water heaters,,Added: 29 May 2026 Council compromise (NOTE 1 – further downstream goods)
Machinery/appliances (compromise add),8419 19 00,,"Instantaneous or storage water heaters, non-electric (excl. instantaneous gas water heaters, solar water heaters and boilers or water heaters for central heating)",,Added: 29 May 2026 Council compromise (NOTE 1 – further downstream goods)
Machinery/appliances (compromise add),8419 81 80,,"Machinery, plant and equipment for cooking or heating food (excl. percolators and other appliances for making hot drinks and domestic appliances)",,Added: 29 May 2026 Council compromise (NOTE 1 – further downstream goods)
Machinery/appliances (compromise add),8421 39 25,,"Machinery and apparatus for filtering or purifying air (excl. intake air filters for internal combustion engines, and those with stainless steel housing and with inlet and outlet tube bores with inside diameters <= 1,3 cm)",,Added: 29 May 2026 Council compromise (NOTE 1 – further downstream goods)
Machinery/appliances (compromise add),8421 39 35,,"Machinery and apparatus for filtering or purifying gases other than air by a catalytic process (excl. those with stainless steel housing and with inlet and outlet tube bores with inside diameters <= 1,3 cm, and catalytic converters for exhaust gases from internal combustion engines)",,Added: 29 May 2026 Council compromise (NOTE 1 – further downstream goods)
Machinery/appliances (compromise add),8421 99 10,,"Parts of machinery and apparatus of subheadings 84212920 or 84213915, n.e.s.",,Added: 29 May 2026 Council compromise (NOTE 1 – further downstream goods)
Machinery/appliances (compromise add),8421 99 90,,"Parts of machinery and apparatus for filtering or purifying liquids or gases, n.e.s.",,Added: 29 May 2026 Council compromise (NOTE 1 – further downstream goods)
Machinery/appliances (compromise add),8424 10 00,,"Fire extinguishers, whether or not charged",,Added: 29 May 2026 Council compromise (NOTE 1 – further downstream goods)
Machinery/appliances (compromise add),8424 41 00,,"Agricultural or horticultural sprayers, portable",,Added: 29 May 2026 Council compromise (NOTE 1 – further downstream goods)
Machinery/appliances (compromise add),8424 82 90,,"Agricultural or horticultural mechanical appliances, whether or not hand-operated, for projecting or dispersing liquids or powders (excl. sprayers and watering appliances)",,Added: 29 May 2026 Council compromise (NOTE 1 – further downstream goods)
Machinery/appliances (compromise add),8426 11 00,,Overhead travelling cranes on fixed support,,Added: 29 May 2026 Council compromise (NOTE 1 – further downstream goods)
Machinery/appliances (compromise add),8426 20 00,,Tower cranes,,Added: 29 May 2026 Council compromise (NOTE 1 – further downstream goods)
Machinery/appliances (compromise add),8426 30 00,,Portal or pedestal jib cranes,,Added: 29 May 2026 Council compromise (NOTE 1 – further downstream goods)
Machinery/appliances (compromise add),8426 41 00,,"Mobile cranes and works trucks fitted with a crane, self- propelled, on tyres (excl. wheel-mounted cranes, mobile lifting frames on tyres and straddle carriers)",,Added: 29 May 2026 Council compromise (NOTE 1 – further downstream goods)
Machinery/appliances (compromise add),8426 49 00,,"Mobile cranes and works trucks fitted with a crane, self- propelled (excl. those on tyres and straddle carriers)",,Added: 29 May 2026 Council compromise (NOTE 1 – further downstream goods)
Machinery/appliances (compromise add),8426 91 10,,Hydraulic cranes designed for the loading and unloading of the vehicle,,Added: 29 May 2026 Council compromise (NOTE 1 – further downstream goods)
Machinery/appliances (compromise add),8426 91 90,,Cranes designed for mounting on road vehicles (excl. hydraulic cranes designed for the loading and unloading of vehicles),,Added: 29 May 2026 Council compromise (NOTE 1 – further downstream goods)
Machinery/appliances (compromise add),8427 10 10,,"Self-propelled works trucks powered by an electric motor, with a lifting height >= 1 m",,Added: 29 May 2026 Council compromise (NOTE 1 – further downstream goods)
Machinery/appliances (compromise add),8427 10 90,,"Self-propelled works trucks powered by an electric motor, with a lifting height < 1 m",,Added: 29 May 2026 Council compromise (NOTE 1 – further downstream goods)
Machinery/appliances (compromise add),8427 20 11,,"Rough terrain fork-lift and other stacking trucks, self- propelled, with a lifting height >= 1 m",,Added: 29 May 2026 Council compromise (NOTE 1 – further downstream goods)
Machinery/appliances (compromise add),8427 20 19,,"Works trucks, self-propelled, with a lifting height >= 1 m, non- powered with an electric motor (excl. rough terrain fork- lift trucks and other stacking trucks)",,Added: 29 May 2026 Council compromise (NOTE 1 – further downstream goods)
Machinery/appliances (compromise add),8427 20 90,,"Works trucks, self-propelled, with a lifting height < 1 m, non- powered with an electric motor",,Added: 29 May 2026 Council compromise (NOTE 1 – further downstream goods)
Machinery/appliances (compromise add),8428 10 20,,"Lifts and skip hoists, electrically operated",,Added: 29 May 2026 Council compromise (NOTE 1 – further downstream goods)
Machinery/appliances (compromise add),8428 10 80,,"Lifts and skip hoists, non-electrically operated",,Added: 29 May 2026 Council compromise (NOTE 1 – further downstream goods)
Machinery/appliances (compromise add),8428 32 00,,"Continuous-action elevators and conveyors for goods or materials, bucket type (excl. for underground use)",,Added: 29 May 2026 Council compromise (NOTE 1 – further downstream goods)
Machinery/appliances (compromise add),8428 39 20,,Roller conveyors,,Added: 29 May 2026 Council compromise (NOTE 1 – further downstream goods)
Machinery/appliances (compromise add),8431 41 00,,"Buckets, shovels, grabs and grips for machinery of heading 8426, 8429 and 8430",,Added: 29 May 2026 Council compromise (NOTE 1 – further downstream goods)
Machinery/appliances (compromise add),8431 43 00,,"Parts for boring or sinking machinery of subheading 8430.41 or 8430.49, n.e.s.",,Added: 29 May 2026 Council compromise (NOTE 1 – further downstream goods)
Machinery/appliances (compromise add),8450 90 00,,"Parts of household or laundry-type washing machines, n.e.s.",,Added: 29 May 2026 Council compromise (NOTE 1 – further downstream goods)
Machinery/appliances (compromise add),8454 90 00,,"Parts of converters, ladles, ingot moulds and casting machines of a kind used in metallurgy or in metal foundries, n.e.s.",,Added: 29 May 2026 Council compromise (NOTE 1 – further downstream goods)
Machinery/appliances (compromise add),8474 90 10,,"Parts of machinery of heading 8474, of cast iron or cast steel",,Added: 29 May 2026 Council compromise (NOTE 1 – further downstream goods)
Machinery/appliances (compromise add),8474 90 90,,Parts of machinery of heading 8474 (excl. of cast iron or cast steel),,Added: 29 May 2026 Council compromise (NOTE 1 – further downstream goods)
Machinery/appliances (compromise add),8479 90 15,,Parts of automated electronic component placement machines of a kind used solely or principally for the manufacture of printed circuit assemblies,,Added: 29 May 2026 Council compromise (NOTE 1 – further downstream goods)
Machinery/appliances (compromise add),8479 90 20,,"Parts of machines and mechanical appliances having individual functions, of cast iron or cast steel, n.e.s.",,Added: 29 May 2026 Council compromise (NOTE 1 – further downstream goods)
Machinery/appliances (compromise add),8479 90 70,,"Parts of machines and mechanical appliances having individual functions, n.e.s. (excl. of cast iron or cast steel)",,Added: 29 May 2026 Council compromise (NOTE 1 – further downstream goods)
Machinery/appliances (compromise add),8480 49 00,,"Moulds for metal or metal carbides (excl. moulds of graphite or other carbons, ceramic or glass moulds, linotype moulds or matrices, injection or compression-type moulds and ingot moulds)",,Added: 29 May 2026 Council compromise (NOTE 1 – further downstream goods)
Machinery/appliances (compromise add),8480 71 00,,Injection or compression-type moulds for rubber or plastics,,Added: 29 May 2026 Council compromise (NOTE 1 – further downstream goods)
Electrical (compromise add),8501 10 10,,Synchronous motors of an output <= 18 W,,Added: 29 May 2026 Council compromise (NOTE 1 – further downstream goods)
Electrical (compromise add),8501 10 91,,"Universal AC-DC motors of an output <= 37,5 W",,Added: 29 May 2026 Council compromise (NOTE 1 – further downstream goods)
Electrical (compromise add),8501 10 93,,"AC motors of an output <= 37,5 W (excl. synchronous motors of an output <= 18 W)",,Added: 29 May 2026 Council compromise (NOTE 1 – further downstream goods)
Electrical (compromise add),8501 10 99,,"DC motors of an output <= 37,5 W",,Added: 29 May 2026 Council compromise (NOTE 1 – further downstream goods)
Electrical (compromise add),8501 31 00,,"DC motors of an output > 37,5 W but <= 750 W and DC generators of an output <= 750 W (excl. photovoltaic generators)",,Added: 29 May 2026 Council compromise (NOTE 1 – further downstream goods)
Electrical (compromise add),8501 40 20,,"AC motors, single phase, of an output of > 37,5 W but <= 750 W",,Added: 29 May 2026 Council compromise (NOTE 1 – further downstream goods)
Electrical (compromise add),8501 52 20,,"AC motors, multi-phase, of an output > 750 W but <= 7,5 kW",,Added: 29 May 2026 Council compromise (NOTE 1 – further downstream goods)
Electrical (compromise add),8501 52 90,,"AC motors, multi-phase, of an output > 37 kW but <= 75 kW",,Added: 29 May 2026 Council compromise (NOTE 1 – further downstream goods)
Electrical (compromise add),8501 53 50,,"AC traction motors, multi-phase, of an output > 75 kW",,Added: 29 May 2026 Council compromise (NOTE 1 – further downstream goods)
Electrical (compromise add),8501 53 94,,"AC motors, multi-phase, of an output of > 375 kW but <= 750 kW (excl. traction motors)",,Added: 29 May 2026 Council compromise (NOTE 1 – further downstream goods)
Electrical (compromise add),8501 53 99,,"AC motors, multi-phase, of an output > 750 kW (excl. traction motors)",,Added: 29 May 2026 Council compromise (NOTE 1 – further downstream goods)
Electrical (compromise add),8501 61 20,,"AC generators ""alternators"", of an output <= 7,5 kVA (excl. photovoltaic generators)",,Added: 29 May 2026 Council compromise (NOTE 1 – further downstream goods)
Electrical (compromise add),8501 61 80,,"AC generators ""alternators"", of an output > 7,5 kVA but <= 75 kVA (excl. photovoltaic generators)",,Added: 29 May 2026 Council compromise (NOTE 1 – further downstream goods)
Electrical (compromise add),8504 10 20,,"Inductors, whether or not connected with a capacitor",,Added: 29 May 2026 Council compromise (NOTE 1 – further downstream goods)
Electrical (compromise add),8504 21 00,,"Liquid dielectric transformers, having a power handling capacity <= 650 kVA",,Added: 29 May 2026 Council compromise (NOTE 1 – further downstream goods)
Electrical (compromise add),8504 22 10,,"Liquid dielectric transformers, having a power handling capacity > 650 kVA but <= 1.600 kVA",,Added: 29 May 2026 Council compromise (NOTE 1 – further downstream goods)
Electrical (compromise add),8504 22 90,,"Liquid dielectric transformers, having a power handling capacity > 1.600 kVA but <= 10.000 kVA",,Added: 29 May 2026 Council compromise (NOTE 1 – further downstream goods)
Electrical (compromise add),8504 31 21,,"Measuring transformers for voltage measurement, having a power handling capacity <= 1 kVA",,Added: 29 May 2026 Council compromise (NOTE 1 – further downstream goods)
Electrical (compromise add),8504 31 29,,Measuring transformers having a power handling capacity <= 1 kVA (other than for voltage measurement),,Added: 29 May 2026 Council compromise (NOTE 1 – further downstream goods)
Electrical (compromise add),8504 32 00,,"Transformers, having a power handling capacity > 1 kVA but <= 16 kVA (excl. liquid dielectric transformers)",,Added: 29 May 2026 Council compromise (NOTE 1 – further downstream goods)
Electrical (compromise add),8504 34 00,,Transformers having a power handling capacity > 500 kVA (excl. liquid dielectric transformers),,Added: 29 May 2026 Council compromise (NOTE 1 – further downstream goods)
Electrical (compromise add),8504 40 83,,Rectifiers,,Added: 29 May 2026 Council compromise (NOTE 1 – further downstream goods)
Electrical (compromise add),8504 90 11,,Ferrite cores for transformers and inductors,,Added: 29 May 2026 Council compromise (NOTE 1 – further downstream goods)
Electrical (compromise add),8504 90 13,,"Steel laminations and cores, whether or not stacked or wound, for transformers and inductors",,Added: 29 May 2026 Council compromise (NOTE 1 – further downstream goods)
Electrical (compromise add),8504 90 17,,"Parts of transformers and inductors, n.e.s. (excl. ferrite cores and steel laminations and cores)",,Added: 29 May 2026 Council compromise (NOTE 1 – further downstream goods)
Vehicles & parts (compromise add),8708 10 10,,"Bumpers and parts thereof, for the industrial assembly of motor cars and other motor vehicles principally designed for the transport of persons, vehicles for the transport of goods with compression-ignition internal combustion piston engine ""diesel or semi-diesel engine"" of a cylinder capacity <= 2.500 cm³ or with spark-ignition internal piston engine of a cylinder capacity <= 2.800 cm³ and special purpose motor vehicles of heading 8705, n.e.s.",,Added: 29 May 2026 Council compromise (NOTE 1 – further downstream goods)
Vehicles & parts (compromise add),8708 10 90,,"Bumpers and parts thereof for tractors, motor vehicles for the transport of ten or more persons, motor cars and other motor vehicles principally designed for the transport of persons, motor vehicles for the transport of goods and special purpose motor vehicles, n.e.s. (excl. those for the industrial assembly of certain motor vehicles of subheading 8708.10.10)",,Added: 29 May 2026 Council compromise (NOTE 1 – further downstream goods)
Vehicles & parts (compromise add),8708 22 10,,"Front windscreens ""windshields"", rear windows and other windows for motor vehicles of headings 8701 to 8705, for the industrial assembly of: Pedestrian-controlled tractors of subheading 870110;Vehicles of heading 8703; Vehicles of heading 8704 with either a compression-ignition internal combustion piston engine ""diesel or semi-diesel"" of a cylinder capacity <= 2500 cm3 or with a spark-ignition internal combustion piston engine of a cylinder capacity <= 2800 cm3; Vehicles of heading 8705",,Added: 29 May 2026 Council compromise (NOTE 1 – further downstream goods)
Vehicles & parts (compromise add),8708 22 90,,"Front windscreens ""windshields"", rear windows and other windows for motor vehicles of headings 8701 to 8705 (excl. for the industrial assembly of: Pedestrian-controlled tractors of subheading 870110;Vehicles of heading 8703; Vehicles of heading 8704 with either a compression-ignition internal combustion piston engine ""diesel or semi-diesel"" of a cylinder capacity <= 2500 cm3 or with a spark-ignition internal combustion piston engine of a cylinder capacity <= 2800 cm3; Vehicles of heading 8705)",,Added: 29 May 2026 Council compromise (NOTE 1 – further downstream goods)
Vehicles & parts (compromise add),8708 29 10,,"Parts and accessories for the industrial assembly of bodies of: pedestrian-controlled tractors, motor cars and vehicles principally designed for the transport of persons, vehicles for the transport of goods with compression-ignition internal combustion piston engine ""diesel or semi-diesel engine"" <= 2500 cm³ or spark-ignition internal piston engine <= 2800 cm³; special purpose motor vehicles of No 8705 (excl. bumpers, safety seat belts and front windscreens ""windshields"", rear windows and other windows)",,Added: 29 May 2026 Council compromise (NOTE 1 – further downstream goods)
Vehicles & parts (compromise add),8708 29 90,,"Parts and accessories for the industrial assembly of bodies of: tractors, motor vehicles for the transport of >= 10 persons, motor cars and vehicles principally designed for the transport of persons, motor vehicles for the transport of goods, special purpose motor vehicles (excl. bumpers and parts thereof, safety seat belts, front windscreens ""windshields"", rear windows and other windows and parts and accessories for the industrial assembly of motor vehicles of subheading 8708.29.10)",,Added: 29 May 2026 Council compromise (NOTE 1 – further downstream goods)
Vehicles & parts (compromise add),8708 30 10,,"Brakes and servo-brakes and their parts, for the industrial assembly of: pedestrian-controlled tractors, motor cars and vehicles principally designed for the transport of persons, vehicles for the transport of goods with compression-ignition internal combustion piston engine ""diesel or semi-diesel engine"" <= 2500 cm³ or with spark-ignition internal piston engine <= 2800 cm³, special purpose motor vehicles of heading 8705, n.e.s.",,Added: 29 May 2026 Council compromise (NOTE 1 – further downstream goods)
Vehicles & parts (compromise add),8708 30 91,,"Parts for disc brakes, for tractors, motor vehicles for the transport of ten or more persons, motor cars and other motor vehicles principally designed for the transport of persons, motor vehicles for the transport of goods and special purpose motor vehicles, n.e.s. (excl. those for the industrial assembly of certain motor vehicles of subheading 8708.30.10)",,Added: 29 May 2026 Council compromise (NOTE 1 – further downstream goods)
Vehicles & parts (compromise add),8708 30 99,,"Brakes and servo-brakes and their parts, for tractors, motor vehicles for the transport of ten or more persons, motor cars and other motor vehicles principally designed for the transport of persons, motor vehicles for the transport of goods and special purpose motor vehicles, n.e.s. (excl. those for the industrial assembly of certain motor vehicles of subheading 8708.30.10 and for disc brakes)",,Added: 29 May 2026 Council compromise (NOTE 1 – further downstream goods)
Vehicles & parts (compromise add),8708 50 20,,"Drive-axles with differential, whether or not provided with other transmission components, and non-driving axles, and parts thereof, for the industrial assembly of: pedestrian- controlled tractors, motor cars and vehicles principally designed for the transport of persons, vehicles for the transport of goods with compression-ignition internal combustion piston engine ""diesel or semi-diesel engine"" <= 2500 cm³ or with spark-ignition internal piston engine <= 2800 cm³, special purpose motor vehicles of heading 8705, n.e.s",,Added: 29 May 2026 Council compromise (NOTE 1 – further downstream goods)
Vehicles & parts (compromise add),8708 50 35,,"Drive-axles with differential, whether or not provided with other transmission components, and non-driving axles, for tractors, motor vehicles for the transport of ten or more persons, motor cars and other motor vehicles principally designed for the transport of persons, motor vehicles for the transport of goods and special purpose motor vehicles (excl. those for the industrial assembly of certain motor vehicles of subheading 8708.50.20)",,Added: 29 May 2026 Council compromise (NOTE 1 – further downstream goods)
Vehicles & parts (compromise add),8708 50 55,,"Parts for drive-axles with differential, whether or not provided with other transmission components, and for non- driving axles, of closed-die forged steel, for tractors, motor vehicles for the transport of ten or more persons, motor cars and other motor vehicles principally designed for the transport of persons, motor vehicles for the transport of goods and special purpose motor vehicles, n.e.s. (excl. those for the industrial assembly of certain motor vehicles of subheading 8708.50.20)",,Added: 29 May 2026 Council compromise (NOTE 1 – further downstream goods)
Vehicles & parts (compromise add),8708 50 91,,"Parts for non-driving axles, for tractors, motor vehicles for the transport of ten or more persons, motor cars and other motor vehicles principally designed for the transport of persons, motor vehicles for the transport of goods and special purpose motor vehicles, n.e.s. (excl. those for the industrial assembly of certain motor vehicles of subheading 8708.50.20 and of closed-die forged steel)",,Added: 29 May 2026 Council compromise (NOTE 1 – further downstream goods)
Vehicles & parts (compromise add),8708 50 99,,"Parts for drive-axles with differential, whether or not provided with other transmission components, for tractors, motor vehicles for the transport of ten or more persons, motor cars and other motor vehicles principally designed for the transport of persons, motor vehicles for the transport of goods and special purpose motor vehicles, n.e.s. (excl. those for the industrial assembly of certain motor vehicles of subheading 8708.50.20, for non-driving axles and of closed-die forged steel)",,Added: 29 May 2026 Council compromise (NOTE 1 – further downstream goods)
Vehicles & parts (compromise add),8708 92 20,,"Silencers ""mufflers"" and exhaust pipes, and parts thereof, for the industrial assembly of: pedestrian-controlled tractors, motor cars and vehicles principally designed for the transport of persons, vehicles for the transport of goods with compression-ignition internal combustion piston engine ""diesel or semi-diesel engine"" <= 2500 cm³ or with spark- ignition internal piston engine <= 2800 cm³, special purpose motor vehicles of heading 8705, n.e.s",,Added: 29 May 2026 Council compromise (NOTE 1 – further downstream goods)
Vehicles & parts (compromise add),8708 92 35,,"Silencers ""mufflers"" and exhaust pipes, for tractors, motor vehicles for the transport of ten or more persons, motor cars and other motor vehicles principally designed for the transport of persons, motor vehicles for the transport of goods and special purpose motor vehicles (excl. those for the industrial assembly of certain motor vehicles of subheading 8708.92.20)",,Added: 29 May 2026 Council compromise (NOTE 1 – further downstream goods)
Vehicles & parts (compromise add),8708 92 91,,"Parts for silencers ""mufflers"" and exhaust pipes, of closed-die forged steel, for tractors, motor vehicles for the transport of ten or more persons, motor cars and other motor vehicles principally designed for the transport of persons, motor vehicles for the transport of goods and special purpose motor vehicles, n.e.s. (excl. those for the industrial assembly of certain motor vehicles of subheading 8708.92.20)",,Added: 29 May 2026 Council compromise (NOTE 1 – further downstream goods)
Vehicles & parts (compromise add),8708 92 99,,"Parts for silencers ""mufflers"" and exhaust pipes, for tractors, motor vehicles for the transport of ten or more persons, motor cars and other motor vehicles principally designed for the transport of persons, motor vehicles for the transport of goods and special purpose motor vehicles, n.e.s. (excl. those for the industrial assembly of certain motor vehicles of subheading 8708.92.20 and of closed-die forged steel)",,Added: 29 May 2026 Council compromise (NOTE 1 – further downstream goods)
Vehicles & parts (compromise add),8708 93 10,,"Clutches and parts thereof, for the industrial assembly of: pedestrian-controlled tractors, motor cars and vehicles principally designed for the transport of persons, vehicles for the transport of goods with compression-ignition internal combustion piston engine ""diesel or semi-diesel engine"" <= 2500 cm³ or with spark-ignition internal piston engine <= 2800 cm³, special purpose motor vehicles of heading 8705, n.e.s.",,Added: 29 May 2026 Council compromise (NOTE 1 – further downstream goods)
Vehicles & parts (compromise add),8708 93 90,,"Clutches and parts thereof, for tractors, motor vehicles for the transport of ten or more persons, motor cars and other motor vehicles principally designed for the transport of persons, motor vehicles for the transport of goods and special purpose motor vehicles, n.e.s. (excl. those for the industrial assembly of certain motor vehicles of subheading 8708.93.10)",,Added: 29 May 2026 Council compromise (NOTE 1 – further downstream goods)
Vehicles & parts (compromise add),8708 94 20,,"Steering wheels, steering columns and steering boxes, and parts thereof, for the industrial assembly of: motor cars and vehicles principally designed for the transport of persons, vehicles for the transport of goods with compression-ignition internal combustion piston engine ""diesel or semi-diesel engine"" <= 2500 cm³ or with spark-ignition internal piston engine <= 2800 cm³, special purpose motor vehicles of heading 8705, n.e.s",,Added: 29 May 2026 Council compromise (NOTE 1 – further downstream goods)
Vehicles & parts (compromise add),8708 94 35,,"Steering wheels, columns and boxes, for tractors, motor vehicles for the transport of ten or more persons, motor cars and other motor vehicles principally designed for the transport of persons, motor vehicles for the transport of goods and special purpose motor vehicles (excl. those for the industrial assembly of certain motor vehicles of subheading 8708.94.20)",,Added: 29 May 2026 Council compromise (NOTE 1 – further downstream goods)
Vehicles & parts (compromise add),8708 94 91,,"Parts for steering wheels, steering columns and steering boxes, of closed-die forged steel, for tractors, motor vehicles for the transport of ten or more persons, motor cars and other motor vehicles principally designed for the transport of persons, motor vehicles for the transport of goods and special purpose motor vehicles, n.e.s. (excl. those for the industrial assembly of certain motor vehicles of subheading 8708.94.20)",,Added: 29 May 2026 Council compromise (NOTE 1 – further downstream goods)
Vehicles & parts (compromise add),8708 94 99,,"Parts for steering wheels, steering columns and steering boxes, for tractors, motor vehicles for the transport of ten or more persons, motor cars and other motor vehicles principally designed for the transport of persons, motor vehicles for the transport of goods and special purpose motor vehicles, n.e.s. (excl. those for the industrial assembly of certain motor vehicles of subheading 8708.94.20 and of closed-die forged steel)",,Added: 29 May 2026 Council compromise (NOTE 1 – further downstream goods)
Vehicles & parts (compromise add),8708 99 10,,"Parts and accessories for the industrial assembly of: pedestrian-controlled tractors, motor cars and vehicles principally designed for the transport of persons, vehicles for the transport of goods with compression-ignition internal combustion piston engine ""diesel or semi-diesel engine"" <= 2500 cm³ or with spark-ignition internal piston engine <= 2800 cm³, special purpose motor vehicles of heading 8705, n.e.s.",,Added: 29 May 2026 Council compromise (NOTE 1 – further downstream goods)
Vehicles & parts (compromise add),8708 99 93,,"Parts and accessories of closed-die forged steel, for tractors, motor vehicles for the transport of ten or more persons, motor cars and other motor vehicles principally designed for the transport of persons, motor vehicles for the transport of goods and special purpose motor vehicles, n.e.s.",,Added: 29 May 2026 Council compromise (NOTE 1 – further downstream goods)
Vehicles & parts (compromise add),8708 99 97,,"Parts and accessories for tractors, motor vehicles for the transport of ten or more persons, motor cars and other motor vehicles principally designed for the transport of persons, motor vehicles for the transport of goods and special purpose motor vehicles, n.e.s. (excl. of closed-die forged steel)",,Added: 29 May 2026 Council compromise (NOTE 1 – further downstream goods)
Vehicles & parts (compromise add),8716 10 92,,"Trailers and semi-trailers of the caravan type, for housing or camping, of a weight <= 1600 kg",,Added: 29 May 2026 Council compromise (NOTE 1 – further downstream goods)
Vehicles & parts (compromise add),8716 10 98,,"Trailers and semi-trailers of the caravan type, for housing or camping, of a weight > 1600 kg",,Added: 29 May 2026 Council compromise (NOTE 1 – further downstream goods)
Vehicles & parts (compromise add),8716 31 00,,"Tanker trailers and tanker semi-trailers, not designed for running on rails",,Added: 29 May 2026 Council compromise (NOTE 1 – further downstream goods)
Vehicles & parts (compromise add),8716 39 10,,"Trailers and semi-trailers, not designed for running on rails, for the transport of highly radioactive materials [Euratom]",,Added: 29 May 2026 Council compromise (NOTE 1 – further downstream goods)
Vehicles & parts (compromise add),8716 39 30,,"Semi-trailers for the transport of goods, new (excl. self- loading or self-unloading semi-trailers for agricultural purposes, tanker semi-trailers, and semi-trailers not designed for running on rails for the transport of highly radioactive materials [Euratom])",,Added: 29 May 2026 Council compromise (NOTE 1 – further downstream goods)
Vehicles & parts (compromise add),8716 39 50,,"Trailers for the transport of goods, new (excl. self-loading or self-unloading trailers for agricultural purposes, tanker trailers, and trailers designed for the transport of highly radioactive materials)",,Added: 29 May 2026 Council compromise (NOTE 1 – further downstream goods)
Vehicles & parts (compromise add),8716 40 00,,"Trailers and semi-trailers, not designed for running on rails (excl. trailers and semi-trailers for the transport of goods and those of the caravan type for housing or camping)",,Added: 29 May 2026 Council compromise (NOTE 1 – further downstream goods)
Vehicles & parts (compromise add),8716 90 10,,"Chassis of trailers, semi-trailers and other vehicles not mechanically propelled, n.e.s.",,Added: 29 May 2026 Council compromise (NOTE 1 – further downstream goods)
Vehicles & parts (compromise add),8716 90 30,,"Bodies of trailers, semi-trailers and other vehicles not mechanically propelled, n.e.s.",,Added: 29 May 2026 Council compromise (NOTE 1 – further downstream goods)
Vehicles & parts (compromise add),8716 90 50,,"Axles of trailers, semi-trailers and other vehicles not mechanically propelled, n.e.s.",,Added: 29 May 2026 Council compromise (NOTE 1 – further downstream goods)
Furniture/buildings (compromise add),9401 20 00,,Seats for motor vehicles,,Added: 29 May 2026 Council compromise (NOTE 1 – further downstream goods)
Furniture/buildings (compromise add),9403 99 10,,"Parts of furniture, of metal, n.e.s. (excl. of seats or medical, surgical, dental or veterinary furniture)",,Added: 29 May 2026 Council compromise (NOTE 1 – further downstream goods)
Furniture/buildings (compromise add),9406 20 00,,"Modular building units, of steel",,Added: 29 May 2026 Council compromise (NOTE 1 – further downstream goods)
Furniture/buildings (compromise add),9406 90 10,,Mobile homes,,Added: 29 May 2026 Council compromise (NOTE 1 – further downstream goods)
Furniture/buildings (compromise add),9406 90 31,,"Greenhouses, prefabricated, whether or not complete or already assembled, made entirely or mainly of iron or steel",,Added: 29 May 2026 Council compromise (NOTE 1 – further downstream goods)
Furniture/buildings (compromise add),9406 90 38,,"Buildings, prefabricated, whether or not complete or already assembled, made entirely or mainly of iron or steel (excl. mobile homes, greenhouses and modular building units)",,Added: 29 May 2026 Council compromise (NOTE 1 – further downstream goods)
Tools (compromise add),8202 10 00,,"Handsaws, with working parts of base metal (excl. power- operated saws)",,Added: 29 May 2026 Council compromise (NOTE 1 – further downstream goods)
Tools (compromise add),8202 31 00,,"Circular saw blades, incl. slitting or slotting saw blades, of base metal, with working parts of steel",,Added: 29 May 2026 Council compromise (NOTE 1 – further downstream goods)
Tools (compromise add),8202 40 00,,Chainsaw blades of base metal,,Added: 29 May 2026 Council compromise (NOTE 1 – further downstream goods)
Tools (compromise add),8202 99 20,,"Saw blades, incl. toothless saw blades, of base metal, for working metal (excl. bandsaw and chainsaw blades, and circular or straight saw blades)",,Added: 29 May 2026 Council compromise (NOTE 1 – further downstream goods)
Tools (compromise add),8202 99 80,,"Saw blades, incl. toothless saw blades, of base metal, for working materials other than metal (excl. bandsaw and chainsaw blades, circular saw blades)",,Added: 29 May 2026 Council compromise (NOTE 1 – further downstream goods)
Machinery/appliances (compromise add),8402 19 10,,Firetube boilers (excl. central heating hot water boilers capable also of producing low pressure steam),,Added: 29 May 2026 Council compromise (NOTE 1 – further downstream goods)
Machinery/appliances (compromise add),8402 19 90,,"Vapour generating boilers, incl. hybrid boilers (excl. watertube boilers, firetube boilers and central heating hot water boilers capable also of producing low pressure steam)",,Added: 29 May 2026 Council compromise (NOTE 1 – further downstream goods)
Machinery/appliances (compromise add),8402 20 00,,Superheated water boilers,,Added: 29 May 2026 Council compromise (NOTE 1 – further downstream goods)
Machinery/appliances (compromise add),8402 90 00,,"Parts of vapour generating boilers and superheated water boilers, n.e.s.",,Added: 29 May 2026 Council compromise (NOTE 1 – further downstream goods)
Machinery/appliances (compromise add),8403 10 10,,"Central heating boilers, non-electric, of cast iron (excl. vapour generating boilers and superheated water boilers of heading 8402)",,Added: 29 May 2026 Council compromise (NOTE 1 – further downstream goods)
Machinery/appliances (compromise add),8403 10 90,,"Central heating boilers, non-electric (excl. of cast iron, and vapour generating boilers and superheated water boilers of heading 8402)",,Added: 29 May 2026 Council compromise (NOTE 1 – further downstream goods)
Machinery/appliances (compromise add),8403 90 10,,"Parts of central heating boilers of cast iron, n.e.s.",,Added: 29 May 2026 Council compromise (NOTE 1 – further downstream goods)
Machinery/appliances (compromise add),8403 90 90,,"Parts of central heating boilers, n.e.s.",,Added: 29 May 2026 Council compromise (NOTE 1 – further downstream goods)
Machinery/appliances (compromise add),8406 10 00,,Steam and other vapour turbines for marine propulsion,,Added: 29 May 2026 Council compromise (NOTE 1 – further downstream goods)
Machinery/appliances (compromise add),8406 81 00,,"Steam and other vapour turbines, of an output > 40 MW (excl. those for marine propulsion)",,Added: 29 May 2026 Council compromise (NOTE 1 – further downstream goods)
Machinery/appliances (compromise add),8406 82 00,,"Steam and other vapour turbines, of an output <= 40 MW (excl. those for marine propulsion)",,Added: 29 May 2026 Council compromise (NOTE 1 – further downstream goods)
Machinery/appliances (compromise add),8406 90 10,,"Stator blades, rotors and their blades, of turbines",,Added: 29 May 2026 Council compromise (NOTE 1 – further downstream goods)
Machinery/appliances (compromise add),8406 90 90,,"Parts of steam turbines and other vapour turbines, n.e.s. (excl. stator blades, rotors and their blades)",,Added: 29 May 2026 Council compromise (NOTE 1 – further downstream goods)
Machinery/appliances (compromise add),8410 90 00,,Parts of hydraulic turbines and water wheels incl. regulators,,Added: 29 May 2026 Council compromise (NOTE 1 – further downstream goods)
Machinery/appliances (compromise add),8411 81 00,,Gas turbines of a power <= 5.000 kW (excl. turbojets and turbopropellers),,Added: 29 May 2026 Council compromise (NOTE 1 – further downstream goods)
Machinery/appliances (compromise add),8411 82 20,,Gas turbines of a power > 5.000 kW but <= 20.000 kW (excl. turbojets and turbopropellers),,Added: 29 May 2026 Council compromise (NOTE 1 – further downstream goods)
Machinery/appliances (compromise add),8411 82 60,,Gas turbines of a power > 20.000 kW but <= 50.000 kW (excl. turbojets and turbopropellers),,Added: 29 May 2026 Council compromise (NOTE 1 – further downstream goods)
Machinery/appliances (compromise add),8411 82 80,,Gas turbines of a power > 50.000 kW (excl. turbojets and turbopropellers),,Added: 29 May 2026 Council compromise (NOTE 1 – further downstream goods)
Machinery/appliances (compromise add),8411 91 00,,"Parts of turbojets or turbopropellers, n.e.s.",,Added: 29 May 2026 Council compromise (NOTE 1 – further downstream goods)
Machinery/appliances (compromise add),8411 99 00,,"Parts of gas turbines, n.e.s.",,Added: 29 May 2026 Council compromise (NOTE 1 – further downstream goods)
Machinery/appliances (compromise add),8417 80 30,,Ovens and furnaces for firing ceramic products,,Added: 29 May 2026 Council compromise (NOTE 1 – further downstream goods)
Machinery/appliances (compromise add),8417 80 50,,"Ovens and furnaces for firing cement, glass or chemical products",,Added: 29 May 2026 Council compromise (NOTE 1 – further downstream goods)
Machinery/appliances (compromise add),8417 80 70,,"Industrial or laboratory furnaces, incl. incinerators, non- electric (excl. for the roasting, melting or other heat treatment of ores, pyrites or metals, bakery ovens, ovens and furnaces for firing ceramic products, ovens and furnaces for firing cement, glass or chemical products, drying ovens and ovens for cracking operations)",,Added: 29 May 2026 Council compromise (NOTE 1 – further downstream goods)
Machinery/appliances (compromise add),8417 90 00,,"Parts of industrial or laboratory furnaces, non-electric, incl. incinerators, n.e.s.",,Added: 29 May 2026 Council compromise (NOTE 1 – further downstream goods)
Machinery/appliances (compromise add),8418 30 20,,"Freezers of the chest type, of a capacity <= 400 l",,Added: 29 May 2026 Council compromise (NOTE 1 – further downstream goods)
Machinery/appliances (compromise add),8418 30 80,,"Freezers of the chest type, of a capacity > 400 l but <= 800 l",,Added: 29 May 2026 Council compromise (NOTE 1 – further downstream goods)
Machinery/appliances (compromise add),8418 40 20,,"Freezers of the upright type, of a capacity <= 250 l",,Added: 29 May 2026 Council compromise (NOTE 1 – further downstream goods)
Machinery/appliances (compromise add),8418 40 80,,"Freezers of the upright type, of a capacity > 250 l but <= 900 l",,Added: 29 May 2026 Council compromise (NOTE 1 – further downstream goods)
Machinery/appliances (compromise add),8418 50 19,,"Refrigerated show-cases and counters, with a refrigerating unit or evaporator (excl. for frozen food storage)",,Added: 29 May 2026 Council compromise (NOTE 1 – further downstream goods)
Machinery/appliances (compromise add),8418 61 00,,Heat pumps (excl. air conditioning machines of heading 8415),,Added: 29 May 2026 Council compromise (NOTE 1 – further downstream goods)
Machinery/appliances (compromise add),8418 69 00,,Refrigerating or freezing equipment (excl. refrigerating and freezing furniture),,Added: 29 May 2026 Council compromise (NOTE 1 – further downstream goods)
Machinery/appliances (compromise add),8487 10 10,,"Ships' or boats' propellers and blades therefor, of bronze",,Added: 29 May 2026 Council compromise (NOTE 1 – further downstream goods)
Machinery/appliances (compromise add),8487 10 90,,Ships' or boats' propellers and blades therefor (excl. those of bronze),,Added: 29 May 2026 Council compromise (NOTE 1 – further downstream goods)
Machinery/appliances (compromise add),8487 90 40,,"Parts of machinery of chapter 84, not intended for a specific purpose, of cast iron, n.e.s.",,Added: 29 May 2026 Council compromise (NOTE 1 – further downstream goods)
Machinery/appliances (compromise add),8487 90 51,,"Parts of machinery of chapter 84, not intended for a specific purpose, of cast steel, n.e.s.",,Added: 29 May 2026 Council compromise (NOTE 1 – further downstream goods)
Machinery/appliances (compromise add),8487 90 57,,"Parts of machinery of chapter 84, not intended for a specific purpose, of open-die forged or closed-die forged iron or steel, n.e.s.",,Added: 29 May 2026 Council compromise (NOTE 1 – further downstream goods)
Machinery/appliances (compromise add),8487 90 59,,"Parts of machinery of chapter 84, not intended for a specific purpose, of iron or steel, n.e.s. (other than cast, open-die or closed-die forged)",,Added: 29 May 2026 Council compromise (NOTE 1 – further downstream goods)
Machinery/appliances (compromise add),8487 90 90,,"Machinery parts of chapter 84, not intended for a specific purpose, n.e.s.",,Added: 29 May 2026 Council compromise (NOTE 1 – further downstream goods)
Electrical (compromise add),8501 20 00,,"Universal AC-DC motors of an output > 37,5 W",,Added: 29 May 2026 Council compromise (NOTE 1 – further downstream goods)
Electrical (compromise add),8501 33 00,,DC motors and DC generators of an output > 75 kW but <= 375 kW (excl. photovoltaic generators),,Added: 29 May 2026 Council compromise (NOTE 1 – further downstream goods)
Electrical (compromise add),8501 34 00,,DC motors and DC generators of an output > 375 kW (excl. photovoltaic generators),,Added: 29 May 2026 Council compromise (NOTE 1 – further downstream goods)
Electrical (compromise add),8501 40 80,,"AC motors, single phase, of an output of > 750 W",,Added: 29 May 2026 Council compromise (NOTE 1 – further downstream goods)
Electrical (compromise add),8501 51 00,,"AC motors, multi-phase, of an output > 37,5 W but <= 750 W",,Added: 29 May 2026 Council compromise (NOTE 1 – further downstream goods)
Electrical (compromise add),8501 52 30,,"AC motors, multi-phase, of an output > 7,5 kW but <= 37 kW",,Added: 29 May 2026 Council compromise (NOTE 1 – further downstream goods)
Electrical (compromise add),8501 62 00,,"AC generators ""alternators"", of an output > 75 kVA but <= 375 kVA (excl. photovoltaic generators)",,Added: 29 May 2026 Council compromise (NOTE 1 – further downstream goods)
Electrical (compromise add),8501 63 00,,"AC generators ""alternators"", of an output > 375 kVA but <= 750 kVA (excl. photovoltaic generators)",,Added: 29 May 2026 Council compromise (NOTE 1 – further downstream goods)
Electrical (compromise add),8501 64 00,,"AC generators ""alternators"", of an output > 750 kVA (excl. photovoltaic generators)",,Added: 29 May 2026 Council compromise (NOTE 1 – further downstream goods)
Electrical (compromise add),8501 80 00,,Photovoltaic AC generators,,Added: 29 May 2026 Council compromise (NOTE 1 – further downstream goods)
Electrical (compromise add),8503 00 10,,Non-magnetic retaining rings for electric motors and electric generating sets,,Added: 29 May 2026 Council compromise (NOTE 1 – further downstream goods)
Electrical (compromise add),8503 00 20,,"Steel laminations and stator and rotor cores, whether or not stacked, for electric motors and electric generating sets",,Added: 29 May 2026 Council compromise (NOTE 1 – further downstream goods)
Electrical (compromise add),8503 00 91,,"Parts suitable for use solely or principally with electric motors and generators, electric generating sets and rotary converters, n.e.s., of cast iron or cast steel",,Added: 29 May 2026 Council compromise (NOTE 1 – further downstream goods)
Electrical (compromise add),8503 00 98,,"Parts suitable for use solely or principally with electric motors and generators, electric generating sets and rotary converters, n.e.s. (excl. non-magnetic retaining rings, steel laminations and stator and rotor cores and of cast iron or cast steel)",,Added: 29 May 2026 Council compromise (NOTE 1 – further downstream goods)
