period,flow,sector,hs6,primaryValue,quantity_kg
2019-01,Export,aluminum_76,760110,54825,8155
2019-01,Export,aluminum_76,760120,3531006,865932
2019-01,Export,aluminum_76,760310,803471,83455
2019-01,Export,aluminum_76,760410,222643,10838
2019-01,Export,aluminum_76,760421,246494,29367
2019-01,Export,aluminum_76,760429,2671724,212376
2019-01,Export,aluminum_76,760511,5950,537
2019-01,Export,aluminum_76,760519,83600,17600
2019-01,Export,aluminum_76,760521,1015890,540
2019-01,Export,aluminum_76,760529,538338,99516
2019-01,Export,aluminum_76,760611,491279,48941
2019-01,Export,aluminum_76,760612,11571267,1252445
2019-01,Export,aluminum_76,760691,75496,16055
2019-01,Export,aluminum_76,760692,126421,7884
2019-01,Export,aluminum_76,760711,749961,90913
2019-01,Export,aluminum_76,760719,668811,16190
2019-01,Export,aluminum_76,760720,1805121,190355
2019-01,Export,aluminum_76,760810,15655,3025
2019-01,Export,aluminum_76,760820,746417,145959
2019-01,Export,aluminum_76,760900,1010224,60810
2019-01,Export,aluminum_76,761010,361685,23135
2019-01,Export,aluminum_76,761100,17932,4339
2019-01,Export,aluminum_76,761210,97543,4880
2019-01,Export,aluminum_76,761290,369049,47292
2019-01,Export,aluminum_76,761300,1335216,35236
2019-01,Export,aluminum_76,761490,89101,3762
2019-01,Export,aluminum_76,761610,1566090,24867
2019-01,Export,aluminum_76,761691,241733,28503
2019-01,Export,aluminum_76,761699,13199982,570469
2019-01,Export,cement_2523,250700,10723061,36325069
2019-01,Export,cement_2523,252310,41933,89175
2019-01,Export,cement_2523,252330,46220,54513
2019-01,Export,cement_2523,252390,28253,20058
2019-01,Export,fertilizers,280800,57089,16384
2019-01,Export,fertilizers,281410,108194,46263
2019-01,Export,fertilizers,281420,304999,168933
2019-01,Export,fertilizers,283421,3992,1412
2019-01,Export,fertilizers,310210,451991,741304
2019-01,Export,fertilizers,310221,21322,7626
2019-01,Export,fertilizers,310250,3720,2000
2019-01,Export,fertilizers,310280,5366958,29001178
2019-01,Export,fertilizers,310290,138090,11685
2019-01,Export,fertilizers,310510,43475,16692
2019-01,Export,fertilizers,310520,974973,538325
2019-01,Export,fertilizers,310540,3100,5000
2019-01,Export,fertilizers,310590,1883075,507722
2019-01,Export,iron_steel_72,720241,7796,11066
2019-01,Export,iron_steel_72,720390,68962,22554
2019-01,Export,iron_steel_72,720510,24383,0
2019-01,Export,iron_steel_72,720521,3068103,376489
2019-01,Export,iron_steel_72,720529,1452601,1202903
2019-01,Export,iron_steel_72,720810,167061,235879
2019-01,Export,iron_steel_72,720827,12281,8880
2019-01,Export,iron_steel_72,720836,3512,5912
2019-01,Export,iron_steel_72,720838,34400,13642
2019-01,Export,iron_steel_72,720851,4722,302
2019-01,Export,iron_steel_72,720890,527515,49844
2019-01,Export,iron_steel_72,720916,164897,209785
2019-01,Export,iron_steel_72,720917,95964,77095
2019-01,Export,iron_steel_72,720927,14000,4354
2019-01,Export,iron_steel_72,721012,24206,51754
2019-01,Export,iron_steel_72,721020,86587,8141
2019-01,Export,iron_steel_72,721049,1264307,1387141
2019-01,Export,iron_steel_72,721050,69391,106700
2019-01,Export,iron_steel_72,721061,60189,29998
2019-01,Export,iron_steel_72,721070,7077,1853
2019-01,Export,iron_steel_72,721090,99310,19998
2019-01,Export,iron_steel_72,721210,26872,2778
2019-01,Export,iron_steel_72,721230,72571,18578
2019-01,Export,iron_steel_72,721240,138998,58950
2019-01,Export,iron_steel_72,721250,364011,55272
2019-01,Export,iron_steel_72,721260,242045,64900
2019-01,Export,iron_steel_72,721391,9221,123
2019-01,Export,iron_steel_72,721550,6131,912
2019-01,Export,iron_steel_72,721590,46153,20126
2019-01,Export,iron_steel_72,721631,25885,15446
2019-01,Export,iron_steel_72,721640,10500,9546
2019-01,Export,iron_steel_72,721691,75794,48199
2019-01,Export,iron_steel_72,721710,318324,125209
2019-01,Export,iron_steel_72,721720,25226,15665
2019-01,Export,iron_steel_72,721810,1397488,14175
2019-01,Export,iron_steel_72,721911,4956,706
2019-01,Export,iron_steel_72,722100,97926,7032
2019-01,Export,iron_steel_72,722300,1839314,24506
2019-01,Export,iron_steel_72,722410,778899,44035
2019-01,Export,iron_steel_72,722511,2202284,973640
2019-01,Export,iron_steel_72,722530,211300,84850
2019-01,Export,iron_steel_72,722550,266035,213954
2019-01,Export,iron_steel_73,730110,103538,6316
2019-01,Export,iron_steel_73,730120,456022,72823
2019-01,Export,iron_steel_73,730210,157704,12167
2019-01,Export,iron_steel_73,730230,3860,1031
2019-01,Export,iron_steel_73,730290,23666,9333
2019-01,Export,iron_steel_73,730300,14306,856
2019-01,Export,iron_steel_73,730419,59892,29928
2019-01,Export,iron_steel_73,730439,113744,36785
2019-01,Export,iron_steel_73,730539,11244,3136
2019-01,Export,iron_steel_73,730590,33298,2178
2019-01,Export,iron_steel_73,730630,431752,145466
2019-01,Export,iron_steel_73,730721,827239,22588
2019-01,Export,iron_steel_73,730791,822191,44317
2019-01,Export,iron_steel_73,730820,76769,1497
2019-01,Export,iron_steel_73,730830,246012,24345
2019-01,Export,iron_steel_73,730840,2809,681
2019-01,Export,iron_steel_73,730890,678504,103872
2019-01,Export,iron_steel_73,730900,2091723,206020
2019-01,Export,iron_steel_73,731010,481806,119534
2019-01,Export,iron_steel_73,731021,230769,658
2019-01,Export,iron_steel_73,731029,901788,61176
2019-01,Export,iron_steel_73,731100,7082902,394062
2019-01,Export,iron_steel_73,731815,11974321,707466
2019-01,Export,iron_steel_73,731816,7238667,194002
2019-01,Export,iron_steel_73,731822,2710045,261204
2019-01,Export,iron_steel_73,731823,971321,39298
2019-01,Export,iron_steel_73,732690,25123394,2389885
2019-02,Export,aluminum_76,760110,61935,6282
2019-02,Export,aluminum_76,760120,2598601,680639
2019-02,Export,aluminum_76,760310,92969,7951
2019-02,Export,aluminum_76,760320,20936,4468
2019-02,Export,aluminum_76,760410,275493,7451
2019-02,Export,aluminum_76,760421,133320,12282
2019-02,Export,aluminum_76,760429,2822296,227396
2019-02,Export,aluminum_76,760519,175194,32233
2019-02,Export,aluminum_76,760521,1016898,1698
2019-02,Export,aluminum_76,760529,736367,134568
2019-02,Export,aluminum_76,760611,172836,15947
2019-02,Export,aluminum_76,760612,7717332,935412
2019-02,Export,aluminum_76,760691,47741,16106
2019-02,Export,aluminum_76,760692,323402,11680
2019-02,Export,aluminum_76,760711,759751,189316
2019-02,Export,aluminum_76,760719,433367,3217
2019-02,Export,aluminum_76,760720,1774069,261535
2019-02,Export,aluminum_76,760810,6245,172
2019-02,Export,aluminum_76,760820,713172,115615
2019-02,Export,aluminum_76,760900,759957,38858
2019-02,Export,aluminum_76,761010,268035,20359
2019-02,Export,aluminum_76,761100,2700,1555
2019-02,Export,aluminum_76,761210,59391,2693
2019-02,Export,aluminum_76,761290,728098,90089
2019-02,Export,aluminum_76,761300,1660270,54248
2019-02,Export,aluminum_76,761410,24035,1263
2019-02,Export,aluminum_76,761490,42690,608
2019-02,Export,aluminum_76,761610,2193765,54365
2019-02,Export,aluminum_76,761691,357928,49078
2019-02,Export,aluminum_76,761699,15132414,626108
2019-02,Export,cement_2523,250700,5785725,17630670
2019-02,Export,cement_2523,252321,7714,1506
2019-02,Export,cement_2523,252390,56765,62924
2019-02,Export,fertilizers,280800,34648,9916
2019-02,Export,fertilizers,281410,6630,1936
2019-02,Export,fertilizers,281420,294124,178896
2019-02,Export,fertilizers,310210,373676,629343
2019-02,Export,fertilizers,310221,102711,287182
2019-02,Export,fertilizers,310280,25000,10000
2019-02,Export,fertilizers,310290,77135,4000
2019-02,Export,fertilizers,310510,112058,33622
2019-02,Export,fertilizers,310520,713451,7456182
2019-02,Export,fertilizers,310530,35078,26000
2019-02,Export,fertilizers,310590,1336275,245188
2019-02,Export,iron_steel_72,720260,3200,243
2019-02,Export,iron_steel_72,720390,37830745,106334608
2019-02,Export,iron_steel_72,720510,139716,0
2019-02,Export,iron_steel_72,720521,3389030,682477
2019-02,Export,iron_steel_72,720529,1769141,1293007
2019-02,Export,iron_steel_72,720810,197562,245449
2019-02,Export,iron_steel_72,720827,3297,888
2019-02,Export,iron_steel_72,720839,2920,4690
2019-02,Export,iron_steel_72,720890,417189,24192
2019-02,Export,iron_steel_72,720916,408127,519230
2019-02,Export,iron_steel_72,720917,117127,135617
2019-02,Export,iron_steel_72,720918,86979,36897
2019-02,Export,iron_steel_72,720990,14620,12468
2019-02,Export,iron_steel_72,721012,18000,50991
2019-02,Export,iron_steel_72,721020,108720,12077
2019-02,Export,iron_steel_72,721030,20080,17451
2019-02,Export,iron_steel_72,721049,50000,51210
2019-02,Export,iron_steel_72,721050,237303,206080
2019-02,Export,iron_steel_72,721061,25673,22606
2019-02,Export,iron_steel_72,721070,84858,8652
2019-02,Export,iron_steel_72,721090,39781,10637
2019-02,Export,iron_steel_72,721240,237982,77260
2019-02,Export,iron_steel_72,721250,1808558,274594
2019-02,Export,iron_steel_72,721260,245398,52002
2019-02,Export,iron_steel_72,721310,67840,91949
2019-02,Export,iron_steel_72,721391,4957,95
2019-02,Export,iron_steel_72,721590,74980,24609
2019-02,Export,iron_steel_72,721631,108461,90384
2019-02,Export,iron_steel_72,721632,17729,211159
2019-02,Export,iron_steel_72,721633,36072,18180
2019-02,Export,iron_steel_72,721691,92027,74715
2019-02,Export,iron_steel_72,721710,447055,133474
2019-02,Export,iron_steel_72,721720,8639,7226
2019-02,Export,iron_steel_72,721810,645255,28671
2019-02,Export,iron_steel_72,722100,131169,11386
2019-02,Export,iron_steel_72,722300,1922142,26181
2019-02,Export,iron_steel_72,722410,521586,88222
2019-02,Export,iron_steel_72,722511,3070114,1357829
2019-02,Export,iron_steel_72,722550,18755,8090
2019-02,Export,iron_steel_73,730110,42342,3328
2019-02,Export,iron_steel_73,730120,413512,128331
2019-02,Export,iron_steel_73,730210,146039,64085
2019-02,Export,iron_steel_73,730290,63200,13112
2019-02,Export,iron_steel_73,730300,2646,1180
2019-02,Export,iron_steel_73,730419,273017,54672
2019-02,Export,iron_steel_73,730439,117580,58651
2019-02,Export,iron_steel_73,730511,4650,1702
2019-02,Export,iron_steel_73,730531,15704,589
2019-02,Export,iron_steel_73,730590,29637,272
2019-02,Export,iron_steel_73,730630,551292,224220
2019-02,Export,iron_steel_73,730721,853673,20233
2019-02,Export,iron_steel_73,730791,168107,4599
2019-02,Export,iron_steel_73,730810,46222,20758
2019-02,Export,iron_steel_73,730820,133845,13219
2019-02,Export,iron_steel_73,730830,148736,9521
2019-02,Export,iron_steel_73,730840,215148,35013
2019-02,Export,iron_steel_73,730890,1411002,290110
2019-02,Export,iron_steel_73,730900,877048,86827
2019-02,Export,iron_steel_73,731010,543749,146129
2019-02,Export,iron_steel_73,731021,3750,1500
2019-02,Export,iron_steel_73,731029,394431,20929
2019-02,Export,iron_steel_73,731100,7741236,519783
2019-02,Export,iron_steel_73,731815,10280446,524724
2019-02,Export,iron_steel_73,731816,6074080,143869
2019-02,Export,iron_steel_73,731822,2067079,242090
2019-02,Export,iron_steel_73,731823,1312464,45406
2019-02,Export,iron_steel_73,732690,29936333,2636846
2019-03,Export,aluminum_76,760110,67176,10893
2019-03,Export,aluminum_76,760120,3777179,1138872
2019-03,Export,aluminum_76,760310,822072,72795
2019-03,Export,aluminum_76,760320,31805,2742
2019-03,Export,aluminum_76,760410,381329,9909
2019-03,Export,aluminum_76,760421,96499,7676
2019-03,Export,aluminum_76,760429,4315585,409783
2019-03,Export,aluminum_76,760519,294186,55361
2019-03,Export,aluminum_76,760521,673111,469
2019-03,Export,aluminum_76,760529,909695,186870
2019-03,Export,aluminum_76,760611,387075,40332
2019-03,Export,aluminum_76,760612,13824345,1393091
2019-03,Export,aluminum_76,760691,165517,28563
2019-03,Export,aluminum_76,760692,132397,13306
2019-03,Export,aluminum_76,760711,530164,144115
2019-03,Export,aluminum_76,760719,558167,37790
2019-03,Export,aluminum_76,760720,1667286,140734
2019-03,Export,aluminum_76,760810,20915,2195
2019-03,Export,aluminum_76,760820,410239,82273
2019-03,Export,aluminum_76,760900,728350,40250
2019-03,Export,aluminum_76,761010,268546,30783
2019-03,Export,aluminum_76,761100,82122,4808
2019-03,Export,aluminum_76,761210,89364,2552
2019-03,Export,aluminum_76,761290,375936,58378
2019-03,Export,aluminum_76,761300,1823311,38569
2019-03,Export,aluminum_76,761490,35587,322
2019-03,Export,aluminum_76,761610,2424081,40432
2019-03,Export,aluminum_76,761691,205419,22806
2019-03,Export,aluminum_76,761699,19910023,803108
2019-03,Export,cement_2523,250700,14425506,52083241
2019-03,Export,cement_2523,252310,9517,14959
2019-03,Export,cement_2523,252321,36770,15732
2019-03,Export,cement_2523,252329,162085,226798
2019-03,Export,cement_2523,252330,23120,14558
2019-03,Export,cement_2523,252390,12437,30750
2019-03,Export,fertilizers,280800,19783,6396
2019-03,Export,fertilizers,281410,208542,342237
2019-03,Export,fertilizers,281420,531944,263697
2019-03,Export,fertilizers,310210,706469,1120785
2019-03,Export,fertilizers,310221,203116,604000
2019-03,Export,fertilizers,310280,5112333,37003410
2019-03,Export,fertilizers,310290,42840,10457
2019-03,Export,fertilizers,310510,49595,12759
2019-03,Export,fertilizers,310520,931179,731408
2019-03,Export,fertilizers,310559,44790,47183
2019-03,Export,fertilizers,310590,1156671,215124
2019-03,Export,hydrogen_2804,280410,2615,32
2019-03,Export,iron_steel_72,260112,1532307,42742178
2019-03,Export,iron_steel_72,720120,5091,53244
2019-03,Export,iron_steel_72,720241,124144,176216
2019-03,Export,iron_steel_72,720390,72000,25703
2019-03,Export,iron_steel_72,720510,271223,205736
2019-03,Export,iron_steel_72,720521,4630418,800345
2019-03,Export,iron_steel_72,720529,1438408,1308357
2019-03,Export,iron_steel_72,720610,6430,258
2019-03,Export,iron_steel_72,720810,3594,3343
2019-03,Export,iron_steel_72,720825,7397,1828
2019-03,Export,iron_steel_72,720836,30200,50835
2019-03,Export,iron_steel_72,720851,11608,481
2019-03,Export,iron_steel_72,720916,395472,503127
2019-03,Export,iron_steel_72,720917,120259,50931
2019-03,Export,iron_steel_72,720918,11512,12300
2019-03,Export,iron_steel_72,720927,7662,4559
2019-03,Export,iron_steel_72,721011,4210,602
2019-03,Export,iron_steel_72,721012,28095,39862
2019-03,Export,iron_steel_72,721020,238551,33849
2019-03,Export,iron_steel_72,721050,291087,184364
2019-03,Export,iron_steel_72,721061,2682,2740
2019-03,Export,iron_steel_72,721069,46478,23657
2019-03,Export,iron_steel_72,721070,3000,1631
2019-03,Export,iron_steel_72,721090,86111,26723
2019-03,Export,iron_steel_72,721230,105996,55618
2019-03,Export,iron_steel_72,721240,87445,25894
2019-03,Export,iron_steel_72,721250,2443846,443704
2019-03,Export,iron_steel_72,721260,157254,42614
2019-03,Export,iron_steel_72,721320,4255,270
2019-03,Export,iron_steel_72,721391,4347,64
2019-03,Export,iron_steel_72,721399,3105,3999
2019-03,Export,iron_steel_72,721590,171570,102812
2019-03,Export,iron_steel_72,721691,87193,84895
2019-03,Export,iron_steel_72,721699,59323,26389
2019-03,Export,iron_steel_72,721710,524286,177243
2019-03,Export,iron_steel_72,721810,871890,29239
2019-03,Export,iron_steel_72,721931,33041,8871
2019-03,Export,iron_steel_72,722100,263081,14760
2019-03,Export,iron_steel_72,722300,1829498,19675
2019-03,Export,iron_steel_72,722410,639616,130370
2019-03,Export,iron_steel_72,722511,4288519,1903716
2019-03,Export,iron_steel_73,730110,35748,3358
2019-03,Export,iron_steel_73,730120,893583,250713
2019-03,Export,iron_steel_73,730210,9261,92
2019-03,Export,iron_steel_73,730300,83867,872
2019-03,Export,iron_steel_73,730419,45850,22761
2019-03,Export,iron_steel_73,730439,88819,46683
2019-03,Export,iron_steel_73,730519,152104,79216
2019-03,Export,iron_steel_73,730590,24703,226
2019-03,Export,iron_steel_73,730630,870999,246023
2019-03,Export,iron_steel_73,730721,1126285,29794
2019-03,Export,iron_steel_73,730791,1823516,65776
2019-03,Export,iron_steel_73,730810,4199,1080
2019-03,Export,iron_steel_73,730820,96527,15177
2019-03,Export,iron_steel_73,730830,250319,11910
2019-03,Export,iron_steel_73,730840,86015,39458
2019-03,Export,iron_steel_73,730890,2287197,380836
2019-03,Export,iron_steel_73,730900,1991279,270044
2019-03,Export,iron_steel_73,731010,856279,199232
2019-03,Export,iron_steel_73,731021,10112,3852
2019-03,Export,iron_steel_73,731029,206078,22521
2019-03,Export,iron_steel_73,731100,7840487,399657
2019-03,Export,iron_steel_73,731815,12225003,750173
2019-03,Export,iron_steel_73,731816,8143326,249692
2019-03,Export,iron_steel_73,731822,1359943,156256
2019-03,Export,iron_steel_73,731823,1578301,58824
2019-03,Export,iron_steel_73,732690,25755403,2268997
2019-04,Export,aluminum_76,760110,49509,801
2019-04,Export,aluminum_76,760120,3083913,730745
2019-04,Export,aluminum_76,760310,475862,48977
2019-04,Export,aluminum_76,760320,20936,4468
2019-04,Export,aluminum_76,760410,107093,4877
2019-04,Export,aluminum_76,760421,228422,27241
2019-04,Export,aluminum_76,760429,2193626,221482
2019-04,Export,aluminum_76,760519,371818,91032
2019-04,Export,aluminum_76,760521,851185,0
2019-04,Export,aluminum_76,760529,585560,106048
2019-04,Export,aluminum_76,760611,319411,30178
2019-04,Export,aluminum_76,760612,14868941,1490611
2019-04,Export,aluminum_76,760691,61492,15551
2019-04,Export,aluminum_76,760692,156094,12570
2019-04,Export,aluminum_76,760711,226802,34275
2019-04,Export,aluminum_76,760719,506489,12379
2019-04,Export,aluminum_76,760720,2020834,105370
2019-04,Export,aluminum_76,760810,9000,1767
2019-04,Export,aluminum_76,760820,981964,140358
2019-04,Export,aluminum_76,760900,893217,52842
2019-04,Export,aluminum_76,761010,346368,23845
2019-04,Export,aluminum_76,761100,27691,8524
2019-04,Export,aluminum_76,761210,35333,785
2019-04,Export,aluminum_76,761290,1248446,305989
2019-04,Export,aluminum_76,761300,1633294,51631
2019-04,Export,aluminum_76,761490,62900,815
2019-04,Export,aluminum_76,761610,1748288,32691
2019-04,Export,aluminum_76,761691,212522,30687
2019-04,Export,aluminum_76,761699,14956902,661686
2019-04,Export,cement_2523,250700,11265377,36829926
2019-04,Export,cement_2523,252321,4833,21609
2019-04,Export,cement_2523,252390,11401,283075
2019-04,Export,fertilizers,280800,44175,12221
2019-04,Export,fertilizers,281410,212438,55577
2019-04,Export,fertilizers,281420,326237,187740
2019-04,Export,fertilizers,283421,2511,1031
2019-04,Export,fertilizers,310210,886794,1181292
2019-04,Export,fertilizers,310221,180567,533458
2019-04,Export,fertilizers,310280,4442493,40002277
2019-04,Export,fertilizers,310290,235153,111989
2019-04,Export,fertilizers,310510,589987,86117
2019-04,Export,fertilizers,310520,620925,302133
2019-04,Export,fertilizers,310551,3840,1040
2019-04,Export,fertilizers,310559,331505,77683
2019-04,Export,fertilizers,310590,502541,98070
2019-04,Export,iron_steel_72,720150,7034,8088
2019-04,Export,iron_steel_72,720390,59359,21406
2019-04,Export,iron_steel_72,720510,55331,19954
2019-04,Export,iron_steel_72,720521,3466400,568253
2019-04,Export,iron_steel_72,720529,1716217,1159133
2019-04,Export,iron_steel_72,720810,78296,113026
2019-04,Export,iron_steel_72,720890,14356,1090
2019-04,Export,iron_steel_72,720916,95009,120873
2019-04,Export,iron_steel_72,720917,39437,45662
2019-04,Export,iron_steel_72,720918,21259,18583
2019-04,Export,iron_steel_72,721012,176077,280532
2019-04,Export,iron_steel_72,721020,214713,29776
2019-04,Export,iron_steel_72,721030,10966,0
2019-04,Export,iron_steel_72,721049,15729,2909
2019-04,Export,iron_steel_72,721050,94192,45723
2019-04,Export,iron_steel_72,721061,2562,2618
2019-04,Export,iron_steel_72,721090,94720,23889
2019-04,Export,iron_steel_72,721210,25896,18552
2019-04,Export,iron_steel_72,721230,36347,19409
2019-04,Export,iron_steel_72,721240,157020,65058
2019-04,Export,iron_steel_72,721250,1995332,245711
2019-04,Export,iron_steel_72,721260,263943,77132
2019-04,Export,iron_steel_72,721391,19978,161
2019-04,Export,iron_steel_72,721510,11488,950
2019-04,Export,iron_steel_72,721590,42672,17833
2019-04,Export,iron_steel_72,721631,2533,2450
2019-04,Export,iron_steel_72,721632,13394,18169
2019-04,Export,iron_steel_72,721650,4290,5714
2019-04,Export,iron_steel_72,721691,29736,17921
2019-04,Export,iron_steel_72,721699,44146,5433
2019-04,Export,iron_steel_72,721710,308097,140382
2019-04,Export,iron_steel_72,721810,819591,9615
2019-04,Export,iron_steel_72,721911,4542,0
2019-04,Export,iron_steel_72,721931,45121,10684
2019-04,Export,iron_steel_72,722100,87592,12993
2019-04,Export,iron_steel_72,722300,2070839,33956
2019-04,Export,iron_steel_72,722410,290634,33518
2019-04,Export,iron_steel_72,722511,2898711,1285629
2019-04,Export,iron_steel_72,722550,2923,871
2019-04,Export,iron_steel_73,730110,19025,1745
2019-04,Export,iron_steel_73,730120,276540,44500
2019-04,Export,iron_steel_73,730210,3800,657
2019-04,Export,iron_steel_73,730300,35815,2474
2019-04,Export,iron_steel_73,730419,19079,4005
2019-04,Export,iron_steel_73,730439,54730,23839
2019-04,Export,iron_steel_73,730590,30623,4367
2019-04,Export,iron_steel_73,730630,1200152,227967
2019-04,Export,iron_steel_73,730721,607724,23845
2019-04,Export,iron_steel_73,730791,132004,11910
2019-04,Export,iron_steel_73,730810,4644445,943435
2019-04,Export,iron_steel_73,730820,91895,6296
2019-04,Export,iron_steel_73,730830,164875,12927
2019-04,Export,iron_steel_73,730840,121128,22944
2019-04,Export,iron_steel_73,730890,1126600,193867
2019-04,Export,iron_steel_73,730900,984032,193908
2019-04,Export,iron_steel_73,731010,609722,182107
2019-04,Export,iron_steel_73,731021,101400,14358
2019-04,Export,iron_steel_73,731029,533690,67372
2019-04,Export,iron_steel_73,731100,7471386,377405
2019-04,Export,iron_steel_73,731815,11440856,738394
2019-04,Export,iron_steel_73,731816,7044763,161007
2019-04,Export,iron_steel_73,731822,1902112,208974
2019-04,Export,iron_steel_73,731823,945215,35648
2019-04,Export,iron_steel_73,732690,35878379,2556567
2019-05,Export,aluminum_76,760110,95785,24066
2019-05,Export,aluminum_76,760120,3239619,861912
2019-05,Export,aluminum_76,760310,704594,180487
2019-05,Export,aluminum_76,760320,5115,0
2019-05,Export,aluminum_76,760410,321680,7475
2019-05,Export,aluminum_76,760421,270607,17244
2019-05,Export,aluminum_76,760429,2558104,304659
2019-05,Export,aluminum_76,760519,410043,72512
2019-05,Export,aluminum_76,760521,1450734,0
2019-05,Export,aluminum_76,760529,772866,148771
2019-05,Export,aluminum_76,760611,345723,32143
2019-05,Export,aluminum_76,760612,15731266,1361744
2019-05,Export,aluminum_76,760691,35665,7963
2019-05,Export,aluminum_76,760692,117021,7403
2019-05,Export,aluminum_76,760711,820311,201711
2019-05,Export,aluminum_76,760719,530700,35383
2019-05,Export,aluminum_76,760720,1639208,143051
2019-05,Export,aluminum_76,760810,62037,7361
2019-05,Export,aluminum_76,760820,951681,150663
2019-05,Export,aluminum_76,760900,639090,25748
2019-05,Export,aluminum_76,761010,312880,27844
2019-05,Export,aluminum_76,761100,17413,669
2019-05,Export,aluminum_76,761210,83046,6164
2019-05,Export,aluminum_76,761290,1095122,181746
2019-05,Export,aluminum_76,761300,1529862,39283
2019-05,Export,aluminum_76,761410,10824,1563
2019-05,Export,aluminum_76,761490,13282,83
2019-05,Export,aluminum_76,761610,2104787,41230
2019-05,Export,aluminum_76,761691,186499,20867
2019-05,Export,aluminum_76,761699,12646020,692043
2019-05,Export,cement_2523,250700,13112018,46988055
2019-05,Export,cement_2523,252321,8668,21790
2019-05,Export,cement_2523,252329,2550,5000
2019-05,Export,cement_2523,252390,13680,38920
2019-05,Export,fertilizers,280800,33075,14914
2019-05,Export,fertilizers,281410,274573,80830
2019-05,Export,fertilizers,281420,559058,328746
2019-05,Export,fertilizers,310210,536228,844641
2019-05,Export,fertilizers,310221,112551,1496
2019-05,Export,fertilizers,310290,62580,15445
2019-05,Export,fertilizers,310510,75316,9642
2019-05,Export,fertilizers,310520,633392,270693
2019-05,Export,fertilizers,310559,66477,71000
2019-05,Export,fertilizers,310590,912766,133255
2019-05,Export,iron_steel_72,720110,20044,47518
2019-05,Export,iron_steel_72,720150,9000,19209
2019-05,Export,iron_steel_72,720390,9472947,25055169
2019-05,Export,iron_steel_72,720510,471465,184638
2019-05,Export,iron_steel_72,720521,3527308,639499
2019-05,Export,iron_steel_72,720529,1700929,1189723
2019-05,Export,iron_steel_72,720810,9034,8405
2019-05,Export,iron_steel_72,720890,5398,14
2019-05,Export,iron_steel_72,720917,78516,33231
2019-05,Export,iron_steel_72,721011,7830,8225
2019-05,Export,iron_steel_72,721012,81860,161242
2019-05,Export,iron_steel_72,721020,471577,62759
2019-05,Export,iron_steel_72,721049,51966,114711
2019-05,Export,iron_steel_72,721050,110955,156272
2019-05,Export,iron_steel_72,721061,30677,24678
2019-05,Export,iron_steel_72,721070,58988,38872
2019-05,Export,iron_steel_72,721090,43063,11005
2019-05,Export,iron_steel_72,721230,7019,390
2019-05,Export,iron_steel_72,721240,67287,31034
2019-05,Export,iron_steel_72,721250,3353064,753510
2019-05,Export,iron_steel_72,721260,140767,36068
2019-05,Export,iron_steel_72,721310,12000,23434
2019-05,Export,iron_steel_72,721320,102381,5789
2019-05,Export,iron_steel_72,721391,3991,63
2019-05,Export,iron_steel_72,721510,12246,8363
2019-05,Export,iron_steel_72,721590,228744,58614
2019-05,Export,iron_steel_72,721622,21497,36191
2019-05,Export,iron_steel_72,721691,237743,231477
2019-05,Export,iron_steel_72,721699,73203,38298
2019-05,Export,iron_steel_72,721710,368072,122373
2019-05,Export,iron_steel_72,721810,757438,5345
2019-05,Export,iron_steel_72,721931,10800,3686
2019-05,Export,iron_steel_72,722100,316123,19480
2019-05,Export,iron_steel_72,722300,1620284,42867
2019-05,Export,iron_steel_72,722410,567925,67152
2019-05,Export,iron_steel_72,722511,3873186,1768384
2019-05,Export,iron_steel_72,722550,224214,158659
2019-05,Export,iron_steel_73,730110,136261,1479
2019-05,Export,iron_steel_73,730120,627774,134167
2019-05,Export,iron_steel_73,730210,16592,5845
2019-05,Export,iron_steel_73,730230,16759,4478
2019-05,Export,iron_steel_73,730290,38296,8794
2019-05,Export,iron_steel_73,730300,109776,20539
2019-05,Export,iron_steel_73,730419,200979,41355
2019-05,Export,iron_steel_73,730439,132748,46786
2019-05,Export,iron_steel_73,730511,83596,26378
2019-05,Export,iron_steel_73,730531,22744,2671
2019-05,Export,iron_steel_73,730539,121388,33876
2019-05,Export,iron_steel_73,730590,83836,10136
2019-05,Export,iron_steel_73,730630,900904,290591
2019-05,Export,iron_steel_73,730721,1061071,27550
2019-05,Export,iron_steel_73,730791,116603,5656
2019-05,Export,iron_steel_73,730810,85652,16500
2019-05,Export,iron_steel_73,730820,732987,205580
2019-05,Export,iron_steel_73,730830,467185,18743
2019-05,Export,iron_steel_73,730840,33553,9788
2019-05,Export,iron_steel_73,730890,1037791,167790
2019-05,Export,iron_steel_73,730900,983667,213996
2019-05,Export,iron_steel_73,731010,1640122,417113
2019-05,Export,iron_steel_73,731021,14504,5802
2019-05,Export,iron_steel_73,731029,276678,27095
2019-05,Export,iron_steel_73,731100,8694105,412488
2019-05,Export,iron_steel_73,731815,11712883,731292
2019-05,Export,iron_steel_73,731816,6698198,183300
2019-05,Export,iron_steel_73,731822,1568833,194901
2019-05,Export,iron_steel_73,731823,961121,39092
2019-05,Export,iron_steel_73,732690,28607526,3975221
2019-06,Export,aluminum_76,760110,111952,22900
2019-06,Export,aluminum_76,760120,2230061,576251
2019-06,Export,aluminum_76,760310,687477,150453
2019-06,Export,aluminum_76,760320,36203,3158
2019-06,Export,aluminum_76,760410,28678,2528
2019-06,Export,aluminum_76,760421,134017,15418
2019-06,Export,aluminum_76,760429,3261667,326636
2019-06,Export,aluminum_76,760519,62931,7591
2019-06,Export,aluminum_76,760521,1136328,427
2019-06,Export,aluminum_76,760529,360377,70255
2019-06,Export,aluminum_76,760611,552777,79081
2019-06,Export,aluminum_76,760612,8910619,868348
2019-06,Export,aluminum_76,760691,55862,4543
2019-06,Export,aluminum_76,760692,100607,5956
2019-06,Export,aluminum_76,760711,780012,141393
2019-06,Export,aluminum_76,760719,313307,14440
2019-06,Export,aluminum_76,760720,1787172,112201
2019-06,Export,aluminum_76,760810,7785,807
2019-06,Export,aluminum_76,760820,802742,120042
2019-06,Export,aluminum_76,760900,881461,60581
2019-06,Export,aluminum_76,761010,406269,20692
2019-06,Export,aluminum_76,761100,88923,14316
2019-06,Export,aluminum_76,761210,77479,3426
2019-06,Export,aluminum_76,761290,1285133,170339
2019-06,Export,aluminum_76,761300,1831090,47801
2019-06,Export,aluminum_76,761610,1747294,29350
2019-06,Export,aluminum_76,761691,233252,23745
2019-06,Export,aluminum_76,761699,14919513,714923
2019-06,Export,cement_2523,250700,9232602,28914658
2019-06,Export,cement_2523,252310,29474,67260
2019-06,Export,cement_2523,252321,59584,130603
2019-06,Export,cement_2523,252390,13680,38059
2019-06,Export,fertilizers,280800,51497,16797
2019-06,Export,fertilizers,281410,26520,7746
2019-06,Export,fertilizers,281420,406944,292876
2019-06,Export,fertilizers,310210,476218,535177
2019-06,Export,fertilizers,310221,620550,9956
2019-06,Export,fertilizers,310260,2789,1000
2019-06,Export,fertilizers,310290,87017,22300
2019-06,Export,fertilizers,310510,265441,33371
2019-06,Export,fertilizers,310520,202822,106604
2019-06,Export,fertilizers,310551,9504,3000
2019-06,Export,fertilizers,310559,2607,1000
2019-06,Export,fertilizers,310590,1461116,232387
2019-06,Export,iron_steel_72,720110,5188,2022
2019-06,Export,iron_steel_72,720150,6925,1011
2019-06,Export,iron_steel_72,720241,2524,3583
2019-06,Export,iron_steel_72,720390,40228,14547
2019-06,Export,iron_steel_72,720510,171422,20135
2019-06,Export,iron_steel_72,720521,3498063,548272
2019-06,Export,iron_steel_72,720529,1762006,1173708
2019-06,Export,iron_steel_72,720610,5464,295
2019-06,Export,iron_steel_72,720810,18000,3970
2019-06,Export,iron_steel_72,720825,8273,6098
2019-06,Export,iron_steel_72,720827,12860,15736
2019-06,Export,iron_steel_72,720839,8761,14070
2019-06,Export,iron_steel_72,720852,8300,6791
2019-06,Export,iron_steel_72,720915,209593,331016
2019-06,Export,iron_steel_72,720917,101368,47120
2019-06,Export,iron_steel_72,720918,22868,4867
2019-06,Export,iron_steel_72,720925,4000,6032
2019-06,Export,iron_steel_72,720927,3978,412
2019-06,Export,iron_steel_72,721020,298311,28243
2019-06,Export,iron_steel_72,721030,7085,0
2019-06,Export,iron_steel_72,721041,51160,44845
2019-06,Export,iron_steel_72,721049,1340936,1347807
2019-06,Export,iron_steel_72,721050,63592,52552
2019-06,Export,iron_steel_72,721061,17946,18338
2019-06,Export,iron_steel_72,721069,12602,6414
2019-06,Export,iron_steel_72,721070,116535,49403
2019-06,Export,iron_steel_72,721090,130152,33244
2019-06,Export,iron_steel_72,721220,2887,1932
2019-06,Export,iron_steel_72,721240,59952,27352
2019-06,Export,iron_steel_72,721250,397000,297162
2019-06,Export,iron_steel_72,721260,228459,58706
2019-06,Export,iron_steel_72,721320,4053,73
2019-06,Export,iron_steel_72,721391,9984,130
2019-06,Export,iron_steel_72,721510,133885,137407
2019-06,Export,iron_steel_72,721590,31295,12402
2019-06,Export,iron_steel_72,721621,5398,5045
2019-06,Export,iron_steel_72,721632,20387,19361
2019-06,Export,iron_steel_72,721633,9163,5611
2019-06,Export,iron_steel_72,721640,63950,58136
2019-06,Export,iron_steel_72,721691,11789,11478
2019-06,Export,iron_steel_72,721699,7380,0
2019-06,Export,iron_steel_72,721710,116356,43921
2019-06,Export,iron_steel_72,721810,603699,7770
2019-06,Export,iron_steel_72,721911,4656,12
2019-06,Export,iron_steel_72,721931,62807,12405
2019-06,Export,iron_steel_72,722100,4116,1468
2019-06,Export,iron_steel_72,722300,2002781,6564
2019-06,Export,iron_steel_72,722410,390315,90030
2019-06,Export,iron_steel_72,722511,2363270,1064729
2019-06,Export,iron_steel_73,730110,22731,2418
2019-06,Export,iron_steel_73,730120,593442,185532
2019-06,Export,iron_steel_73,730210,15355,415
2019-06,Export,iron_steel_73,730290,17728,2803
2019-06,Export,iron_steel_73,730300,315705,39953
2019-06,Export,iron_steel_73,730419,104992,26572
2019-06,Export,iron_steel_73,730439,74173,24047
2019-06,Export,iron_steel_73,730520,25136,2615
2019-06,Export,iron_steel_73,730590,29765,4246
2019-06,Export,iron_steel_73,730630,466884,155212
2019-06,Export,iron_steel_73,730721,1250209,23418
2019-06,Export,iron_steel_73,730791,332935,11777
2019-06,Export,iron_steel_73,730810,28619,16274
2019-06,Export,iron_steel_73,730820,162328,10850
2019-06,Export,iron_steel_73,730830,245756,21434
2019-06,Export,iron_steel_73,730840,344110,79872
2019-06,Export,iron_steel_73,730890,1647312,316101
2019-06,Export,iron_steel_73,730900,2796346,229767
2019-06,Export,iron_steel_73,731010,771070,186263
2019-06,Export,iron_steel_73,731021,42930,250
2019-06,Export,iron_steel_73,731029,254341,9399
2019-06,Export,iron_steel_73,731100,4367301,221369
2019-06,Export,iron_steel_73,731815,10499624,569092
2019-06,Export,iron_steel_73,731816,6728825,198080
2019-06,Export,iron_steel_73,731822,1983601,174042
2019-06,Export,iron_steel_73,731823,983687,37609
2019-06,Export,iron_steel_73,732690,20206943,1747993
2019-07,Export,aluminum_76,760110,37824,3098
2019-07,Export,aluminum_76,760120,2506898,705813
2019-07,Export,aluminum_76,760310,524173,128087
2019-07,Export,aluminum_76,760410,134382,14427
2019-07,Export,aluminum_76,760421,152344,14849
2019-07,Export,aluminum_76,760429,2828136,272875
2019-07,Export,aluminum_76,760519,307144,55900
2019-07,Export,aluminum_76,760521,256731,0
2019-07,Export,aluminum_76,760529,847760,160125
2019-07,Export,aluminum_76,760611,310805,41669
2019-07,Export,aluminum_76,760612,13149432,1250041
2019-07,Export,aluminum_76,760691,36162,10375
2019-07,Export,aluminum_76,760692,16267,340
2019-07,Export,aluminum_76,760711,764668,145773
2019-07,Export,aluminum_76,760719,373999,5003
2019-07,Export,aluminum_76,760720,1280148,79937
2019-07,Export,aluminum_76,760810,23431,3026
2019-07,Export,aluminum_76,760820,482613,79586
2019-07,Export,aluminum_76,760900,983902,86306
2019-07,Export,aluminum_76,761010,1020696,82753
2019-07,Export,aluminum_76,761100,50252,299
2019-07,Export,aluminum_76,761210,23512,1094
2019-07,Export,aluminum_76,761290,1834636,309377
2019-07,Export,aluminum_76,761300,2439346,59263
2019-07,Export,aluminum_76,761490,25210,438
2019-07,Export,aluminum_76,761610,1903849,20115
2019-07,Export,aluminum_76,761691,62265,6262
2019-07,Export,aluminum_76,761699,13700032,611706
2019-07,Export,cement_2523,250700,8972533,38792151
2019-07,Export,cement_2523,252310,7869,14370
2019-07,Export,cement_2523,252321,14979,20123
2019-07,Export,cement_2523,252329,3243,4006
2019-07,Export,cement_2523,252330,28000,48175
2019-07,Export,cement_2523,252390,13680,38920
2019-07,Export,fertilizers,280800,22452,7181
2019-07,Export,fertilizers,281410,224967,59281
2019-07,Export,fertilizers,281420,175263,104636
2019-07,Export,fertilizers,283421,29946,9071
2019-07,Export,fertilizers,310210,319869,512959
2019-07,Export,fertilizers,310221,260618,234282
2019-07,Export,fertilizers,310250,21000,7457
2019-07,Export,fertilizers,310260,7560,21000
2019-07,Export,fertilizers,310280,5066276,40008498
2019-07,Export,fertilizers,310290,64518,11002
2019-07,Export,fertilizers,310510,139609,12672
2019-07,Export,fertilizers,310520,180944,128584
2019-07,Export,fertilizers,310559,5209,1000
2019-07,Export,fertilizers,310590,819912,52340
2019-07,Export,iron_steel_72,260112,1365658,41171494
2019-07,Export,iron_steel_72,720241,4489,6373
2019-07,Export,iron_steel_72,720390,12691,4260
2019-07,Export,iron_steel_72,720510,161233,15452
2019-07,Export,iron_steel_72,720521,2451840,508806
2019-07,Export,iron_steel_72,720529,796328,460911
2019-07,Export,iron_steel_72,720810,143425,207044
2019-07,Export,iron_steel_72,720839,55000,89172
2019-07,Export,iron_steel_72,720851,4500,613
2019-07,Export,iron_steel_72,720854,7348,11191
2019-07,Export,iron_steel_72,720917,17300,20031
2019-07,Export,iron_steel_72,720990,7828,226
2019-07,Export,iron_steel_72,721012,135060,205071
2019-07,Export,iron_steel_72,721020,269313,34675
2019-07,Export,iron_steel_72,721030,4786,3493
2019-07,Export,iron_steel_72,721049,419831,425408
2019-07,Export,iron_steel_72,721050,107700,141994
2019-07,Export,iron_steel_72,721061,108090,110449
2019-07,Export,iron_steel_72,721070,15652,7157
2019-07,Export,iron_steel_72,721090,66094,33589
2019-07,Export,iron_steel_72,721113,8907,4569
2019-07,Export,iron_steel_72,721230,109709,57263
2019-07,Export,iron_steel_72,721240,48362,20750
2019-07,Export,iron_steel_72,721250,596120,500090
2019-07,Export,iron_steel_72,721260,644687,47488
2019-07,Export,iron_steel_72,721391,6798,131
2019-07,Export,iron_steel_72,721399,12153,3000
2019-07,Export,iron_steel_72,721590,99710,27459
2019-07,Export,iron_steel_72,721632,19848,20118
2019-07,Export,iron_steel_72,721691,27701,21069
2019-07,Export,iron_steel_72,721699,7380,0
2019-07,Export,iron_steel_72,721710,214414,136281
2019-07,Export,iron_steel_72,721720,22559,6666
2019-07,Export,iron_steel_72,721810,437255,5449
2019-07,Export,iron_steel_72,722100,179431,13856
2019-07,Export,iron_steel_72,722300,1965651,21022
2019-07,Export,iron_steel_72,722410,586137,110698
2019-07,Export,iron_steel_72,722511,2606421,1152294
2019-07,Export,iron_steel_72,722550,52607,47666
2019-07,Export,iron_steel_73,730110,19180,2061
2019-07,Export,iron_steel_73,730120,455788,178649
2019-07,Export,iron_steel_73,730210,5550,178
2019-07,Export,iron_steel_73,730230,5890,1574
2019-07,Export,iron_steel_73,730290,3195,1260
2019-07,Export,iron_steel_73,730300,19217,0
2019-07,Export,iron_steel_73,730419,75482,24830
2019-07,Export,iron_steel_73,730439,35750,18884
2019-07,Export,iron_steel_73,730511,6975,1840
2019-07,Export,iron_steel_73,730531,9450,6015
2019-07,Export,iron_steel_73,730590,34952,183
2019-07,Export,iron_steel_73,730619,40455,2768
2019-07,Export,iron_steel_73,730630,611995,230916
2019-07,Export,iron_steel_73,730721,1021287,30279
2019-07,Export,iron_steel_73,730791,174532,42956
2019-07,Export,iron_steel_73,730820,100815,6553
2019-07,Export,iron_steel_73,730830,190566,28004
2019-07,Export,iron_steel_73,730840,131639,31860
2019-07,Export,iron_steel_73,730890,905578,181455
2019-07,Export,iron_steel_73,730900,636936,136075
2019-07,Export,iron_steel_73,731010,1021900,178799
2019-07,Export,iron_steel_73,731021,59682,8572
2019-07,Export,iron_steel_73,731029,476197,31537
2019-07,Export,iron_steel_73,731100,3748308,197141
2019-07,Export,iron_steel_73,731815,9239408,479114
2019-07,Export,iron_steel_73,731816,6788455,132210
2019-07,Export,iron_steel_73,731822,1554653,160039
2019-07,Export,iron_steel_73,731823,970542,33991
2019-07,Export,iron_steel_73,732690,22086629,1585569
2019-08,Export,aluminum_76,760110,51132,2441
2019-08,Export,aluminum_76,760120,3256681,1005451
2019-08,Export,aluminum_76,760310,680158,118626
2019-08,Export,aluminum_76,760410,174582,4480
2019-08,Export,aluminum_76,760421,161812,22520
2019-08,Export,aluminum_76,760429,2589561,207398
2019-08,Export,aluminum_76,760519,156535,28060
2019-08,Export,aluminum_76,760521,728826,2263
2019-08,Export,aluminum_76,760529,633819,106582
2019-08,Export,aluminum_76,760611,290534,26901
2019-08,Export,aluminum_76,760612,15391498,1543639
2019-08,Export,aluminum_76,760691,107634,15856
2019-08,Export,aluminum_76,760692,61424,3613
2019-08,Export,aluminum_76,760711,808863,123361
2019-08,Export,aluminum_76,760719,512047,8762
2019-08,Export,aluminum_76,760720,936187,93933
2019-08,Export,aluminum_76,760810,13667,1966
2019-08,Export,aluminum_76,760820,705888,146901
2019-08,Export,aluminum_76,760900,1003727,63554
2019-08,Export,aluminum_76,761010,229083,34768
2019-08,Export,aluminum_76,761100,42364,1186
2019-08,Export,aluminum_76,761210,30639,2427
2019-08,Export,aluminum_76,761290,1977156,225865
2019-08,Export,aluminum_76,761300,2236271,66928
2019-08,Export,aluminum_76,761410,13411,1213
2019-08,Export,aluminum_76,761490,27620,493
2019-08,Export,aluminum_76,761610,1864275,64464
2019-08,Export,aluminum_76,761691,294341,35320
2019-08,Export,aluminum_76,761699,14642078,556465
2019-08,Export,cement_2523,250700,9229955,29774721
2019-08,Export,cement_2523,252329,28493,38200
2019-08,Export,cement_2523,252390,88780,62068
2019-08,Export,fertilizers,280800,54107,16841
2019-08,Export,fertilizers,281410,114294,41316
2019-08,Export,fertilizers,281420,295639,170764
2019-08,Export,fertilizers,283421,108531,32383
2019-08,Export,fertilizers,310210,169953,261460
2019-08,Export,fertilizers,310221,29167,21182
2019-08,Export,fertilizers,310260,3486,1000
2019-08,Export,fertilizers,310290,43684,11286
2019-08,Export,fertilizers,310510,293759,48295
2019-08,Export,fertilizers,310520,316311,161828
2019-08,Export,fertilizers,310590,603081,110635
2019-08,Export,iron_steel_72,720260,5163,105
2019-08,Export,iron_steel_72,720390,42869642,104853324
2019-08,Export,iron_steel_72,720510,253400,4671
2019-08,Export,iron_steel_72,720521,2352379,479789
2019-08,Export,iron_steel_72,720529,1531336,952051
2019-08,Export,iron_steel_72,720610,3849,215
2019-08,Export,iron_steel_72,720825,6457,998
2019-08,Export,iron_steel_72,720851,3485,79
2019-08,Export,iron_steel_72,721012,90808,170211
2019-08,Export,iron_steel_72,721020,101712,15123
2019-08,Export,iron_steel_72,721049,3987,407
2019-08,Export,iron_steel_72,721050,142326,183626
2019-08,Export,iron_steel_72,721061,17946,18338
2019-08,Export,iron_steel_72,721090,111289,13258
2019-08,Export,iron_steel_72,721240,137019,61909
2019-08,Export,iron_steel_72,721250,3160841,722608
2019-08,Export,iron_steel_72,721260,349594,81147
2019-08,Export,iron_steel_72,721310,4000,880
2019-08,Export,iron_steel_72,721320,31538,2153
2019-08,Export,iron_steel_72,721391,6481,93
2019-08,Export,iron_steel_72,721550,3054,928
2019-08,Export,iron_steel_72,721590,256421,59855
2019-08,Export,iron_steel_72,721610,4482,1727
2019-08,Export,iron_steel_72,721621,15490,14927
2019-08,Export,iron_steel_72,721622,4776,4736
2019-08,Export,iron_steel_72,721631,6358,3585
2019-08,Export,iron_steel_72,721632,51975,75694
2019-08,Export,iron_steel_72,721633,3243,2413
2019-08,Export,iron_steel_72,721640,8197,4777
2019-08,Export,iron_steel_72,721691,37510,36521
2019-08,Export,iron_steel_72,721699,55616,28458
2019-08,Export,iron_steel_72,721710,332261,192886
2019-08,Export,iron_steel_72,721720,4067,1168
2019-08,Export,iron_steel_72,721810,746388,22401
2019-08,Export,iron_steel_72,721911,319119,28517
2019-08,Export,iron_steel_72,721931,9642,3292
2019-08,Export,iron_steel_72,722100,266642,13945
2019-08,Export,iron_steel_72,722300,1638242,17060
2019-08,Export,iron_steel_72,722410,1568844,186038
2019-08,Export,iron_steel_72,722511,1660710,740769
2019-08,Export,iron_steel_72,722530,20000,0
2019-08,Export,iron_steel_72,722550,4850,264
2019-08,Export,iron_steel_73,730120,505920,120578
2019-08,Export,iron_steel_73,730210,371664,204223
2019-08,Export,iron_steel_73,730230,233798,62474
2019-08,Export,iron_steel_73,730290,4555,0
2019-08,Export,iron_steel_73,730300,22884,619
2019-08,Export,iron_steel_73,730419,185227,54230
2019-08,Export,iron_steel_73,730439,2505,146
2019-08,Export,iron_steel_73,730590,23407,93
2019-08,Export,iron_steel_73,730619,12441,4308
2019-08,Export,iron_steel_73,730630,402564,174765
2019-08,Export,iron_steel_73,730721,1497367,31071
2019-08,Export,iron_steel_73,730791,55167,756
2019-08,Export,iron_steel_73,730820,149483,21523
2019-08,Export,iron_steel_73,730830,145554,11519
2019-08,Export,iron_steel_73,730840,1264562,306513
2019-08,Export,iron_steel_73,730890,2565634,504010
2019-08,Export,iron_steel_73,730900,2602642,160275
2019-08,Export,iron_steel_73,731010,733055,131242
2019-08,Export,iron_steel_73,731029,138818,14957
2019-08,Export,iron_steel_73,731100,7755475,361681
2019-08,Export,iron_steel_73,731815,10965708,582956
2019-08,Export,iron_steel_73,731816,7235023,157038
2019-08,Export,iron_steel_73,731822,1783526,204313
2019-08,Export,iron_steel_73,731823,1176180,45889
2019-08,Export,iron_steel_73,732690,29657108,3243745
2019-09,Export,aluminum_76,760110,80451,17031
2019-09,Export,aluminum_76,760120,4220473,1537193
2019-09,Export,aluminum_76,760310,548018,131789
2019-09,Export,aluminum_76,760320,8063,0
2019-09,Export,aluminum_76,760410,31709,1278
2019-09,Export,aluminum_76,760421,169612,18437
2019-09,Export,aluminum_76,760429,3398015,249090
2019-09,Export,aluminum_76,760519,103259,18481
2019-09,Export,aluminum_76,760521,808275,0
2019-09,Export,aluminum_76,760529,454981,87104
2019-09,Export,aluminum_76,760611,455002,33536
2019-09,Export,aluminum_76,760612,14886893,1232209
2019-09,Export,aluminum_76,760691,110823,25230
2019-09,Export,aluminum_76,760692,68569,4670
2019-09,Export,aluminum_76,760711,588112,130595
2019-09,Export,aluminum_76,760719,477670,5654
2019-09,Export,aluminum_76,760720,1461543,109678
2019-09,Export,aluminum_76,760810,3981,769
2019-09,Export,aluminum_76,760820,720444,94093
2019-09,Export,aluminum_76,760900,628660,38719
2019-09,Export,aluminum_76,761010,225161,18948
2019-09,Export,aluminum_76,761100,69179,10509
2019-09,Export,aluminum_76,761210,51815,2160
2019-09,Export,aluminum_76,761290,2487893,258457
2019-09,Export,aluminum_76,761300,1633064,29983
2019-09,Export,aluminum_76,761410,7488,1870
2019-09,Export,aluminum_76,761490,21316,123
2019-09,Export,aluminum_76,761610,1600640,17193
2019-09,Export,aluminum_76,761691,79254,7288
2019-09,Export,aluminum_76,761699,13182711,475728
2019-09,Export,cement_2523,250700,9641310,29486159
2019-09,Export,fertilizers,280800,44357,11129
2019-09,Export,fertilizers,281410,2882685,15333301
2019-09,Export,fertilizers,281420,291104,169700
2019-09,Export,fertilizers,283421,14880,4527
2019-09,Export,fertilizers,310210,290144,453216
2019-09,Export,fertilizers,310221,142465,2500
2019-09,Export,fertilizers,310230,7798,1000
2019-09,Export,fertilizers,310250,3720,2000
2019-09,Export,fertilizers,310290,8616,2000
2019-09,Export,fertilizers,310510,98060,8936
2019-09,Export,fertilizers,310520,113750,99000
2019-09,Export,fertilizers,310540,21002,8173
2019-09,Export,fertilizers,310590,550068,136045
2019-09,Export,iron_steel_72,720241,4586,6510
2019-09,Export,iron_steel_72,720390,7860849,27007188
2019-09,Export,iron_steel_72,720510,208253,1302
2019-09,Export,iron_steel_72,720521,3524014,618538
2019-09,Export,iron_steel_72,720529,1411457,930439
2019-09,Export,iron_steel_72,720610,58717,115973
2019-09,Export,iron_steel_72,720810,165297,238618
2019-09,Export,iron_steel_72,720837,20083,57379
2019-09,Export,iron_steel_72,720840,4314,4331
2019-09,Export,iron_steel_72,720851,55033,19912
2019-09,Export,iron_steel_72,720852,125392,61700
2019-09,Export,iron_steel_72,720890,5375,910
2019-09,Export,iron_steel_72,720915,60883,23416
2019-09,Export,iron_steel_72,720916,91028,94087
2019-09,Export,iron_steel_72,720917,89649,103801
2019-09,Export,iron_steel_72,720925,2656,2722
2019-09,Export,iron_steel_72,721011,2692,2828
2019-09,Export,iron_steel_72,721020,243009,33977
2019-09,Export,iron_steel_72,721041,11200,9818
2019-09,Export,iron_steel_72,721049,108639,110082
2019-09,Export,iron_steel_72,721050,317408,436455
2019-09,Export,iron_steel_72,721061,202520,206940
2019-09,Export,iron_steel_72,721070,9711,6789
2019-09,Export,iron_steel_72,721090,60792,15741
2019-09,Export,iron_steel_72,721240,90598,44948
2019-09,Export,iron_steel_72,721250,1862327,509653
2019-09,Export,iron_steel_72,721260,301422,79476
2019-09,Export,iron_steel_72,721320,10807,596
2019-09,Export,iron_steel_72,721550,186480,105228
2019-09,Export,iron_steel_72,721590,83761,32164
2019-09,Export,iron_steel_72,721621,22143,20694
2019-09,Export,iron_steel_72,721631,31147,24970
2019-09,Export,iron_steel_72,721632,60545,88306
2019-09,Export,iron_steel_72,721633,3707,3810
2019-09,Export,iron_steel_72,721640,10080,2381
2019-09,Export,iron_steel_72,721691,26740,23158
2019-09,Export,iron_steel_72,721710,253439,88488
2019-09,Export,iron_steel_72,721810,1926192,25275
2019-09,Export,iron_steel_72,721911,32163,399
2019-09,Export,iron_steel_72,722100,178743,14154
2019-09,Export,iron_steel_72,722300,1559060,10358
2019-09,Export,iron_steel_72,722410,362825,56656
2019-09,Export,iron_steel_72,722511,618412,280305
2019-09,Export,iron_steel_72,722550,187088,193917
2019-09,Export,iron_steel_73,730110,18706,535
2019-09,Export,iron_steel_73,730120,588190,111837
2019-09,Export,iron_steel_73,730210,271749,161543
2019-09,Export,iron_steel_73,730230,2600,695
2019-09,Export,iron_steel_73,730290,9865,3890
2019-09,Export,iron_steel_73,730300,66671,10330
2019-09,Export,iron_steel_73,730419,88959,41080
2019-09,Export,iron_steel_73,730439,48200,22118
2019-09,Export,iron_steel_73,730520,34000,14776
2019-09,Export,iron_steel_73,730531,32489,608
2019-09,Export,iron_steel_73,730590,26470,99
2019-09,Export,iron_steel_73,730619,13556,1423
2019-09,Export,iron_steel_73,730630,550597,179862
2019-09,Export,iron_steel_73,730721,1835964,20077
2019-09,Export,iron_steel_73,730791,78713,5411
2019-09,Export,iron_steel_73,730810,1381087,349242
2019-09,Export,iron_steel_73,730820,129238,8209
2019-09,Export,iron_steel_73,730830,335876,16202
2019-09,Export,iron_steel_73,730840,65699,33104
2019-09,Export,iron_steel_73,730890,1345421,256896
2019-09,Export,iron_steel_73,730900,1526463,96565
2019-09,Export,iron_steel_73,731010,1024974,173492
2019-09,Export,iron_steel_73,731021,3510,47
2019-09,Export,iron_steel_73,731029,524156,20279
2019-09,Export,iron_steel_73,731100,6579936,348681
2019-09,Export,iron_steel_73,731815,9073585,499605
2019-09,Export,iron_steel_73,731816,6722635,146768
2019-09,Export,iron_steel_73,731822,1704650,202893
2019-09,Export,iron_steel_73,731823,936791,39455
2019-09,Export,iron_steel_73,732690,21984377,1910200
2019-10,Export,aluminum_76,760110,169536,46959
2019-10,Export,aluminum_76,760120,2740584,1175949
2019-10,Export,aluminum_76,760310,730930,76835
2019-10,Export,aluminum_76,760320,8137,255
2019-10,Export,aluminum_76,760410,90266,3919
2019-10,Export,aluminum_76,760421,118108,11156
2019-10,Export,aluminum_76,760429,2578445,180944
2019-10,Export,aluminum_76,760511,3400,1970
2019-10,Export,aluminum_76,760519,244638,44504
2019-10,Export,aluminum_76,760521,835812,0
2019-10,Export,aluminum_76,760529,347678,68251
2019-10,Export,aluminum_76,760611,410075,34390
2019-10,Export,aluminum_76,760612,13585152,1115979
2019-10,Export,aluminum_76,760691,47824,649
2019-10,Export,aluminum_76,760692,36845,5352
2019-10,Export,aluminum_76,760711,521106,124841
2019-10,Export,aluminum_76,760719,739700,8713
2019-10,Export,aluminum_76,760720,2000959,97373
2019-10,Export,aluminum_76,760810,35473,3184
2019-10,Export,aluminum_76,760820,1040981,167048
2019-10,Export,aluminum_76,760900,951691,59481
2019-10,Export,aluminum_76,761010,217171,15332
2019-10,Export,aluminum_76,761100,16465,100
2019-10,Export,aluminum_76,761210,18552,360
2019-10,Export,aluminum_76,761290,2259315,322636
2019-10,Export,aluminum_76,761300,2064449,44735
2019-10,Export,aluminum_76,761490,60869,301
2019-10,Export,aluminum_76,761610,1804268,18071
2019-10,Export,aluminum_76,761691,165170,18137
2019-10,Export,aluminum_76,761699,15836394,626874
2019-10,Export,cement_2523,250700,11860160,46820937
2019-10,Export,cement_2523,252310,67108,129811
2019-10,Export,cement_2523,252321,26270,27010
2019-10,Export,cement_2523,252330,26290,15535
2019-10,Export,cement_2523,252390,54996,59566
2019-10,Export,fertilizers,280800,63524,19555
2019-10,Export,fertilizers,281410,139548,55339
2019-10,Export,fertilizers,281420,394344,233496
2019-10,Export,fertilizers,283421,75516,22700
2019-10,Export,fertilizers,310210,707617,1032806
2019-10,Export,fertilizers,310221,59715,181000
2019-10,Export,fertilizers,310280,5383974,40002780
2019-10,Export,fertilizers,310290,149148,38231
2019-10,Export,fertilizers,310510,184314,49401
2019-10,Export,fertilizers,310520,365860,217627
2019-10,Export,fertilizers,310559,37430,48000
2019-10,Export,fertilizers,310590,554083,146825
2019-10,Export,iron_steel_72,720241,8510,12080
2019-10,Export,iron_steel_72,720310,5540,0
2019-10,Export,iron_steel_72,720390,20226988,57752120
2019-10,Export,iron_steel_72,720510,195618,1956
2019-10,Export,iron_steel_72,720521,3138275,709537
2019-10,Export,iron_steel_72,720529,1269896,2903386
2019-10,Export,iron_steel_72,720610,21715,19532
2019-10,Export,iron_steel_72,720810,79657,114991
2019-10,Export,iron_steel_72,720825,27801,6473
2019-10,Export,iron_steel_72,720839,4840,7774
2019-10,Export,iron_steel_72,720852,58479,27063
2019-10,Export,iron_steel_72,720853,5582,1068
2019-10,Export,iron_steel_72,720854,22511,34284
2019-10,Export,iron_steel_72,720917,16232,18794
2019-10,Export,iron_steel_72,720918,21505,3338
2019-10,Export,iron_steel_72,720928,3900,6053
2019-10,Export,iron_steel_72,720990,7310,840
2019-10,Export,iron_steel_72,721012,156562,224349
2019-10,Export,iron_steel_72,721020,179743,23941
2019-10,Export,iron_steel_72,721049,16395,4215
2019-10,Export,iron_steel_72,721050,613494,912063
2019-10,Export,iron_steel_72,721061,21118,21579
2019-10,Export,iron_steel_72,721070,3077,1047
2019-10,Export,iron_steel_72,721220,24899,16657
2019-10,Export,iron_steel_72,721230,13279,4709
2019-10,Export,iron_steel_72,721240,35573,18478
2019-10,Export,iron_steel_72,721250,959156,555573
2019-10,Export,iron_steel_72,721260,213478,55189
2019-10,Export,iron_steel_72,721310,18885,20186
2019-10,Export,iron_steel_72,721320,12942,1445
2019-10,Export,iron_steel_72,721391,51093,22395
2019-10,Export,iron_steel_72,721590,29478,16408
2019-10,Export,iron_steel_72,721621,10945,6888
2019-10,Export,iron_steel_72,721631,5116,4263
2019-10,Export,iron_steel_72,721633,11457,9418
2019-10,Export,iron_steel_72,721640,54240,11531
2019-10,Export,iron_steel_72,721650,9240,12307
2019-10,Export,iron_steel_72,721691,34042,33145
2019-10,Export,iron_steel_72,721699,10079,100
2019-10,Export,iron_steel_72,721710,533433,100112
2019-10,Export,iron_steel_72,721810,833542,7765
2019-10,Export,iron_steel_72,721911,10048,486
2019-10,Export,iron_steel_72,722100,38621,2489
2019-10,Export,iron_steel_72,722300,1422819,14691
2019-10,Export,iron_steel_72,722410,1200749,193077
2019-10,Export,iron_steel_72,722511,855931,386787
2019-10,Export,iron_steel_72,722550,7812,223
2019-10,Export,iron_steel_73,730120,864029,92735
2019-10,Export,iron_steel_73,730210,9974,7026
2019-10,Export,iron_steel_73,730230,23600,6306
2019-10,Export,iron_steel_73,730290,23761,9371
2019-10,Export,iron_steel_73,730300,92544,16260
2019-10,Export,iron_steel_73,730419,28620,16681
2019-10,Export,iron_steel_73,730439,294750,138166
2019-10,Export,iron_steel_73,730520,65000,9929
2019-10,Export,iron_steel_73,730590,13280,11252
2019-10,Export,iron_steel_73,730630,372207,136185
2019-10,Export,iron_steel_73,730721,1186602,25939
2019-10,Export,iron_steel_73,730791,150016,3332
2019-10,Export,iron_steel_73,730820,714070,228540
2019-10,Export,iron_steel_73,730830,27100,2518
2019-10,Export,iron_steel_73,730840,22738,11577
2019-10,Export,iron_steel_73,730890,1812924,416845
2019-10,Export,iron_steel_73,730900,1595251,175213
2019-10,Export,iron_steel_73,731010,838552,156614
2019-10,Export,iron_steel_73,731029,447000,24811
2019-10,Export,iron_steel_73,731100,5446833,266874
2019-10,Export,iron_steel_73,731815,9855513,561279
2019-10,Export,iron_steel_73,731816,7143269,173548
2019-10,Export,iron_steel_73,731822,1559778,179314
2019-10,Export,iron_steel_73,731823,1022708,40714
2019-10,Export,iron_steel_73,732690,19186036,1729373
2019-11,Export,aluminum_76,760110,114675,7649
2019-11,Export,aluminum_76,760120,3251716,1057689
2019-11,Export,aluminum_76,760310,459767,65365
2019-11,Export,aluminum_76,760320,3665,0
2019-11,Export,aluminum_76,760410,172243,16445
2019-11,Export,aluminum_76,760421,198557,19656
2019-11,Export,aluminum_76,760429,3124644,184226
2019-11,Export,aluminum_76,760519,467206,85585
2019-11,Export,aluminum_76,760521,253952,0
2019-11,Export,aluminum_76,760529,171001,29612
2019-11,Export,aluminum_76,760611,280888,29486
2019-11,Export,aluminum_76,760612,10046124,892062
2019-11,Export,aluminum_76,760691,15005,214
2019-11,Export,aluminum_76,760692,86462,1090
2019-11,Export,aluminum_76,760711,618954,116643
2019-11,Export,aluminum_76,760719,314324,2126
2019-11,Export,aluminum_76,760720,339457,28164
2019-11,Export,aluminum_76,760810,33321,2109
2019-11,Export,aluminum_76,760820,714616,99763
2019-11,Export,aluminum_76,760900,988696,60130
2019-11,Export,aluminum_76,761010,231467,21890
2019-11,Export,aluminum_76,761100,18927,131
2019-11,Export,aluminum_76,761210,50105,2198
2019-11,Export,aluminum_76,761290,2971573,393910
2019-11,Export,aluminum_76,761300,1544486,37568
2019-11,Export,aluminum_76,761490,46145,11378
2019-11,Export,aluminum_76,761610,1560828,23901
2019-11,Export,aluminum_76,761691,264302,20368
2019-11,Export,aluminum_76,761699,15975962,593791
2019-11,Export,cement_2523,250700,8422351,25749353
2019-11,Export,fertilizers,280800,73020,17381
2019-11,Export,fertilizers,281410,318948,66078
2019-11,Export,fertilizers,281420,312312,182672
2019-11,Export,fertilizers,283421,2511,1031
2019-11,Export,fertilizers,310210,860743,1185825
2019-11,Export,fertilizers,310221,2664,4000
2019-11,Export,fertilizers,310280,4508799,36011966
2019-11,Export,fertilizers,310290,43342,19669
2019-11,Export,fertilizers,310510,319443,106023
2019-11,Export,fertilizers,310520,947203,416531
2019-11,Export,fertilizers,310530,31830,22000
2019-11,Export,fertilizers,310551,13067,9000
2019-11,Export,fertilizers,310590,1039158,121898
2019-11,Export,iron_steel_72,260112,3735,20001
2019-11,Export,iron_steel_72,720110,42741,32958
2019-11,Export,iron_steel_72,720310,1381800,42000000
2019-11,Export,iron_steel_72,720390,3048774,952200
2019-11,Export,iron_steel_72,720510,286429,90981
2019-11,Export,iron_steel_72,720521,2347145,568630
2019-11,Export,iron_steel_72,720529,2190105,1191874
2019-11,Export,iron_steel_72,720826,8982,2319
2019-11,Export,iron_steel_72,720827,33988,30297
2019-11,Export,iron_steel_72,720836,2646,666
2019-11,Export,iron_steel_72,720840,3000,2200
2019-11,Export,iron_steel_72,720851,57127,53275
2019-11,Export,iron_steel_72,720852,34153,26523
2019-11,Export,iron_steel_72,720890,17088,17041
2019-11,Export,iron_steel_72,720915,3150,1460
2019-11,Export,iron_steel_72,720916,6290,8002
2019-11,Export,iron_steel_72,720917,71310,47089
2019-11,Export,iron_steel_72,720918,41640,7275
2019-11,Export,iron_steel_72,720925,2736,4126
2019-11,Export,iron_steel_72,720927,6915,6251
2019-11,Export,iron_steel_72,721012,107927,172405
2019-11,Export,iron_steel_72,721020,73272,6748
2019-11,Export,iron_steel_72,721050,85401,139186
2019-11,Export,iron_steel_72,721061,17946,18338
2019-11,Export,iron_steel_72,721070,9009,2903
2019-11,Export,iron_steel_72,721090,25586,5325
2019-11,Export,iron_steel_72,721240,3114,1618
2019-11,Export,iron_steel_72,721250,1083694,484436
2019-11,Export,iron_steel_72,721260,284865,83927
2019-11,Export,iron_steel_72,721310,8084,11194
2019-11,Export,iron_steel_72,721320,7903,805
2019-11,Export,iron_steel_72,721391,23527,8528
2019-11,Export,iron_steel_72,721420,12682,15682
2019-11,Export,iron_steel_72,721550,2516,1132
2019-11,Export,iron_steel_72,721590,114530,5290
2019-11,Export,iron_steel_72,721631,80019,43730
2019-11,Export,iron_steel_72,721632,5649,2191
2019-11,Export,iron_steel_72,721640,3909,1948
2019-11,Export,iron_steel_72,721691,50702,49364
2019-11,Export,iron_steel_72,721699,73677,37710
2019-11,Export,iron_steel_72,721710,159117,196807
2019-11,Export,iron_steel_72,721810,801594,8683
2019-11,Export,iron_steel_72,721911,11758,924
2019-11,Export,iron_steel_72,721931,14888,200
2019-11,Export,iron_steel_72,722100,47119,2376
2019-11,Export,iron_steel_72,722300,1729227,21665
2019-11,Export,iron_steel_72,722410,631852,58865
2019-11,Export,iron_steel_72,722511,1463514,660163
2019-11,Export,iron_steel_72,722550,3477,1216
2019-11,Export,iron_steel_73,730110,5541,474
2019-11,Export,iron_steel_73,730120,722650,83674
2019-11,Export,iron_steel_73,730210,73267,35618
2019-11,Export,iron_steel_73,730290,32110,8622
2019-11,Export,iron_steel_73,730300,5625,82
2019-11,Export,iron_steel_73,730419,49464,24441
2019-11,Export,iron_steel_73,730439,191057,76553
2019-11,Export,iron_steel_73,730531,12184,736
2019-11,Export,iron_steel_73,730539,6366,2630
2019-11,Export,iron_steel_73,730590,44353,329
2019-11,Export,iron_steel_73,730619,4945,2502
2019-11,Export,iron_steel_73,730630,337645,59283
2019-11,Export,iron_steel_73,730721,1622301,38109
2019-11,Export,iron_steel_73,730791,279826,24676
2019-11,Export,iron_steel_73,730810,5480198,566049
2019-11,Export,iron_steel_73,730820,195747,70237
2019-11,Export,iron_steel_73,730830,150180,16610
2019-11,Export,iron_steel_73,730840,24414,1183
2019-11,Export,iron_steel_73,730890,1515790,395195
2019-11,Export,iron_steel_73,730900,1949615,143196
2019-11,Export,iron_steel_73,731010,1050943,243754
2019-11,Export,iron_steel_73,731021,3100,29
2019-11,Export,iron_steel_73,731029,387645,42973
2019-11,Export,iron_steel_73,731100,8208651,356639
2019-11,Export,iron_steel_73,731815,10437933,544516
2019-11,Export,iron_steel_73,731816,7577054,158810
2019-11,Export,iron_steel_73,731822,2412182,276952
2019-11,Export,iron_steel_73,731823,1033117,35155
2019-11,Export,iron_steel_73,732690,17132042,1521514
2019-12,Export,aluminum_76,760110,151594,11044
2019-12,Export,aluminum_76,760120,3161037,1008079
2019-12,Export,aluminum_76,760310,416459,45711
2019-12,Export,aluminum_76,760320,3665,0
2019-12,Export,aluminum_76,760410,301170,8551
2019-12,Export,aluminum_76,760421,125744,13636
2019-12,Export,aluminum_76,760429,2333472,248014
2019-12,Export,aluminum_76,760521,203510,0
2019-12,Export,aluminum_76,760529,530535,110444
2019-12,Export,aluminum_76,760611,401608,30549
2019-12,Export,aluminum_76,760612,12307676,1311965
2019-12,Export,aluminum_76,760691,3712,31
2019-12,Export,aluminum_76,760692,134618,8943
2019-12,Export,aluminum_76,760711,892722,161625
2019-12,Export,aluminum_76,760719,456575,7867
2019-12,Export,aluminum_76,760720,1460436,88392
2019-12,Export,aluminum_76,760810,39198,4036
2019-12,Export,aluminum_76,760820,590682,131722
2019-12,Export,aluminum_76,760900,585260,37193
2019-12,Export,aluminum_76,761010,213945,17844
2019-12,Export,aluminum_76,761100,65504,18874
2019-12,Export,aluminum_76,761210,11128,825
2019-12,Export,aluminum_76,761290,2207197,254735
2019-12,Export,aluminum_76,761300,1464804,30110
2019-12,Export,aluminum_76,761490,73951,4389
2019-12,Export,aluminum_76,761610,1475545,22734
2019-12,Export,aluminum_76,761691,149610,18215
2019-12,Export,aluminum_76,761699,12601784,539540
2019-12,Export,cement_2523,250700,9678427,32277951
2019-12,Export,cement_2523,252310,11843,19576
2019-12,Export,cement_2523,252330,30646,53300
2019-12,Export,fertilizers,280800,22070,7198
2019-12,Export,fertilizers,281410,202714,46294
2019-12,Export,fertilizers,281420,440641,260316
2019-12,Export,fertilizers,310210,535199,804069
2019-12,Export,fertilizers,310221,189232,27000
2019-12,Export,fertilizers,310290,225212,76547
2019-12,Export,fertilizers,310510,297661,88446
2019-12,Export,fertilizers,310520,454591,272420
2019-12,Export,fertilizers,310540,7345,4000
2019-12,Export,fertilizers,310559,6385,1000
2019-12,Export,fertilizers,310590,1019091,282076
2019-12,Export,iron_steel_72,720390,7761181,30008899
2019-12,Export,iron_steel_72,720510,233487,20796
2019-12,Export,iron_steel_72,720521,2302075,353155
2019-12,Export,iron_steel_72,720529,877380,1148055
2019-12,Export,iron_steel_72,720810,108113,156069
2019-12,Export,iron_steel_72,720851,423304,459514
2019-12,Export,iron_steel_72,720852,56664,62920
2019-12,Export,iron_steel_72,720915,12000,9072
2019-12,Export,iron_steel_72,720917,21828,25274
2019-12,Export,iron_steel_72,720918,30790,4799
2019-12,Export,iron_steel_72,720990,7310,680
2019-12,Export,iron_steel_72,721012,71395,152287
2019-12,Export,iron_steel_72,721020,45437,6288
2019-12,Export,iron_steel_72,721030,9715,3638
2019-12,Export,iron_steel_72,721050,303437,469284
2019-12,Export,iron_steel_72,721061,42172,36887
2019-12,Export,iron_steel_72,721070,3774,2639
2019-12,Export,iron_steel_72,721090,52479,15655
2019-12,Export,iron_steel_72,721210,23494,17196
2019-12,Export,iron_steel_72,721220,4331,2899
2019-12,Export,iron_steel_72,721240,104761,36954
2019-12,Export,iron_steel_72,721250,712720,300091
2019-12,Export,iron_steel_72,721260,264007,75217
2019-12,Export,iron_steel_72,721310,27708,44626
2019-12,Export,iron_steel_72,721391,11008,155
2019-12,Export,iron_steel_72,721420,5250,1249
2019-12,Export,iron_steel_72,721550,161960,70515
2019-12,Export,iron_steel_72,721590,69007,13147
2019-12,Export,iron_steel_72,721633,75261,62920
2019-12,Export,iron_steel_72,721669,9968,3048
2019-12,Export,iron_steel_72,721691,64960,56441
2019-12,Export,iron_steel_72,721710,111503,47408
2019-12,Export,iron_steel_72,721720,26861,7899
2019-12,Export,iron_steel_72,721810,517805,16726
2019-12,Export,iron_steel_72,721911,5070,488
2019-12,Export,iron_steel_72,721931,2599,300
2019-12,Export,iron_steel_72,722100,35564,5500
2019-12,Export,iron_steel_72,722300,1198891,11789
2019-12,Export,iron_steel_72,722410,354872,70209
2019-12,Export,iron_steel_72,722511,1515331,692167
2019-12,Export,iron_steel_72,722550,5967,6185
2019-12,Export,iron_steel_73,730110,11121,814
2019-12,Export,iron_steel_73,730120,409732,29539
2019-12,Export,iron_steel_73,730230,3337,892
2019-12,Export,iron_steel_73,730290,9670,0
2019-12,Export,iron_steel_73,730300,8003,942
2019-12,Export,iron_steel_73,730419,99725,50847
2019-12,Export,iron_steel_73,730439,78592,25482
2019-12,Export,iron_steel_73,730539,6171,465
2019-12,Export,iron_steel_73,730590,27005,93
2019-12,Export,iron_steel_73,730619,18820,0
2019-12,Export,iron_steel_73,730630,460201,121962
2019-12,Export,iron_steel_73,730721,876993,16126
2019-12,Export,iron_steel_73,730791,201770,11910
2019-12,Export,iron_steel_73,730810,3700,951
2019-12,Export,iron_steel_73,730820,356712,124649
2019-12,Export,iron_steel_73,730830,121757,7133
2019-12,Export,iron_steel_73,730840,39569,3788
2019-12,Export,iron_steel_73,730890,2280225,300660
2019-12,Export,iron_steel_73,730900,1358066,193969
2019-12,Export,iron_steel_73,731010,400704,61061
2019-12,Export,iron_steel_73,731029,379151,36995
2019-12,Export,iron_steel_73,731100,4879710,278413
2019-12,Export,iron_steel_73,731815,10682206,687999
2019-12,Export,iron_steel_73,731816,7104408,167888
2019-12,Export,iron_steel_73,731822,1276965,135312
2019-12,Export,iron_steel_73,731823,855875,37424
2019-12,Export,iron_steel_73,732690,23956849,2135946
2020-01,Export,aluminum_76,760110,41825,6263
2020-01,Export,aluminum_76,760120,2577773,835051
2020-01,Export,aluminum_76,760310,377288,46706
2020-01,Export,aluminum_76,760320,34220,5035
2020-01,Export,aluminum_76,760410,822499,15898
2020-01,Export,aluminum_76,760421,126702,20502
2020-01,Export,aluminum_76,760429,2704202,230181
2020-01,Export,aluminum_76,760519,253081,46227
2020-01,Export,aluminum_76,760521,451444,0
2020-01,Export,aluminum_76,760529,628393,125289
2020-01,Export,aluminum_76,760611,237681,38164
2020-01,Export,aluminum_76,760612,11809615,1227879
2020-01,Export,aluminum_76,760691,7023,1994
2020-01,Export,aluminum_76,760692,681096,10329
2020-01,Export,aluminum_76,760711,1347186,93400
2020-01,Export,aluminum_76,760719,723105,25166
2020-01,Export,aluminum_76,760720,1120945,58318
2020-01,Export,aluminum_76,760810,67069,9449
2020-01,Export,aluminum_76,760820,564081,111375
2020-01,Export,aluminum_76,760900,896059,61875
2020-01,Export,aluminum_76,761010,731989,25416
2020-01,Export,aluminum_76,761100,51510,1700
2020-01,Export,aluminum_76,761210,25424,1751
2020-01,Export,aluminum_76,761290,3503727,548881
2020-01,Export,aluminum_76,761300,2013060,31206
2020-01,Export,aluminum_76,761490,29746,839
2020-01,Export,aluminum_76,761610,2139427,50160
2020-01,Export,aluminum_76,761691,257857,27422
2020-01,Export,aluminum_76,761699,14922378,625431
2020-01,Export,cement_2523,250700,12358138,44613583
2020-01,Export,cement_2523,252321,19779,53547
2020-01,Export,cement_2523,252329,3950,1025
2020-01,Export,cement_2523,252390,15500,804624
2020-01,Export,fertilizers,280800,35641,11303
2020-01,Export,fertilizers,281410,53040,15493
2020-01,Export,fertilizers,281420,297458,172892
2020-01,Export,fertilizers,283421,10602,3270
2020-01,Export,fertilizers,310210,761961,1210106
2020-01,Export,fertilizers,310221,36543,7150
2020-01,Export,fertilizers,310229,8791,7226
2020-01,Export,fertilizers,310290,185014,91288
2020-01,Export,fertilizers,310510,284965,48345
2020-01,Export,fertilizers,310520,828276,422202
2020-01,Export,fertilizers,310551,3779,1106
2020-01,Export,fertilizers,310590,1857991,1458356
2020-01,Export,iron_steel_72,720390,17476,6144
2020-01,Export,iron_steel_72,720510,64145,2754
2020-01,Export,iron_steel_72,720521,2523058,347864
2020-01,Export,iron_steel_72,720529,1114035,901502
2020-01,Export,iron_steel_72,720839,3504,5627
2020-01,Export,iron_steel_72,720851,3755,2744
2020-01,Export,iron_steel_72,720852,3816,2863
2020-01,Export,iron_steel_72,720890,19350,8555
2020-01,Export,iron_steel_72,720917,11103,12857
2020-01,Export,iron_steel_72,720918,24703,4080
2020-01,Export,iron_steel_72,720925,2514,806
2020-01,Export,iron_steel_72,721012,36000,104726
2020-01,Export,iron_steel_72,721020,323505,45599
2020-01,Export,iron_steel_72,721041,4279,1786
2020-01,Export,iron_steel_72,721049,8248,45
2020-01,Export,iron_steel_72,721050,148718,293359
2020-01,Export,iron_steel_72,721070,3155,530
2020-01,Export,iron_steel_72,721090,184200,77205
2020-01,Export,iron_steel_72,721240,94004,47068
2020-01,Export,iron_steel_72,721250,2487540,695748
2020-01,Export,iron_steel_72,721260,171548,51912
2020-01,Export,iron_steel_72,721391,27619,72282
2020-01,Export,iron_steel_72,721399,4975,4290
2020-01,Export,iron_steel_72,721420,3045,3459
2020-01,Export,iron_steel_72,721550,2575,3262
2020-01,Export,iron_steel_72,721590,101514,31342
2020-01,Export,iron_steel_72,721631,4656,2713
2020-01,Export,iron_steel_72,721640,9981,3234
2020-01,Export,iron_steel_72,721650,5300,7059
2020-01,Export,iron_steel_72,721691,108840,98724
2020-01,Export,iron_steel_72,721699,10210,697
2020-01,Export,iron_steel_72,721710,185081,126158
2020-01,Export,iron_steel_72,721810,630491,27285
2020-01,Export,iron_steel_72,722100,345923,20683
2020-01,Export,iron_steel_72,722300,1602690,31298
2020-01,Export,iron_steel_72,722410,295439,84664
2020-01,Export,iron_steel_72,722511,2145202,976487
2020-01,Export,iron_steel_73,730110,23815,7931
2020-01,Export,iron_steel_73,730120,442852,95880
2020-01,Export,iron_steel_73,730210,6919,148
2020-01,Export,iron_steel_73,730290,2702,611
2020-01,Export,iron_steel_73,730300,7377,916
2020-01,Export,iron_steel_73,730419,17145,4783
2020-01,Export,iron_steel_73,730439,130104,56485
2020-01,Export,iron_steel_73,730590,47653,199
2020-01,Export,iron_steel_73,730619,3980,17
2020-01,Export,iron_steel_73,730630,146882,85536
2020-01,Export,iron_steel_73,730721,1018276,23214
2020-01,Export,iron_steel_73,730791,453424,30960
2020-01,Export,iron_steel_73,730820,82175,4831
2020-01,Export,iron_steel_73,730830,23525,2474
2020-01,Export,iron_steel_73,730840,235119,53443
2020-01,Export,iron_steel_73,730890,1091586,134051
2020-01,Export,iron_steel_73,730900,1519882,301286
2020-01,Export,iron_steel_73,731010,1246435,253909
2020-01,Export,iron_steel_73,731021,9031,27
2020-01,Export,iron_steel_73,731029,433169,41929
2020-01,Export,iron_steel_73,731100,4151965,219249
2020-01,Export,iron_steel_73,731815,11562181,563769
2020-01,Export,iron_steel_73,731816,6288069,176077
2020-01,Export,iron_steel_73,731822,1108228,124930
2020-01,Export,iron_steel_73,731823,725425,29988
2020-01,Export,iron_steel_73,732690,25430058,1755896
2020-02,Export,aluminum_76,760110,140790,19048
2020-02,Export,aluminum_76,760120,2409154,529871
2020-02,Export,aluminum_76,760310,249930,69161
2020-02,Export,aluminum_76,760410,216880,12403
2020-02,Export,aluminum_76,760421,1123991,13026
2020-02,Export,aluminum_76,760429,2528357,232225
2020-02,Export,aluminum_76,760519,250403,49416
2020-02,Export,aluminum_76,760521,554284,0
2020-02,Export,aluminum_76,760529,674230,135162
2020-02,Export,aluminum_76,760611,375181,58457
2020-02,Export,aluminum_76,760612,13686466,1202796
2020-02,Export,aluminum_76,760691,23983,603
2020-02,Export,aluminum_76,760692,196521,12148
2020-02,Export,aluminum_76,760711,986661,96792
2020-02,Export,aluminum_76,760719,498583,11917
2020-02,Export,aluminum_76,760720,1131892,89537
2020-02,Export,aluminum_76,760810,97023,14528
2020-02,Export,aluminum_76,760820,812965,142380
2020-02,Export,aluminum_76,760900,1301553,133648
2020-02,Export,aluminum_76,761010,194147,14567
2020-02,Export,aluminum_76,761100,38091,13383
2020-02,Export,aluminum_76,761210,186062,47953
2020-02,Export,aluminum_76,761290,2382123,417023
2020-02,Export,aluminum_76,761300,1814835,64397
2020-02,Export,aluminum_76,761490,47242,4216
2020-02,Export,aluminum_76,761610,1727270,34301
2020-02,Export,aluminum_76,761691,184918,22672
2020-02,Export,aluminum_76,761699,15073212,641596
2020-02,Export,cement_2523,250700,6860993,16780928
2020-02,Export,cement_2523,252310,11059,20023
2020-02,Export,cement_2523,252321,22934,29861
2020-02,Export,cement_2523,252390,24000,26127
2020-02,Export,fertilizers,280800,76836,21400
2020-02,Export,fertilizers,281410,182679,39818
2020-02,Export,fertilizers,281420,312312,182672
2020-02,Export,fertilizers,283421,25296,7662
2020-02,Export,fertilizers,310210,1137252,1533939
2020-02,Export,fertilizers,310221,523672,72000
2020-02,Export,fertilizers,310260,2923,4000
2020-02,Export,fertilizers,310290,139321,49090
2020-02,Export,fertilizers,310510,283671,46387
2020-02,Export,fertilizers,310520,849518,794512
2020-02,Export,fertilizers,310551,7636,2236
2020-02,Export,fertilizers,310559,300291,257000
2020-02,Export,fertilizers,310590,1707584,280164
2020-02,Export,iron_steel_72,720310,23864388,73753400
2020-02,Export,iron_steel_72,720390,8120675,25010654
2020-02,Export,iron_steel_72,720510,186762,19451
2020-02,Export,iron_steel_72,720521,2554376,565853
2020-02,Export,iron_steel_72,720529,1455993,890351
2020-02,Export,iron_steel_72,720610,39855,1869
2020-02,Export,iron_steel_72,720810,65391,90874
2020-02,Export,iron_steel_72,720827,21623,18273
2020-02,Export,iron_steel_72,720851,2939,248
2020-02,Export,iron_steel_72,720890,40282,1253
2020-02,Export,iron_steel_72,720917,92960,69248
2020-02,Export,iron_steel_72,720918,29265,4833
2020-02,Export,iron_steel_72,720925,23458,35380
2020-02,Export,iron_steel_72,720926,5005,1884
2020-02,Export,iron_steel_72,720990,10785,9197
2020-02,Export,iron_steel_72,721012,72305,102483
2020-02,Export,iron_steel_72,721020,76199,3213
2020-02,Export,iron_steel_72,721030,11883,679
2020-02,Export,iron_steel_72,721049,13138,4164
2020-02,Export,iron_steel_72,721050,110240,178934
2020-02,Export,iron_steel_72,721061,5982,6113
2020-02,Export,iron_steel_72,721070,13164,4188
2020-02,Export,iron_steel_72,721090,42860,10936
2020-02,Export,iron_steel_72,721210,7958,0
2020-02,Export,iron_steel_72,721240,131580,51007
2020-02,Export,iron_steel_72,721250,1873235,543119
2020-02,Export,iron_steel_72,721260,119950,57512
2020-02,Export,iron_steel_72,721320,10018,1083
2020-02,Export,iron_steel_72,721391,16801,1092
2020-02,Export,iron_steel_72,721510,3304,1451
2020-02,Export,iron_steel_72,721590,27822,8999
2020-02,Export,iron_steel_72,721610,2728,2728
2020-02,Export,iron_steel_72,721640,293225,310318
2020-02,Export,iron_steel_72,721691,37995,29207
2020-02,Export,iron_steel_72,721699,11748,44
2020-02,Export,iron_steel_72,721710,73809,52811
2020-02,Export,iron_steel_72,721810,426873,2765
2020-02,Export,iron_steel_72,721931,280943,108711
2020-02,Export,iron_steel_72,722100,271979,28366
2020-02,Export,iron_steel_72,722300,1363789,23760
2020-02,Export,iron_steel_72,722410,613044,75349
2020-02,Export,iron_steel_72,722511,788371,361179
2020-02,Export,iron_steel_72,722550,69693,39490
2020-02,Export,iron_steel_73,730110,7297,1230
2020-02,Export,iron_steel_73,730120,427461,68750
2020-02,Export,iron_steel_73,730210,15956,11240
2020-02,Export,iron_steel_73,730230,6227,153
2020-02,Export,iron_steel_73,730290,5950,230
2020-02,Export,iron_steel_73,730419,25643,4923
2020-02,Export,iron_steel_73,730439,212053,92481
2020-02,Export,iron_steel_73,730531,9450,0
2020-02,Export,iron_steel_73,730590,140959,58146
2020-02,Export,iron_steel_73,730619,210880,5586
2020-02,Export,iron_steel_73,730630,294326,100359
2020-02,Export,iron_steel_73,730721,1615459,39845
2020-02,Export,iron_steel_73,730791,298105,27962
2020-02,Export,iron_steel_73,730810,19201,5000
2020-02,Export,iron_steel_73,730820,93279,14688
2020-02,Export,iron_steel_73,730830,106589,14967
2020-02,Export,iron_steel_73,730840,63011,41492
2020-02,Export,iron_steel_73,730890,3295879,196234
2020-02,Export,iron_steel_73,730900,1300523,162297
2020-02,Export,iron_steel_73,731010,1303175,203821
2020-02,Export,iron_steel_73,731021,4390,778
2020-02,Export,iron_steel_73,731029,236914,23339
2020-02,Export,iron_steel_73,731100,5005083,268413
2020-02,Export,iron_steel_73,731815,9496392,533043
2020-02,Export,iron_steel_73,731816,6909505,144960
2020-02,Export,iron_steel_73,731822,1428433,174061
2020-02,Export,iron_steel_73,731823,567988,23044
2020-02,Export,iron_steel_73,732690,26415591,2472899
2020-03,Export,aluminum_76,760110,43704,430
2020-03,Export,aluminum_76,760120,3241102,969225
2020-03,Export,aluminum_76,760310,613366,99729
2020-03,Export,aluminum_76,760320,6597,637
2020-03,Export,aluminum_76,760410,243366,12762
2020-03,Export,aluminum_76,760421,194780,28559
2020-03,Export,aluminum_76,760429,2361491,209116
2020-03,Export,aluminum_76,760519,688584,113677
2020-03,Export,aluminum_76,760521,726708,0
2020-03,Export,aluminum_76,760529,1038630,198698
2020-03,Export,aluminum_76,760611,349393,56972
2020-03,Export,aluminum_76,760612,16433528,1720246
2020-03,Export,aluminum_76,760691,23580,1139
2020-03,Export,aluminum_76,760692,101035,4724
2020-03,Export,aluminum_76,760711,626658,121877
2020-03,Export,aluminum_76,760719,680948,23413
2020-03,Export,aluminum_76,760720,1403914,135789
2020-03,Export,aluminum_76,760810,4000,160
2020-03,Export,aluminum_76,760820,560543,111310
2020-03,Export,aluminum_76,760900,1128168,67393
2020-03,Export,aluminum_76,761010,276230,21030
2020-03,Export,aluminum_76,761100,32837,1134
2020-03,Export,aluminum_76,761210,21149,870
2020-03,Export,aluminum_76,761290,3712518,645573
2020-03,Export,aluminum_76,761300,1707957,48524
2020-03,Export,aluminum_76,761490,41817,5841
2020-03,Export,aluminum_76,761610,1973769,50126
2020-03,Export,aluminum_76,761691,337529,36162
2020-03,Export,aluminum_76,761699,14264364,783605
2020-03,Export,cement_2523,250700,10968857,36324730
2020-03,Export,cement_2523,252310,22834,34998
2020-03,Export,cement_2523,252321,44552,87088
2020-03,Export,cement_2523,252390,28246,85948
2020-03,Export,fertilizers,280800,222743,85825
2020-03,Export,fertilizers,281410,128320,37971
2020-03,Export,fertilizers,281420,416252,246468
2020-03,Export,fertilizers,283421,39246,11681
2020-03,Export,fertilizers,310210,664327,786470
2020-03,Export,fertilizers,310221,2834,1000
2020-03,Export,fertilizers,310229,20772,13154
2020-03,Export,fertilizers,310280,10262,6000
2020-03,Export,fertilizers,310290,89788,6000
2020-03,Export,fertilizers,310510,108493,19889
2020-03,Export,fertilizers,310520,615013,271792
2020-03,Export,fertilizers,310590,1359182,218244
2020-03,Export,iron_steel_72,260112,3927884,35950000
2020-03,Export,iron_steel_72,720110,29700,61672
2020-03,Export,iron_steel_72,720390,8226295,28663749
2020-03,Export,iron_steel_72,720510,807356,8062
2020-03,Export,iron_steel_72,720521,2529038,558129
2020-03,Export,iron_steel_72,720529,1151046,875508
2020-03,Export,iron_steel_72,720610,14584,17402
2020-03,Export,iron_steel_72,720810,146148,210975
2020-03,Export,iron_steel_72,720825,28114,1859
2020-03,Export,iron_steel_72,720827,4240,1107
2020-03,Export,iron_steel_72,720837,16032,29801
2020-03,Export,iron_steel_72,720851,42374,12832
2020-03,Export,iron_steel_72,720852,11120,3488
2020-03,Export,iron_steel_72,720917,73375,30319
2020-03,Export,iron_steel_72,720918,20955,2500
2020-03,Export,iron_steel_72,721012,55040,102483
2020-03,Export,iron_steel_72,721020,295256,17761
2020-03,Export,iron_steel_72,721049,20955,21248
2020-03,Export,iron_steel_72,721050,183614,273894
2020-03,Export,iron_steel_72,721061,20586,21036
2020-03,Export,iron_steel_72,721090,43817,11166
2020-03,Export,iron_steel_72,721220,71394,39417
2020-03,Export,iron_steel_72,721240,67379,33689
2020-03,Export,iron_steel_72,721250,1038326,625809
2020-03,Export,iron_steel_72,721260,224314,71790
2020-03,Export,iron_steel_72,721320,2960,55
2020-03,Export,iron_steel_72,721391,6235,63
2020-03,Export,iron_steel_72,721550,131898,53759
2020-03,Export,iron_steel_72,721590,103852,41682
2020-03,Export,iron_steel_72,721621,3071,2032
2020-03,Export,iron_steel_72,721631,25554,15843
2020-03,Export,iron_steel_72,721632,5919,1784
2020-03,Export,iron_steel_72,721633,5052,822
2020-03,Export,iron_steel_72,721691,54269,52838
2020-03,Export,iron_steel_72,721699,14760,0
2020-03,Export,iron_steel_72,721710,241277,110929
2020-03,Export,iron_steel_72,721720,5054,1958
2020-03,Export,iron_steel_72,721810,509189,4487
2020-03,Export,iron_steel_72,721911,22633,1509
2020-03,Export,iron_steel_72,721931,99900,36175
2020-03,Export,iron_steel_72,722100,49140,5186
2020-03,Export,iron_steel_72,722300,2017665,55772
2020-03,Export,iron_steel_72,722410,836935,197288
2020-03,Export,iron_steel_72,722511,1069915,487058
2020-03,Export,iron_steel_72,722550,74463,52174
2020-03,Export,iron_steel_73,730120,453008,187391
2020-03,Export,iron_steel_73,730210,55146,20830
2020-03,Export,iron_steel_73,730230,3400,909
2020-03,Export,iron_steel_73,730290,11868,1273
2020-03,Export,iron_steel_73,730300,32915,5520
2020-03,Export,iron_steel_73,730419,171319,53791
2020-03,Export,iron_steel_73,730439,636609,100469
2020-03,Export,iron_steel_73,730511,170000,12791
2020-03,Export,iron_steel_73,730520,790700,141520
2020-03,Export,iron_steel_73,730539,23699,8345
2020-03,Export,iron_steel_73,730590,26426,104
2020-03,Export,iron_steel_73,730630,456217,174465
2020-03,Export,iron_steel_73,730721,1145654,23315
2020-03,Export,iron_steel_73,730791,418276,41942
2020-03,Export,iron_steel_73,730810,1484566,324235
2020-03,Export,iron_steel_73,730820,83440,26481
2020-03,Export,iron_steel_73,730830,78733,11637
2020-03,Export,iron_steel_73,730840,354533,19937
2020-03,Export,iron_steel_73,730890,1663361,158763
2020-03,Export,iron_steel_73,730900,2417652,303113
2020-03,Export,iron_steel_73,731010,802660,138451
2020-03,Export,iron_steel_73,731029,400771,24875
2020-03,Export,iron_steel_73,731100,9824049,502536
2020-03,Export,iron_steel_73,731815,10412982,638844
2020-03,Export,iron_steel_73,731816,6613500,160614
2020-03,Export,iron_steel_73,731822,2195815,263251
2020-03,Export,iron_steel_73,731823,561687,18635
2020-03,Export,iron_steel_73,732690,28043352,2554062
2020-04,Export,aluminum_76,760110,75502,8295
2020-04,Export,aluminum_76,760120,1511982,400335
2020-04,Export,aluminum_76,760310,505141,119749
2020-04,Export,aluminum_76,760410,293963,18695
2020-04,Export,aluminum_76,760421,85535,8107
2020-04,Export,aluminum_76,760429,1885949,175824
2020-04,Export,aluminum_76,760519,336295,48337
2020-04,Export,aluminum_76,760521,290194,0
2020-04,Export,aluminum_76,760529,414108,92006
2020-04,Export,aluminum_76,760611,306196,44267
2020-04,Export,aluminum_76,760612,13426808,1319956
2020-04,Export,aluminum_76,760691,46816,10393
2020-04,Export,aluminum_76,760692,35450,169
2020-04,Export,aluminum_76,760711,1230957,261343
2020-04,Export,aluminum_76,760719,405905,8584
2020-04,Export,aluminum_76,760720,1206887,86561
2020-04,Export,aluminum_76,760810,77991,6590
2020-04,Export,aluminum_76,760820,1014787,154691
2020-04,Export,aluminum_76,760900,520789,32686
2020-04,Export,aluminum_76,761010,88747,7367
2020-04,Export,aluminum_76,761100,3945,10
2020-04,Export,aluminum_76,761210,159045,4506
2020-04,Export,aluminum_76,761290,2561981,293682
2020-04,Export,aluminum_76,761300,1723261,43093
2020-04,Export,aluminum_76,761410,110024,27473
2020-04,Export,aluminum_76,761490,46938,3450
2020-04,Export,aluminum_76,761610,1482476,15840
2020-04,Export,aluminum_76,761691,100382,11383
2020-04,Export,aluminum_76,761699,9489271,432064
2020-04,Export,cement_2523,250700,10339731,32422075
2020-04,Export,cement_2523,252310,10462,20347
2020-04,Export,cement_2523,252321,37852,87088
2020-04,Export,cement_2523,252390,44975,60033
2020-04,Export,fertilizers,280800,76406,23793
2020-04,Export,fertilizers,281410,149529,30134
2020-04,Export,fertilizers,281420,356128,208616
2020-04,Export,fertilizers,283421,7533,2240
2020-04,Export,fertilizers,310210,526505,716907
2020-04,Export,fertilizers,310221,16400,28005
2020-04,Export,fertilizers,310290,129489,46961
2020-04,Export,fertilizers,310510,225890,37358
2020-04,Export,fertilizers,310520,591321,267617
2020-04,Export,fertilizers,310559,84715,46239
2020-04,Export,fertilizers,310590,1037635,180106
2020-04,Export,iron_steel_72,720110,7920,1011
2020-04,Export,iron_steel_72,720390,20817,7638
2020-04,Export,iron_steel_72,720510,176922,461
2020-04,Export,iron_steel_72,720521,2974170,466659
2020-04,Export,iron_steel_72,720529,778489,941671
2020-04,Export,iron_steel_72,720837,12500,13791
2020-04,Export,iron_steel_72,720917,12036,13936
2020-04,Export,iron_steel_72,720918,29813,4937
2020-04,Export,iron_steel_72,720925,3984,6009
2020-04,Export,iron_steel_72,720990,40000,34113
2020-04,Export,iron_steel_72,721012,45951,94019
2020-04,Export,iron_steel_72,721020,112323,12200
2020-04,Export,iron_steel_72,721049,15408,15692
2020-04,Export,iron_steel_72,721050,170128,182776
2020-04,Export,iron_steel_72,721061,24226,18550
2020-04,Export,iron_steel_72,721090,44225,11186
2020-04,Export,iron_steel_72,721220,2900,1941
2020-04,Export,iron_steel_72,721240,2673,0
2020-04,Export,iron_steel_72,721250,446810,274073
2020-04,Export,iron_steel_72,721260,68179,22191
2020-04,Export,iron_steel_72,721320,11079,3663
2020-04,Export,iron_steel_72,721391,12824,195
2020-04,Export,iron_steel_72,721420,26347,41886
2020-04,Export,iron_steel_72,721590,38094,20864
2020-04,Export,iron_steel_72,721669,37685,47668
2020-04,Export,iron_steel_72,721691,78664,74104
2020-04,Export,iron_steel_72,721710,296203,108605
2020-04,Export,iron_steel_72,721720,4677,1796
2020-04,Export,iron_steel_72,721810,939141,18920
2020-04,Export,iron_steel_72,722100,311146,12413
2020-04,Export,iron_steel_72,722300,2250709,13612
2020-04,Export,iron_steel_72,722410,1038484,219436
2020-04,Export,iron_steel_72,722511,1338460,667403
2020-04,Export,iron_steel_72,722550,27086,9394
2020-04,Export,iron_steel_73,730110,7580,374
2020-04,Export,iron_steel_73,730120,821331,103119
2020-04,Export,iron_steel_73,730210,93198,45963
2020-04,Export,iron_steel_73,730290,6805,2683
2020-04,Export,iron_steel_73,730419,98705,34654
2020-04,Export,iron_steel_73,730439,924789,219129
2020-04,Export,iron_steel_73,730519,1615921,1199000
2020-04,Export,iron_steel_73,730531,9450,1000
2020-04,Export,iron_steel_73,730590,112471,480
2020-04,Export,iron_steel_73,730619,183499,8775
2020-04,Export,iron_steel_73,730630,212485,61817
2020-04,Export,iron_steel_73,730721,974487,19538
2020-04,Export,iron_steel_73,730791,139199,5544
2020-04,Export,iron_steel_73,730820,154215,14012
2020-04,Export,iron_steel_73,730830,127115,21439
2020-04,Export,iron_steel_73,730840,46638,1815
2020-04,Export,iron_steel_73,730890,955735,101490
2020-04,Export,iron_steel_73,730900,1489596,198041
2020-04,Export,iron_steel_73,731010,633341,87873
2020-04,Export,iron_steel_73,731029,322632,30355
2020-04,Export,iron_steel_73,731100,4993655,167390
2020-04,Export,iron_steel_73,731815,7338768,419732
2020-04,Export,iron_steel_73,731816,4135942,99268
2020-04,Export,iron_steel_73,731822,1168516,115168
2020-04,Export,iron_steel_73,731823,484481,19504
2020-04,Export,iron_steel_73,732690,18438094,1429441
2020-05,Export,aluminum_76,760110,58059,5134
2020-05,Export,aluminum_76,760120,2043740,740611
2020-05,Export,aluminum_76,760310,250612,42880
2020-05,Export,aluminum_76,760410,267474,3191
2020-05,Export,aluminum_76,760421,93680,2630
2020-05,Export,aluminum_76,760429,1741743,159349
2020-05,Export,aluminum_76,760519,338159,51284
2020-05,Export,aluminum_76,760521,555101,0
2020-05,Export,aluminum_76,760529,222627,48866
2020-05,Export,aluminum_76,760611,244541,29399
2020-05,Export,aluminum_76,760612,9492473,797204
2020-05,Export,aluminum_76,760691,12298,195
2020-05,Export,aluminum_76,760692,33770,586
2020-05,Export,aluminum_76,760711,1213852,235927
2020-05,Export,aluminum_76,760719,174598,10027
2020-05,Export,aluminum_76,760720,583853,43766
2020-05,Export,aluminum_76,760810,33747,4453
2020-05,Export,aluminum_76,760820,1192504,148544
2020-05,Export,aluminum_76,760900,589929,61228
2020-05,Export,aluminum_76,761010,195363,19343
2020-05,Export,aluminum_76,761100,10610,28
2020-05,Export,aluminum_76,761210,28448,1829
2020-05,Export,aluminum_76,761290,3511684,620167
2020-05,Export,aluminum_76,761300,1541426,27089
2020-05,Export,aluminum_76,761490,7927,2101
2020-05,Export,aluminum_76,761610,1904605,59846
2020-05,Export,aluminum_76,761691,124049,14383
2020-05,Export,aluminum_76,761699,11122891,670580
2020-05,Export,cement_2523,250700,14880718,55515479
2020-05,Export,cement_2523,252329,9268,24821
2020-05,Export,cement_2523,252390,60420,66471
2020-05,Export,fertilizers,280800,14714,4799
2020-05,Export,fertilizers,281410,182679,39816
2020-05,Export,fertilizers,281420,460965,267730
2020-05,Export,fertilizers,283421,89928,126359
2020-05,Export,fertilizers,310210,567784,689435
2020-05,Export,fertilizers,310221,166055,372000
2020-05,Export,fertilizers,310229,10051,1000
2020-05,Export,fertilizers,310290,212685,51023
2020-05,Export,fertilizers,310510,1169966,77984
2020-05,Export,fertilizers,310520,469602,186665
2020-05,Export,fertilizers,310530,12342,34000
2020-05,Export,fertilizers,310551,15632,4369
2020-05,Export,fertilizers,310559,49860,64000
2020-05,Export,fertilizers,310590,669300,148096
2020-05,Export,iron_steel_72,260112,10867232,168483000
2020-05,Export,iron_steel_72,720260,3057,233
2020-05,Export,iron_steel_72,720390,8787247,33010082
2020-05,Export,iron_steel_72,720510,280244,2102
2020-05,Export,iron_steel_72,720521,1529274,211731
2020-05,Export,iron_steel_72,720529,715958,453077
2020-05,Export,iron_steel_72,720810,2680,471
2020-05,Export,iron_steel_72,720826,5000,7206
2020-05,Export,iron_steel_72,720827,39681,42470
2020-05,Export,iron_steel_72,720851,80676,91009
2020-05,Export,iron_steel_72,720852,8474,6435
2020-05,Export,iron_steel_72,720917,32080,37144
2020-05,Export,iron_steel_72,720918,70530,11759
2020-05,Export,iron_steel_72,720990,5905,4761
2020-05,Export,iron_steel_72,721012,81927,147447
2020-05,Export,iron_steel_72,721020,469526,66445
2020-05,Export,iron_steel_72,721049,713949,553697
2020-05,Export,iron_steel_72,721050,129972,160386
2020-05,Export,iron_steel_72,721061,48509,49568
2020-05,Export,iron_steel_72,721240,48618,21006
2020-05,Export,iron_steel_72,721250,1123476,128260
2020-05,Export,iron_steel_72,721260,91775,29920
2020-05,Export,iron_steel_72,721320,15438,408
2020-05,Export,iron_steel_72,721550,8877,7237
2020-05,Export,iron_steel_72,721590,51597,24300
2020-05,Export,iron_steel_72,721650,42119,44673
2020-05,Export,iron_steel_72,721691,85816,57184
2020-05,Export,iron_steel_72,721710,169595,138810
2020-05,Export,iron_steel_72,721810,583548,2818
2020-05,Export,iron_steel_72,721911,30507,19659
2020-05,Export,iron_steel_72,722100,159402,4713
2020-05,Export,iron_steel_72,722300,1421991,27838
2020-05,Export,iron_steel_72,722410,308461,62814
2020-05,Export,iron_steel_72,722511,255040,116959
2020-05,Export,iron_steel_72,722530,57182,104110
2020-05,Export,iron_steel_73,730110,11420,304
2020-05,Export,iron_steel_73,730120,1151464,136139
2020-05,Export,iron_steel_73,730210,5100,1021
2020-05,Export,iron_steel_73,730290,21244,0
2020-05,Export,iron_steel_73,730300,22026,0
2020-05,Export,iron_steel_73,730419,66743,31203
2020-05,Export,iron_steel_73,730439,72134,34557
2020-05,Export,iron_steel_73,730590,2853,80
2020-05,Export,iron_steel_73,730619,300944,307475
2020-05,Export,iron_steel_73,730630,77209,45097
2020-05,Export,iron_steel_73,730721,589006,12670
2020-05,Export,iron_steel_73,730791,97994,4484
2020-05,Export,iron_steel_73,730820,112234,44348
2020-05,Export,iron_steel_73,730830,144343,9023
2020-05,Export,iron_steel_73,730840,22303,5403
2020-05,Export,iron_steel_73,730890,1346758,243327
2020-05,Export,iron_steel_73,730900,2076192,468759
2020-05,Export,iron_steel_73,731010,632967,137467
2020-05,Export,iron_steel_73,731021,9196,1740
2020-05,Export,iron_steel_73,731029,461929,72813
2020-05,Export,iron_steel_73,731100,7825197,261596
2020-05,Export,iron_steel_73,731815,7764548,301676
2020-05,Export,iron_steel_73,731816,4287751,83005
2020-05,Export,iron_steel_73,731822,841021,93497
2020-05,Export,iron_steel_73,731823,407664,11044
2020-05,Export,iron_steel_73,732690,17011564,1087386
2020-06,Export,aluminum_76,760110,71319,2299
2020-06,Export,aluminum_76,760120,1390388,329751
2020-06,Export,aluminum_76,760310,289833,47827
2020-06,Export,aluminum_76,760320,45461,6838
2020-06,Export,aluminum_76,760410,331902,9096
2020-06,Export,aluminum_76,760421,37175,5201
2020-06,Export,aluminum_76,760429,1768001,86964
2020-06,Export,aluminum_76,760511,3051,86
2020-06,Export,aluminum_76,760519,119547,17993
2020-06,Export,aluminum_76,760521,367146,0
2020-06,Export,aluminum_76,760529,29830,1731
2020-06,Export,aluminum_76,760611,884265,39062
2020-06,Export,aluminum_76,760612,10994237,732992
2020-06,Export,aluminum_76,760691,3712,31
2020-06,Export,aluminum_76,760692,60286,2197
2020-06,Export,aluminum_76,760711,902866,182430
2020-06,Export,aluminum_76,760719,64251,5134
2020-06,Export,aluminum_76,760720,1519146,151057
2020-06,Export,aluminum_76,760810,3488,504
2020-06,Export,aluminum_76,760820,1469785,274436
2020-06,Export,aluminum_76,760900,522949,25553
2020-06,Export,aluminum_76,761010,245020,19508
2020-06,Export,aluminum_76,761100,472250,19967
2020-06,Export,aluminum_76,761210,17430,0
2020-06,Export,aluminum_76,761290,1805663,204216
2020-06,Export,aluminum_76,761300,1616070,24009
2020-06,Export,aluminum_76,761490,16768,1753
2020-06,Export,aluminum_76,761610,2022900,59360
2020-06,Export,aluminum_76,761691,93964,9536
2020-06,Export,aluminum_76,761699,9607749,462739
2020-06,Export,cement_2523,250700,8648047,26759401
2020-06,Export,cement_2523,252321,20034,22622
2020-06,Export,cement_2523,252329,5188,22455
2020-06,Export,fertilizers,280800,138686,53163
2020-06,Export,fertilizers,281410,62985,18398
2020-06,Export,fertilizers,281420,356128,208616
2020-06,Export,fertilizers,283421,8653,2062
2020-06,Export,fertilizers,310210,355914,427395
2020-06,Export,fertilizers,310221,83601,253000
2020-06,Export,fertilizers,310290,41839,12215
2020-06,Export,fertilizers,310510,640806,118295
2020-06,Export,fertilizers,310520,339710,256260
2020-06,Export,fertilizers,310590,970089,222101
2020-06,Export,iron_steel_72,260112,3836262,85598000
2020-06,Export,iron_steel_72,720390,24523,8124
2020-06,Export,iron_steel_72,720510,167970,521
2020-06,Export,iron_steel_72,720521,1769210,148423
2020-06,Export,iron_steel_72,720529,287238,151565
2020-06,Export,iron_steel_72,720851,82722,79182
2020-06,Export,iron_steel_72,720917,148628,70807
2020-06,Export,iron_steel_72,720927,336155,230052
2020-06,Export,iron_steel_72,721012,40700,62000
2020-06,Export,iron_steel_72,721020,217647,30421
2020-06,Export,iron_steel_72,721049,171892,0
2020-06,Export,iron_steel_72,721050,256690,363246
2020-06,Export,iron_steel_72,721069,2515,589
2020-06,Export,iron_steel_72,721070,36168,19968
2020-06,Export,iron_steel_72,721090,43928,11315
2020-06,Export,iron_steel_72,721240,52470,27255
2020-06,Export,iron_steel_72,721250,304697,118210
2020-06,Export,iron_steel_72,721320,12645,435
2020-06,Export,iron_steel_72,721391,11313,139
2020-06,Export,iron_steel_72,721510,5213,660
2020-06,Export,iron_steel_72,721590,71180,38930
2020-06,Export,iron_steel_72,721631,8375,5086
2020-06,Export,iron_steel_72,721650,7980,10629
2020-06,Export,iron_steel_72,721691,26620,21891
2020-06,Export,iron_steel_72,721699,1060936,53631
2020-06,Export,iron_steel_72,721710,178484,160116
2020-06,Export,iron_steel_72,721810,519756,23611
2020-06,Export,iron_steel_72,721911,13650,419
2020-06,Export,iron_steel_72,721931,3331,146
2020-06,Export,iron_steel_72,722100,122221,10213
2020-06,Export,iron_steel_72,722300,1246001,6472
2020-06,Export,iron_steel_72,722410,372346,146690
2020-06,Export,iron_steel_72,722511,16494,7465
2020-06,Export,iron_steel_73,730110,7573,0
2020-06,Export,iron_steel_73,730120,1978438,305129
2020-06,Export,iron_steel_73,730210,84830,63853
2020-06,Export,iron_steel_73,730300,9867,2040
2020-06,Export,iron_steel_73,730419,380537,117198
2020-06,Export,iron_steel_73,730439,170366,70365
2020-06,Export,iron_steel_73,730531,13379,579
2020-06,Export,iron_steel_73,730619,73621,1395
2020-06,Export,iron_steel_73,730630,186883,54091
2020-06,Export,iron_steel_73,730721,648880,15368
2020-06,Export,iron_steel_73,730791,292487,53538
2020-06,Export,iron_steel_73,730820,213628,1165
2020-06,Export,iron_steel_73,730830,184132,15062
2020-06,Export,iron_steel_73,730840,423079,113515
2020-06,Export,iron_steel_73,730890,1085589,194009
2020-06,Export,iron_steel_73,730900,1167510,265377
2020-06,Export,iron_steel_73,731010,521337,98923
2020-06,Export,iron_steel_73,731021,34910,8283
2020-06,Export,iron_steel_73,731029,267792,19108
2020-06,Export,iron_steel_73,731100,3128518,93481
2020-06,Export,iron_steel_73,731815,6687502,240591
2020-06,Export,iron_steel_73,731816,4621693,108277
2020-06,Export,iron_steel_73,731822,1173469,133592
2020-06,Export,iron_steel_73,731823,454446,11465
2020-06,Export,iron_steel_73,732690,14028130,864739
2020-07,Export,aluminum_76,760110,39633,464
2020-07,Export,aluminum_76,760120,1434984,356029
2020-07,Export,aluminum_76,760310,661000,105171
2020-07,Export,aluminum_76,760320,10995,1062
2020-07,Export,aluminum_76,760410,80608,2577
2020-07,Export,aluminum_76,760421,38715,5344
2020-07,Export,aluminum_76,760429,2215568,193834
2020-07,Export,aluminum_76,760519,278721,41427
2020-07,Export,aluminum_76,760521,238828,0
2020-07,Export,aluminum_76,760529,239039,52172
2020-07,Export,aluminum_76,760611,282409,20207
2020-07,Export,aluminum_76,760612,7807616,330955
2020-07,Export,aluminum_76,760692,70605,3663
2020-07,Export,aluminum_76,760711,699989,131484
2020-07,Export,aluminum_76,760719,365196,15760
2020-07,Export,aluminum_76,760720,1112342,112241
2020-07,Export,aluminum_76,760810,69781,11290
2020-07,Export,aluminum_76,760820,513916,94042
2020-07,Export,aluminum_76,760900,929386,102800
2020-07,Export,aluminum_76,761010,235714,32064
2020-07,Export,aluminum_76,761100,43840,24507
2020-07,Export,aluminum_76,761210,126620,4804
2020-07,Export,aluminum_76,761290,756502,46138
2020-07,Export,aluminum_76,761300,2272827,29372
2020-07,Export,aluminum_76,761410,3549,886
2020-07,Export,aluminum_76,761610,1460967,34423
2020-07,Export,aluminum_76,761691,84204,6836
2020-07,Export,aluminum_76,761699,7262323,315158
2020-07,Export,cement_2523,250700,6598890,23217827
2020-07,Export,cement_2523,252310,11584,20205
2020-07,Export,cement_2523,252321,11670,2511
2020-07,Export,cement_2523,252330,23987,41000
2020-07,Export,cement_2523,252390,70489,127104
2020-07,Export,fertilizers,280800,32984,19750
2020-07,Export,fertilizers,281410,118891,21850
2020-07,Export,fertilizers,281420,345371,208413
2020-07,Export,fertilizers,310210,755908,1173622
2020-07,Export,fertilizers,310510,11335,1904
2020-07,Export,fertilizers,310520,327765,185406
2020-07,Export,fertilizers,310559,24960,5000
2020-07,Export,fertilizers,310590,443296,103466
2020-07,Export,iron_steel_72,260112,19870800,273804890
2020-07,Export,iron_steel_72,720390,86172,28018
2020-07,Export,iron_steel_72,720510,79488,925
2020-07,Export,iron_steel_72,720521,1592384,193375
2020-07,Export,iron_steel_72,720529,557714,139559
2020-07,Export,iron_steel_72,720610,5306,145
2020-07,Export,iron_steel_72,720810,50375,72720
2020-07,Export,iron_steel_72,720827,9300,11803
2020-07,Export,iron_steel_72,720836,19269,50868
2020-07,Export,iron_steel_72,720917,46616,53975
2020-07,Export,iron_steel_72,720918,33261,5504
2020-07,Export,iron_steel_72,720990,48250,21011
2020-07,Export,iron_steel_72,721012,41563,83735
2020-07,Export,iron_steel_72,721020,209954,23915
2020-07,Export,iron_steel_72,721049,47413,34165
2020-07,Export,iron_steel_72,721050,127222,219477
2020-07,Export,iron_steel_72,721061,24169,18544
2020-07,Export,iron_steel_72,721070,12323,4188
2020-07,Export,iron_steel_72,721240,49435,23057
2020-07,Export,iron_steel_72,721250,923835,301280
2020-07,Export,iron_steel_72,721260,68568,18801
2020-07,Export,iron_steel_72,721320,15439,429
2020-07,Export,iron_steel_72,721391,16275,158
2020-07,Export,iron_steel_72,721420,4213,4787
2020-07,Export,iron_steel_72,721510,2877,365
2020-07,Export,iron_steel_72,721550,33645,17395
2020-07,Export,iron_steel_72,721590,277984,137375
2020-07,Export,iron_steel_72,721640,6860,1801
2020-07,Export,iron_steel_72,721691,57732,51783
2020-07,Export,iron_steel_72,721699,2061989,68247
2020-07,Export,iron_steel_72,721710,53680,50941
2020-07,Export,iron_steel_72,721720,5837,227
2020-07,Export,iron_steel_72,721810,265037,2463
2020-07,Export,iron_steel_72,721931,20972,2232
2020-07,Export,iron_steel_72,722100,315427,9105
2020-07,Export,iron_steel_72,722300,944634,9537
2020-07,Export,iron_steel_72,722410,389596,60465
2020-07,Export,iron_steel_72,722530,35929,21214
2020-07,Export,iron_steel_72,722550,7216,7479
2020-07,Export,iron_steel_73,730110,18370,43
2020-07,Export,iron_steel_73,730120,2075943,258387
2020-07,Export,iron_steel_73,730210,19645,1502
2020-07,Export,iron_steel_73,730290,13156,14705
2020-07,Export,iron_steel_73,730419,23801,5786
2020-07,Export,iron_steel_73,730439,150194,80025
2020-07,Export,iron_steel_73,730619,129505,52973
2020-07,Export,iron_steel_73,730630,539244,271423
2020-07,Export,iron_steel_73,730721,470784,14611
2020-07,Export,iron_steel_73,730791,82743,3545
2020-07,Export,iron_steel_73,730810,4900,680
2020-07,Export,iron_steel_73,730820,43013,13462
2020-07,Export,iron_steel_73,730830,427763,7599
2020-07,Export,iron_steel_73,730840,397396,76105
2020-07,Export,iron_steel_73,730890,1101454,101927
2020-07,Export,iron_steel_73,730900,561287,133998
2020-07,Export,iron_steel_73,731010,352479,37570
2020-07,Export,iron_steel_73,731021,33600,6096
2020-07,Export,iron_steel_73,731029,257945,9878
2020-07,Export,iron_steel_73,731100,4112733,232477
2020-07,Export,iron_steel_73,731815,10931987,314445
2020-07,Export,iron_steel_73,731816,4548034,100954
2020-07,Export,iron_steel_73,731822,789692,85911
2020-07,Export,iron_steel_73,731823,737347,43154
2020-07,Export,iron_steel_73,732690,20150464,1709123
2020-08,Export,aluminum_76,760110,87176,20359
2020-08,Export,aluminum_76,760120,1660563,612967
2020-08,Export,aluminum_76,760310,511286,89837
2020-08,Export,aluminum_76,760320,48679,5095
2020-08,Export,aluminum_76,760410,319600,9057
2020-08,Export,aluminum_76,760421,135992,15826
2020-08,Export,aluminum_76,760429,837145,169526
2020-08,Export,aluminum_76,760519,292726,41406
2020-08,Export,aluminum_76,760521,394260,0
2020-08,Export,aluminum_76,760529,76819,12367
2020-08,Export,aluminum_76,760611,241299,14597
2020-08,Export,aluminum_76,760612,6913456,569887
2020-08,Export,aluminum_76,760691,22522,421
2020-08,Export,aluminum_76,760692,28777,600
2020-08,Export,aluminum_76,760711,1477673,314143
2020-08,Export,aluminum_76,760719,441424,11266
2020-08,Export,aluminum_76,760720,815451,85092
2020-08,Export,aluminum_76,760810,8000,1546
2020-08,Export,aluminum_76,760820,909456,149218
2020-08,Export,aluminum_76,760900,558802,31266
2020-08,Export,aluminum_76,761010,96614,9629
2020-08,Export,aluminum_76,761100,132872,3766
2020-08,Export,aluminum_76,761210,58790,3232
2020-08,Export,aluminum_76,761290,1818630,264210
2020-08,Export,aluminum_76,761300,986099,22137
2020-08,Export,aluminum_76,761490,26974,6072
2020-08,Export,aluminum_76,761610,820286,7872
2020-08,Export,aluminum_76,761691,303734,37975
2020-08,Export,aluminum_76,761699,7623691,448691
2020-08,Export,cement_2523,250700,5205252,12677836
2020-08,Export,cement_2523,252310,33000,60000
2020-08,Export,cement_2523,252321,13596,21618
2020-08,Export,cement_2523,252329,13887,19793
2020-08,Export,cement_2523,252390,3537,1025
2020-08,Export,fertilizers,280800,70673,83326
2020-08,Export,fertilizers,281410,116379,20451
2020-08,Export,fertilizers,281420,372118,220336
2020-08,Export,fertilizers,310210,201339,265603
2020-08,Export,fertilizers,310221,100640,15321
2020-08,Export,fertilizers,310250,3720,2000
2020-08,Export,fertilizers,310290,9387,2000
2020-08,Export,fertilizers,310510,158369,40269
2020-08,Export,fertilizers,310520,255447,170416
2020-08,Export,fertilizers,310590,467584,36502
2020-08,Export,hydrogen_2804,280410,2904,534
2020-08,Export,iron_steel_72,260112,11773705,169974005
2020-08,Export,iron_steel_72,720110,32810,67738
2020-08,Export,iron_steel_72,720390,22274,7305
2020-08,Export,iron_steel_72,720510,131867,4354
2020-08,Export,iron_steel_72,720521,1764123,309361
2020-08,Export,iron_steel_72,720529,996044,685125
2020-08,Export,iron_steel_72,720610,6287,278
2020-08,Export,iron_steel_72,720810,130132,187855
2020-08,Export,iron_steel_72,720827,12725,4045
2020-08,Export,iron_steel_72,720840,15788,20218
2020-08,Export,iron_steel_72,720851,61230,41307
2020-08,Export,iron_steel_72,720852,35829,14880
2020-08,Export,iron_steel_72,720853,25983,30631
2020-08,Export,iron_steel_72,720854,36823,17448
2020-08,Export,iron_steel_72,720918,57666,64648
2020-08,Export,iron_steel_72,720925,2657,611
2020-08,Export,iron_steel_72,720926,3317,763
2020-08,Export,iron_steel_72,720990,7310,789
2020-08,Export,iron_steel_72,721012,152399,345161
2020-08,Export,iron_steel_72,721020,47687,6885
2020-08,Export,iron_steel_72,721030,187440,162902
2020-08,Export,iron_steel_72,721041,39676,34779
2020-08,Export,iron_steel_72,721049,173160,118681
2020-08,Export,iron_steel_72,721050,212342,322249
2020-08,Export,iron_steel_72,721061,5889,275
2020-08,Export,iron_steel_72,721070,5820,48
2020-08,Export,iron_steel_72,721090,42953,11110
2020-08,Export,iron_steel_72,721240,42043,20575
2020-08,Export,iron_steel_72,721250,1252998,470493
2020-08,Export,iron_steel_72,721260,113529,31043
2020-08,Export,iron_steel_72,721320,6655,154
2020-08,Export,iron_steel_72,721391,12027,191
2020-08,Export,iron_steel_72,721550,3235,745
2020-08,Export,iron_steel_72,721590,81570,23875
2020-08,Export,iron_steel_72,721610,3104,714
2020-08,Export,iron_steel_72,721632,13237,22671
2020-08,Export,iron_steel_72,721640,49595,45086
2020-08,Export,iron_steel_72,721669,6972,8819
2020-08,Export,iron_steel_72,721691,7703,7500
2020-08,Export,iron_steel_72,721699,11931,270
2020-08,Export,iron_steel_72,721710,70158,117439
2020-08,Export,iron_steel_72,721810,274823,28160
2020-08,Export,iron_steel_72,721911,13525,413
2020-08,Export,iron_steel_72,722100,570769,9922
2020-08,Export,iron_steel_72,722300,1207972,9238
2020-08,Export,iron_steel_72,722410,212783,32056
2020-08,Export,iron_steel_72,722530,3163,2495
2020-08,Export,iron_steel_72,722550,25195,8229
2020-08,Export,iron_steel_73,730110,19759,4095
2020-08,Export,iron_steel_73,730120,1858522,190173
2020-08,Export,iron_steel_73,730210,18563,19994
2020-08,Export,iron_steel_73,730419,162185,81162
2020-08,Export,iron_steel_73,730439,422710,137535
2020-08,Export,iron_steel_73,730590,4500,35
2020-08,Export,iron_steel_73,730619,66125,98676
2020-08,Export,iron_steel_73,730630,352555,178702
2020-08,Export,iron_steel_73,730721,760606,25315
2020-08,Export,iron_steel_73,730791,358730,15002
2020-08,Export,iron_steel_73,730810,2825,726
2020-08,Export,iron_steel_73,730820,16645,5914
2020-08,Export,iron_steel_73,730830,209853,30142
2020-08,Export,iron_steel_73,730840,6681,1618
2020-08,Export,iron_steel_73,730890,1068270,216541
2020-08,Export,iron_steel_73,730900,4534591,187646
2020-08,Export,iron_steel_73,731010,1040403,106808
2020-08,Export,iron_steel_73,731021,49500,16500
2020-08,Export,iron_steel_73,731029,263891,19708
2020-08,Export,iron_steel_73,731100,10824174,578952
2020-08,Export,iron_steel_73,731815,6370026,377088
2020-08,Export,iron_steel_73,731816,4104793,165341
2020-08,Export,iron_steel_73,731822,765873,85565
2020-08,Export,iron_steel_73,731823,371901,13011
2020-08,Export,iron_steel_73,732690,21229907,2061230
2020-09,Export,aluminum_76,760110,76298,4464
2020-09,Export,aluminum_76,760120,1255003,382456
2020-09,Export,aluminum_76,760310,343273,96431
2020-09,Export,aluminum_76,760320,27821,4784
2020-09,Export,aluminum_76,760410,72524,2115
2020-09,Export,aluminum_76,760421,160159,11604
2020-09,Export,aluminum_76,760429,1854545,109395
2020-09,Export,aluminum_76,760511,5005,121
2020-09,Export,aluminum_76,760519,117641,16616
2020-09,Export,aluminum_76,760521,534809,0
2020-09,Export,aluminum_76,760529,426348,99150
2020-09,Export,aluminum_76,760611,253879,54830
2020-09,Export,aluminum_76,760612,5481780,479363
2020-09,Export,aluminum_76,760691,16010,226
2020-09,Export,aluminum_76,760692,102453,5472
2020-09,Export,aluminum_76,760711,1043323,241588
2020-09,Export,aluminum_76,760719,586674,21568
2020-09,Export,aluminum_76,760720,965639,94107
2020-09,Export,aluminum_76,760810,10062,45
2020-09,Export,aluminum_76,760820,1058172,206675
2020-09,Export,aluminum_76,760900,706109,37061
2020-09,Export,aluminum_76,761010,314022,29438
2020-09,Export,aluminum_76,761100,66093,2381
2020-09,Export,aluminum_76,761210,14796,1070
2020-09,Export,aluminum_76,761290,1384115,175401
2020-09,Export,aluminum_76,761300,1327312,25596
2020-09,Export,aluminum_76,761410,3417,853
2020-09,Export,aluminum_76,761490,76139,1058
2020-09,Export,aluminum_76,761610,915414,15467
2020-09,Export,aluminum_76,761691,15266,1881
2020-09,Export,aluminum_76,761699,7919093,455974
2020-09,Export,cement_2523,250700,12795199,54696812
2020-09,Export,cement_2523,252329,19475,102500
2020-09,Export,cement_2523,252330,3170,1077
2020-09,Export,cement_2523,252390,8617,25171
2020-09,Export,fertilizers,280800,134764,73159
2020-09,Export,fertilizers,281410,116379,20451
2020-09,Export,fertilizers,281420,321918,185991
2020-09,Export,fertilizers,283421,32599,9172
2020-09,Export,fertilizers,310210,1064362,448969
2020-09,Export,fertilizers,310221,261188,74144
2020-09,Export,fertilizers,310290,299945,105195
2020-09,Export,fertilizers,310510,427494,58833
2020-09,Export,fertilizers,310520,599526,386937
2020-09,Export,fertilizers,310540,19173,2000
2020-09,Export,fertilizers,310551,26174,7664
2020-09,Export,fertilizers,310559,86101,57614
2020-09,Export,fertilizers,310590,919134,91945
2020-09,Export,iron_steel_72,260112,8163831,118113000
2020-09,Export,iron_steel_72,720390,20222,7260
2020-09,Export,iron_steel_72,720510,60863,325
2020-09,Export,iron_steel_72,720521,1320522,373795
2020-09,Export,iron_steel_72,720529,934037,558927
2020-09,Export,iron_steel_72,720825,36536,48910
2020-09,Export,iron_steel_72,720827,2859,2893
2020-09,Export,iron_steel_72,720851,6000,6769
2020-09,Export,iron_steel_72,720852,4205,946
2020-09,Export,iron_steel_72,720853,15254,23699
2020-09,Export,iron_steel_72,720915,4189,4310
2020-09,Export,iron_steel_72,720916,55756,43948
2020-09,Export,iron_steel_72,720917,172197,66525
2020-09,Export,iron_steel_72,720918,63769,39799
2020-09,Export,iron_steel_72,720990,16448,9686
2020-09,Export,iron_steel_72,721012,20000,40000
2020-09,Export,iron_steel_72,721049,47478,100480
2020-09,Export,iron_steel_72,721050,188785,329707
2020-09,Export,iron_steel_72,721061,42172,36888
2020-09,Export,iron_steel_72,721070,10696,3402
2020-09,Export,iron_steel_72,721090,95038,22614
2020-09,Export,iron_steel_72,721240,47575,24713
2020-09,Export,iron_steel_72,721250,1809458,717195
2020-09,Export,iron_steel_72,721260,102481,30342
2020-09,Export,iron_steel_72,721310,4000,1940
2020-09,Export,iron_steel_72,721320,5117,535
2020-09,Export,iron_steel_72,721391,4949,64
2020-09,Export,iron_steel_72,721550,64560,34289
2020-09,Export,iron_steel_72,721590,22339,16580
2020-09,Export,iron_steel_72,721632,3266,5594
2020-09,Export,iron_steel_72,721640,116774,88015
2020-09,Export,iron_steel_72,721669,7770,3572
2020-09,Export,iron_steel_72,721691,5681,4419
2020-09,Export,iron_steel_72,721699,983637,23589
2020-09,Export,iron_steel_72,721710,234967,152838
2020-09,Export,iron_steel_72,721720,64320,66669
2020-09,Export,iron_steel_72,721810,231651,12442
2020-09,Export,iron_steel_72,721931,27928,4235
2020-09,Export,iron_steel_72,722100,64999,6138
2020-09,Export,iron_steel_72,722300,1404285,8373
2020-09,Export,iron_steel_72,722410,879811,143445
2020-09,Export,iron_steel_72,722550,40176,33226
2020-09,Export,iron_steel_73,730110,4236,780
2020-09,Export,iron_steel_73,730120,1221838,175791
2020-09,Export,iron_steel_73,730210,179525,78577
2020-09,Export,iron_steel_73,730230,21945,5864
2020-09,Export,iron_steel_73,730290,30900,0
2020-09,Export,iron_steel_73,730300,45000,9009
2020-09,Export,iron_steel_73,730419,129015,44014
2020-09,Export,iron_steel_73,730439,1596511,257862
2020-09,Export,iron_steel_73,730531,30476,4454
2020-09,Export,iron_steel_73,730590,8733,11949
2020-09,Export,iron_steel_73,730619,41803,1017
2020-09,Export,iron_steel_73,730630,402830,164238
2020-09,Export,iron_steel_73,730721,402935,9445
2020-09,Export,iron_steel_73,730791,154092,3846
2020-09,Export,iron_steel_73,730820,132736,33656
2020-09,Export,iron_steel_73,730830,231049,5381
2020-09,Export,iron_steel_73,730840,193298,37171
2020-09,Export,iron_steel_73,730890,1999136,217943
2020-09,Export,iron_steel_73,730900,2415602,320832
2020-09,Export,iron_steel_73,731010,548805,185813
2020-09,Export,iron_steel_73,731021,4105,12
2020-09,Export,iron_steel_73,731029,542137,52141
2020-09,Export,iron_steel_73,731100,9806698,580590
2020-09,Export,iron_steel_73,731815,8417632,497164
2020-09,Export,iron_steel_73,731816,5094089,213939
2020-09,Export,iron_steel_73,731822,1315848,146906
2020-09,Export,iron_steel_73,731823,637336,21854
2020-09,Export,iron_steel_73,732690,23656266,2423726
2020-10,Export,aluminum_76,760110,59468,4024
2020-10,Export,aluminum_76,760120,1500204,529332
2020-10,Export,aluminum_76,760310,396931,111932
2020-10,Export,aluminum_76,760320,8868,0
2020-10,Export,aluminum_76,760410,216258,6958
2020-10,Export,aluminum_76,760421,261163,26798
2020-10,Export,aluminum_76,760429,1011507,53302
2020-10,Export,aluminum_76,760519,213946,32048
2020-10,Export,aluminum_76,760521,472842,0
2020-10,Export,aluminum_76,760529,341085,71688
2020-10,Export,aluminum_76,760611,253931,18745
2020-10,Export,aluminum_76,760612,4683216,352491
2020-10,Export,aluminum_76,760691,23225,2710
2020-10,Export,aluminum_76,760692,44495,1545
2020-10,Export,aluminum_76,760711,1058836,174694
2020-10,Export,aluminum_76,760719,384741,12516
2020-10,Export,aluminum_76,760720,1226976,111805
2020-10,Export,aluminum_76,760810,7499,350
2020-10,Export,aluminum_76,760820,1102443,202481
2020-10,Export,aluminum_76,760900,1126311,91592
2020-10,Export,aluminum_76,761010,231675,19927
2020-10,Export,aluminum_76,761100,221817,1916
2020-10,Export,aluminum_76,761210,8345,621
2020-10,Export,aluminum_76,761290,1033572,91208
2020-10,Export,aluminum_76,761300,1482603,29944
2020-10,Export,aluminum_76,761410,3436,35
2020-10,Export,aluminum_76,761490,57705,7783
2020-10,Export,aluminum_76,761610,1386665,32015
2020-10,Export,aluminum_76,761691,262098,29603
2020-10,Export,aluminum_76,761699,10012870,472305
2020-10,Export,cement_2523,250700,8224815,29217682
2020-10,Export,cement_2523,252329,5264,5125
2020-10,Export,cement_2523,252390,129087,261076
2020-10,Export,fertilizers,280800,22070,7199
2020-10,Export,fertilizers,281420,412122,223008
2020-10,Export,fertilizers,283421,45619,13393
2020-10,Export,fertilizers,310210,496159,743496
2020-10,Export,fertilizers,310221,140567,355434
2020-10,Export,fertilizers,310290,105645,24025
2020-10,Export,fertilizers,310510,395832,82425
2020-10,Export,fertilizers,310520,400291,243529
2020-10,Export,fertilizers,310551,21727,7000
2020-10,Export,fertilizers,310559,148172,189245
2020-10,Export,fertilizers,310590,1144711,179532
2020-10,Export,iron_steel_72,260112,5741679,82807000
2020-10,Export,iron_steel_72,720110,16830,34375
2020-10,Export,iron_steel_72,720390,29111,10109
2020-10,Export,iron_steel_72,720510,80588,105
2020-10,Export,iron_steel_72,720521,2462702,399999
2020-10,Export,iron_steel_72,720529,1679413,1088748
2020-10,Export,iron_steel_72,720825,42002,50546
2020-10,Export,iron_steel_72,720840,27523,12420
2020-10,Export,iron_steel_72,720852,91392,44714
2020-10,Export,iron_steel_72,720853,3535,878
2020-10,Export,iron_steel_72,720890,44000,7450
2020-10,Export,iron_steel_72,720915,34119,53885
2020-10,Export,iron_steel_72,720917,71479,30564
2020-10,Export,iron_steel_72,720927,3000,2712
2020-10,Export,iron_steel_72,720990,30334,18827
2020-10,Export,iron_steel_72,721012,109000,238190
2020-10,Export,iron_steel_72,721020,26872,1113
2020-10,Export,iron_steel_72,721049,466941,320267
2020-10,Export,iron_steel_72,721050,101175,213254
2020-10,Export,iron_steel_72,721061,17946,18338
2020-10,Export,iron_steel_72,721069,8560,4357
2020-10,Export,iron_steel_72,721070,18394,6618
2020-10,Export,iron_steel_72,721090,250569,41477
2020-10,Export,iron_steel_72,721230,19537,16831
2020-10,Export,iron_steel_72,721240,31515,0
2020-10,Export,iron_steel_72,721250,1590669,389910
2020-10,Export,iron_steel_72,721260,218524,42762
2020-10,Export,iron_steel_72,721320,6655,135
2020-10,Export,iron_steel_72,721391,7369,102
2020-10,Export,iron_steel_72,721550,71492,35208
2020-10,Export,iron_steel_72,721590,460681,231402
2020-10,Export,iron_steel_72,721621,146209,206358
2020-10,Export,iron_steel_72,721631,19087,12301
2020-10,Export,iron_steel_72,721632,138109,236536
2020-10,Export,iron_steel_72,721640,87001,81425
2020-10,Export,iron_steel_72,721691,31557,30725
2020-10,Export,iron_steel_72,721699,44044,6350
2020-10,Export,iron_steel_72,721710,67860,88160
2020-10,Export,iron_steel_72,721810,273080,10545
2020-10,Export,iron_steel_72,722100,38581,3328
2020-10,Export,iron_steel_72,722300,1144042,8484
2020-10,Export,iron_steel_72,722410,479511,58001
2020-10,Export,iron_steel_72,722550,151631,12482
2020-10,Export,iron_steel_73,730110,3379,0
2020-10,Export,iron_steel_73,730120,1891871,183174
2020-10,Export,iron_steel_73,730210,37847,13131
2020-10,Export,iron_steel_73,730300,28280,5662
2020-10,Export,iron_steel_73,730419,180465,55617
2020-10,Export,iron_steel_73,730439,1797980,138402
2020-10,Export,iron_steel_73,730531,9450,407
2020-10,Export,iron_steel_73,730619,21830,2419
2020-10,Export,iron_steel_73,730630,372719,125203
2020-10,Export,iron_steel_73,730721,586036,15860
2020-10,Export,iron_steel_73,730791,57104,2286
2020-10,Export,iron_steel_73,730810,2690,692
2020-10,Export,iron_steel_73,730820,531758,125483
2020-10,Export,iron_steel_73,730830,234767,23831
2020-10,Export,iron_steel_73,730840,185359,36968
2020-10,Export,iron_steel_73,730890,573902,109922
2020-10,Export,iron_steel_73,730900,1136355,101959
2020-10,Export,iron_steel_73,731010,885780,206650
2020-10,Export,iron_steel_73,731021,79091,9079
2020-10,Export,iron_steel_73,731029,293306,25793
2020-10,Export,iron_steel_73,731100,11343292,601277
2020-10,Export,iron_steel_73,731815,12388424,629422
2020-10,Export,iron_steel_73,731816,8026345,154186
2020-10,Export,iron_steel_73,731822,1165371,139735
2020-10,Export,iron_steel_73,731823,742053,31066
2020-10,Export,iron_steel_73,732690,27345319,2536589
2020-11,Export,aluminum_76,760110,42413,2618
2020-11,Export,aluminum_76,760120,382982,87936
2020-11,Export,aluminum_76,760310,51336,3844
2020-11,Export,aluminum_76,760320,22993,1556
2020-11,Export,aluminum_76,760410,713244,44012
2020-11,Export,aluminum_76,760421,267044,27082
2020-11,Export,aluminum_76,760429,1202453,82663
2020-11,Export,aluminum_76,760519,260103,38157
2020-11,Export,aluminum_76,760521,639874,230
2020-11,Export,aluminum_76,760529,319174,74113
2020-11,Export,aluminum_76,760611,211430,18093
2020-11,Export,aluminum_76,760612,5198555,449655
2020-11,Export,aluminum_76,760691,18862,338
2020-11,Export,aluminum_76,760692,50308,2508
2020-11,Export,aluminum_76,760711,852191,182673
2020-11,Export,aluminum_76,760719,410457,24915
2020-11,Export,aluminum_76,760720,983898,84133
2020-11,Export,aluminum_76,760810,20827,2637
2020-11,Export,aluminum_76,760820,647492,138624
2020-11,Export,aluminum_76,760900,653365,42717
2020-11,Export,aluminum_76,761010,634886,62220
2020-11,Export,aluminum_76,761100,15653,509
2020-11,Export,aluminum_76,761210,50172,2044
2020-11,Export,aluminum_76,761290,543021,104628
2020-11,Export,aluminum_76,761300,2671809,57098
2020-11,Export,aluminum_76,761410,2805,701
2020-11,Export,aluminum_76,761490,2900,1
2020-11,Export,aluminum_76,761610,1308984,44927
2020-11,Export,aluminum_76,761691,44348,2757
2020-11,Export,aluminum_76,761699,7118993,393594
2020-11,Export,cement_2523,250700,7196202,16402813
2020-11,Export,cement_2523,252321,17780,7014
2020-11,Export,cement_2523,252330,28784,49200
2020-11,Export,cement_2523,252390,54937,33396
2020-11,Export,fertilizers,280800,30884,8718
2020-11,Export,fertilizers,281410,207181,41601
2020-11,Export,fertilizers,281420,503884,297459
2020-11,Export,fertilizers,283421,35947,10209
2020-11,Export,fertilizers,310210,897855,1416652
2020-11,Export,fertilizers,310221,4650,1000
2020-11,Export,fertilizers,310250,2621,1000
2020-11,Export,fertilizers,310290,140745,28462
2020-11,Export,fertilizers,310510,192194,30351
2020-11,Export,fertilizers,310520,754439,321021
2020-11,Export,fertilizers,310590,970139,262549
2020-11,Export,iron_steel_72,260112,3656800,52250000
2020-11,Export,iron_steel_72,720110,184174,381154
2020-11,Export,iron_steel_72,720241,3738,5306
2020-11,Export,iron_steel_72,720510,126261,12
2020-11,Export,iron_steel_72,720521,1398684,371736
2020-11,Export,iron_steel_72,720529,2126799,1418519
2020-11,Export,iron_steel_72,720610,49522,72508
2020-11,Export,iron_steel_72,720810,25611,36971
2020-11,Export,iron_steel_72,720825,13140,18325
2020-11,Export,iron_steel_72,720827,17871,15361
2020-11,Export,iron_steel_72,720851,48139,30061
2020-11,Export,iron_steel_72,720852,254696,234526
2020-11,Export,iron_steel_72,720853,7187,2910
2020-11,Export,iron_steel_72,720854,12047,2598
2020-11,Export,iron_steel_72,720890,110834,18766
2020-11,Export,iron_steel_72,720916,52066,66239
2020-11,Export,iron_steel_72,720917,88736,32512
2020-11,Export,iron_steel_72,720918,54753,31643
2020-11,Export,iron_steel_72,720925,2736,4126
2020-11,Export,iron_steel_72,720927,48626,33708
2020-11,Export,iron_steel_72,720990,13158,11221
2020-11,Export,iron_steel_72,721012,64000,173343
2020-11,Export,iron_steel_72,721020,37973,3830
2020-11,Export,iron_steel_72,721041,7085,0
2020-11,Export,iron_steel_72,721049,25626,19768
2020-11,Export,iron_steel_72,721050,400200,430357
2020-11,Export,iron_steel_72,721061,26146,26717
2020-11,Export,iron_steel_72,721090,6168,294
2020-11,Export,iron_steel_72,721240,65205,29816
2020-11,Export,iron_steel_72,721250,910253,250148
2020-11,Export,iron_steel_72,721260,127863,36946
2020-11,Export,iron_steel_72,721320,17160,592
2020-11,Export,iron_steel_72,721391,28450,1245
2020-11,Export,iron_steel_72,721399,6000,186
2020-11,Export,iron_steel_72,721550,15700,19886
2020-11,Export,iron_steel_72,721590,51810,25750
2020-11,Export,iron_steel_72,721610,3238,1224
2020-11,Export,iron_steel_72,721621,398962,372861
2020-11,Export,iron_steel_72,721622,4247,7150
2020-11,Export,iron_steel_72,721631,3397,812
2020-11,Export,iron_steel_72,721640,115443,99843
2020-11,Export,iron_steel_72,721691,47256,46011
2020-11,Export,iron_steel_72,721699,12740,1190
2020-11,Export,iron_steel_72,721710,118272,133140
2020-11,Export,iron_steel_72,721810,220983,4082
2020-11,Export,iron_steel_72,721931,3403,181
2020-11,Export,iron_steel_72,722100,197660,5816
2020-11,Export,iron_steel_72,722300,1236178,12915
2020-11,Export,iron_steel_72,722410,670527,147363
2020-11,Export,iron_steel_72,722550,3624,860
2020-11,Export,iron_steel_73,730110,11282,1912
2020-11,Export,iron_steel_73,730120,1790008,165418
2020-11,Export,iron_steel_73,730290,12497,1280
2020-11,Export,iron_steel_73,730300,10848,33
2020-11,Export,iron_steel_73,730419,94047,43188
2020-11,Export,iron_steel_73,730439,1297008,264570
2020-11,Export,iron_steel_73,730511,25056,10273
2020-11,Export,iron_steel_73,730512,39736,18476
2020-11,Export,iron_steel_73,730590,37271,149
2020-11,Export,iron_steel_73,730619,2969,574
2020-11,Export,iron_steel_73,730630,650619,225683
2020-11,Export,iron_steel_73,730721,450686,9888
2020-11,Export,iron_steel_73,730791,309637,15578
2020-11,Export,iron_steel_73,730820,22780,8093
2020-11,Export,iron_steel_73,730830,179054,17665
2020-11,Export,iron_steel_73,730840,81235,13001
2020-11,Export,iron_steel_73,730890,996513,101667
2020-11,Export,iron_steel_73,730900,925227,145292
2020-11,Export,iron_steel_73,731010,597461,248702
2020-11,Export,iron_steel_73,731021,8228,548
2020-11,Export,iron_steel_73,731029,357172,18798
2020-11,Export,iron_steel_73,731100,7176431,556021
2020-11,Export,iron_steel_73,731815,8665410,503054
2020-11,Export,iron_steel_73,731816,4632381,95672
2020-11,Export,iron_steel_73,731822,1155112,126471
2020-11,Export,iron_steel_73,731823,513336,20894
2020-11,Export,iron_steel_73,732690,23812745,1918369
2020-12,Export,aluminum_76,760110,44886,3616
2020-12,Export,aluminum_76,760120,976960,227789
2020-12,Export,aluminum_76,760310,166095,34178
2020-12,Export,aluminum_76,760320,14180,966
2020-12,Export,aluminum_76,760410,72663,4131
2020-12,Export,aluminum_76,760421,133507,10736
2020-12,Export,aluminum_76,760429,1016614,100753
2020-12,Export,aluminum_76,760519,257653,36344
2020-12,Export,aluminum_76,760521,947102,0
2020-12,Export,aluminum_76,760529,238827,53755
2020-12,Export,aluminum_76,760611,914706,33808
2020-12,Export,aluminum_76,760612,4152181,237086
2020-12,Export,aluminum_76,760691,17332,1044
2020-12,Export,aluminum_76,760692,47090,510
2020-12,Export,aluminum_76,760711,1123481,201254
2020-12,Export,aluminum_76,760719,461444,11329
2020-12,Export,aluminum_76,760720,1127787,67014
2020-12,Export,aluminum_76,760810,50515,7412
2020-12,Export,aluminum_76,760820,615710,110297
2020-12,Export,aluminum_76,760900,730108,69417
2020-12,Export,aluminum_76,761010,156500,18467
2020-12,Export,aluminum_76,761100,142014,3483
2020-12,Export,aluminum_76,761210,16773,363
2020-12,Export,aluminum_76,761290,629035,97582
2020-12,Export,aluminum_76,761300,1008428,15850
2020-12,Export,aluminum_76,761490,22729,522
2020-12,Export,aluminum_76,761610,855075,11626
2020-12,Export,aluminum_76,761691,218617,26501
2020-12,Export,aluminum_76,761699,8338662,372053
2020-12,Export,cement_2523,250700,9137292,34302053
2020-12,Export,cement_2523,252310,16652,19839
2020-12,Export,cement_2523,252321,9600,4990
2020-12,Export,cement_2523,252390,36744,92250
2020-12,Export,fertilizers,280800,87308,26489
2020-12,Export,fertilizers,281410,306847,64491
2020-12,Export,fertilizers,281420,296004,170764
2020-12,Export,fertilizers,283421,27249,8180
2020-12,Export,fertilizers,310210,816970,793867
2020-12,Export,fertilizers,310229,29169,14969
2020-12,Export,fertilizers,310290,81801,65099
2020-12,Export,fertilizers,310510,327448,69380
2020-12,Export,fertilizers,310520,596592,500154
2020-12,Export,fertilizers,310530,26327,10205
2020-12,Export,fertilizers,310590,1328173,128757
2020-12,Export,hydrogen_2804,280410,2963,8413
2020-12,Export,iron_steel_72,260112,2308880,32984000
2020-12,Export,iron_steel_72,720390,11205047,32998218
2020-12,Export,iron_steel_72,720510,130866,230
2020-12,Export,iron_steel_72,720521,1640359,325876
2020-12,Export,iron_steel_72,720529,1185409,718516
2020-12,Export,iron_steel_72,720810,93994,135687
2020-12,Export,iron_steel_72,720851,25590,10198
2020-12,Export,iron_steel_72,720853,7595,5626
2020-12,Export,iron_steel_72,720854,21154,18115
2020-12,Export,iron_steel_72,720917,84306,30890
2020-12,Export,iron_steel_72,720990,21112,11520
2020-12,Export,iron_steel_72,721012,76076,170996
2020-12,Export,iron_steel_72,721020,33743,5169
2020-12,Export,iron_steel_72,721049,687513,696371
2020-12,Export,iron_steel_72,721050,77245,133536
2020-12,Export,iron_steel_72,721240,54243,20014
2020-12,Export,iron_steel_72,721250,1768357,316060
2020-12,Export,iron_steel_72,721260,337178,99748
2020-12,Export,iron_steel_72,721320,8314,182
2020-12,Export,iron_steel_72,721550,78009,43812
2020-12,Export,iron_steel_72,721590,56318,28932
2020-12,Export,iron_steel_72,721621,24502,22899
2020-12,Export,iron_steel_72,721631,18841,14337
2020-12,Export,iron_steel_72,721633,20025,15514
2020-12,Export,iron_steel_72,721640,18560,18248
2020-12,Export,iron_steel_72,721650,5604,1359
2020-12,Export,iron_steel_72,721691,77516,68403
2020-12,Export,iron_steel_72,721699,31709,17507
2020-12,Export,iron_steel_72,721710,105461,74664
2020-12,Export,iron_steel_72,721810,337755,5537
2020-12,Export,iron_steel_72,722100,178875,5203
2020-12,Export,iron_steel_72,722300,1073916,5019
2020-12,Export,iron_steel_72,722410,422282,68407
2020-12,Export,iron_steel_72,722530,20261,12395
2020-12,Export,iron_steel_72,722550,23990,8867
2020-12,Export,iron_steel_73,730110,7984,815
2020-12,Export,iron_steel_73,730120,1153797,145764
2020-12,Export,iron_steel_73,730210,12970,9260
2020-12,Export,iron_steel_73,730290,5627,0
2020-12,Export,iron_steel_73,730300,18030,3007
2020-12,Export,iron_steel_73,730419,48731,30765
2020-12,Export,iron_steel_73,730439,1292906,129705
2020-12,Export,iron_steel_73,730531,9450,0
2020-12,Export,iron_steel_73,730590,2994,10
2020-12,Export,iron_steel_73,730619,37609,81405
2020-12,Export,iron_steel_73,730630,335766,101346
2020-12,Export,iron_steel_73,730721,272739,4829
2020-12,Export,iron_steel_73,730791,1158405,53457
2020-12,Export,iron_steel_73,730810,2284700,383755
2020-12,Export,iron_steel_73,730820,16528,5872
2020-12,Export,iron_steel_73,730830,172009,17472
2020-12,Export,iron_steel_73,730840,28945,20178
2020-12,Export,iron_steel_73,730890,928894,117646
2020-12,Export,iron_steel_73,730900,1042128,229362
2020-12,Export,iron_steel_73,731010,563641,223121
2020-12,Export,iron_steel_73,731021,13758,6903
2020-12,Export,iron_steel_73,731029,91770,15662
2020-12,Export,iron_steel_73,731100,11537226,563897
2020-12,Export,iron_steel_73,731815,8278449,493503
2020-12,Export,iron_steel_73,731816,4361695,80566
2020-12,Export,iron_steel_73,731822,893446,96800
2020-12,Export,iron_steel_73,731823,355163,12853
2020-12,Export,iron_steel_73,732690,26116093,2012349
2021-01,Export,aluminum_76,760110,130042,21193
2021-01,Export,aluminum_76,760120,773486,298248
2021-01,Export,aluminum_76,760310,382041,49489
2021-01,Export,aluminum_76,760410,468060,17515
2021-01,Export,aluminum_76,760421,140199,6448
2021-01,Export,aluminum_76,760429,2111599,147133
2021-01,Export,aluminum_76,760521,701961,0
2021-01,Export,aluminum_76,760529,490931,85654
2021-01,Export,aluminum_76,760611,253240,7870
2021-01,Export,aluminum_76,760612,4235684,380869
2021-01,Export,aluminum_76,760691,60962,10065
2021-01,Export,aluminum_76,760692,18737,2392
2021-01,Export,aluminum_76,760711,680655,89653
2021-01,Export,aluminum_76,760719,919546,29082
2021-01,Export,aluminum_76,760720,928040,63501
2021-01,Export,aluminum_76,760810,42660,6192
2021-01,Export,aluminum_76,760820,974726,190965
2021-01,Export,aluminum_76,760900,793804,22593
2021-01,Export,aluminum_76,761010,282097,31913
2021-01,Export,aluminum_76,761100,38364,1479
2021-01,Export,aluminum_76,761210,59093,1697
2021-01,Export,aluminum_76,761290,892994,138682
2021-01,Export,aluminum_76,761300,1344071,25987
2021-01,Export,aluminum_76,761490,70354,3191
2021-01,Export,aluminum_76,761610,1451266,39376
2021-01,Export,aluminum_76,761691,282804,29172
2021-01,Export,aluminum_76,761699,9423149,440026
2021-01,Export,cement_2523,250700,13842923,52438174
2021-01,Export,cement_2523,252310,10065,20275
2021-01,Export,cement_2523,252321,21185,92250
2021-01,Export,cement_2523,252329,28493,38300
2021-01,Export,fertilizers,280800,60361,19636
2021-01,Export,fertilizers,281410,311803,75164
2021-01,Export,fertilizers,281420,300313,173082
2021-01,Export,fertilizers,310210,386018,623356
2021-01,Export,fertilizers,310290,187818,48743
2021-01,Export,fertilizers,310510,1200910,161358
2021-01,Export,fertilizers,310520,745675,656674
2021-01,Export,fertilizers,310590,1274589,405258
2021-01,Export,hydrogen_2804,280410,3850,36
2021-01,Export,iron_steel_72,260112,1785241,51006870
2021-01,Export,iron_steel_72,720390,22152,7527
2021-01,Export,iron_steel_72,720510,299066,15148
2021-01,Export,iron_steel_72,720521,1944755,303772
2021-01,Export,iron_steel_72,720529,1598876,2693876
2021-01,Export,iron_steel_72,720610,6006,207
2021-01,Export,iron_steel_72,720827,14461,17694
2021-01,Export,iron_steel_72,720851,99230,89996
2021-01,Export,iron_steel_72,720915,21603,14771
2021-01,Export,iron_steel_72,720917,101313,57535
2021-01,Export,iron_steel_72,720928,16416,25479
2021-01,Export,iron_steel_72,720990,14620,12468
2021-01,Export,iron_steel_72,721011,25000,26262
2021-01,Export,iron_steel_72,721012,33000,70848
2021-01,Export,iron_steel_72,721020,391292,44878
2021-01,Export,iron_steel_72,721030,123441,56525
2021-01,Export,iron_steel_72,721049,294939,294843
2021-01,Export,iron_steel_72,721050,211044,322240
2021-01,Export,iron_steel_72,721061,20573,21022
2021-01,Export,iron_steel_72,721070,23987,2113
2021-01,Export,iron_steel_72,721090,3000,1527
2021-01,Export,iron_steel_72,721230,3846,1864
2021-01,Export,iron_steel_72,721240,93476,46141
2021-01,Export,iron_steel_72,721250,2083102,520468
2021-01,Export,iron_steel_72,721260,230076,71235
2021-01,Export,iron_steel_72,721320,36786,1353
2021-01,Export,iron_steel_72,721391,10451,313
2021-01,Export,iron_steel_72,721550,65506,33965
2021-01,Export,iron_steel_72,721590,34427,19551
2021-01,Export,iron_steel_72,721610,5610,5610
2021-01,Export,iron_steel_72,721631,9191,1089
2021-01,Export,iron_steel_72,721633,3500,2595
2021-01,Export,iron_steel_72,721640,201757,135644
2021-01,Export,iron_steel_72,721691,120525,117348
2021-01,Export,iron_steel_72,721699,102547,43594
2021-01,Export,iron_steel_72,721710,89483,77499
2021-01,Export,iron_steel_72,721810,453386,10554
2021-01,Export,iron_steel_72,722100,511743,118929
2021-01,Export,iron_steel_72,722300,1198744,15250
2021-01,Export,iron_steel_72,722410,218184,27785
2021-01,Export,iron_steel_72,722550,4289,124
2021-01,Export,iron_steel_73,730110,23701,157
2021-01,Export,iron_steel_73,730120,630441,131288
2021-01,Export,iron_steel_73,730210,31740,10244
2021-01,Export,iron_steel_73,730230,9000,611
2021-01,Export,iron_steel_73,730290,3096,937
2021-01,Export,iron_steel_73,730300,11520,90
2021-01,Export,iron_steel_73,730419,2851891,1357615
2021-01,Export,iron_steel_73,730439,276653,94717
2021-01,Export,iron_steel_73,730590,51709,207
2021-01,Export,iron_steel_73,730619,34747,48988
2021-01,Export,iron_steel_73,730630,432802,91008
2021-01,Export,iron_steel_73,730721,336342,5793
2021-01,Export,iron_steel_73,730791,56176,4101
2021-01,Export,iron_steel_73,730810,98175,53567
2021-01,Export,iron_steel_73,730820,120602,32928
2021-01,Export,iron_steel_73,730830,204512,8043
2021-01,Export,iron_steel_73,730840,5203,79
2021-01,Export,iron_steel_73,730890,1307330,303709
2021-01,Export,iron_steel_73,730900,1324094,258351
2021-01,Export,iron_steel_73,731010,641024,157008
2021-01,Export,iron_steel_73,731021,5664,6
2021-01,Export,iron_steel_73,731029,450999,52578
2021-01,Export,iron_steel_73,731100,7060756,409776
2021-01,Export,iron_steel_73,731815,9537823,516236
2021-01,Export,iron_steel_73,731816,4328711,93057
2021-01,Export,iron_steel_73,731822,816484,88119
2021-01,Export,iron_steel_73,731823,337894,12271
2021-01,Export,iron_steel_73,732690,25036336,1792415
2021-02,Export,aluminum_76,760110,38877,8122
2021-02,Export,aluminum_76,760120,2717630,862059
2021-02,Export,aluminum_76,760310,413334,60861
2021-02,Export,aluminum_76,760320,3695,0
2021-02,Export,aluminum_76,760410,119089,7016
2021-02,Export,aluminum_76,760421,115795,8073
2021-02,Export,aluminum_76,760429,1114609,104694
2021-02,Export,aluminum_76,760519,335489,47794
2021-02,Export,aluminum_76,760521,622080,0
2021-02,Export,aluminum_76,760529,598701,132636
2021-02,Export,aluminum_76,760611,764617,152357
2021-02,Export,aluminum_76,760612,4770662,444523
2021-02,Export,aluminum_76,760691,107735,30922
2021-02,Export,aluminum_76,760692,194176,16288
2021-02,Export,aluminum_76,760711,656117,112484
2021-02,Export,aluminum_76,760719,406563,24280
2021-02,Export,aluminum_76,760720,1293003,130807
2021-02,Export,aluminum_76,760810,65878,10117
2021-02,Export,aluminum_76,760820,857740,101694
2021-02,Export,aluminum_76,760900,885737,27376
2021-02,Export,aluminum_76,761010,166301,16856
2021-02,Export,aluminum_76,761100,103621,9945
2021-02,Export,aluminum_76,761210,27643,1371
2021-02,Export,aluminum_76,761290,1108085,79146
2021-02,Export,aluminum_76,761300,1294261,21062
2021-02,Export,aluminum_76,761410,5589,1395
2021-02,Export,aluminum_76,761490,4960,242
2021-02,Export,aluminum_76,761610,1287544,27080
2021-02,Export,aluminum_76,761691,232391,26161
2021-02,Export,aluminum_76,761699,9981093,513324
2021-02,Export,cement_2523,250700,7819265,25143530
2021-02,Export,cement_2523,252310,16299,19959
2021-02,Export,cement_2523,252321,17020,26079
2021-02,Export,cement_2523,252390,7280,19337
2021-02,Export,fertilizers,280800,72293,38713
2021-02,Export,fertilizers,281410,94154,21530
2021-02,Export,fertilizers,281420,338334,197899
2021-02,Export,fertilizers,283421,12980,3094
2021-02,Export,fertilizers,310210,827015,1057756
2021-02,Export,fertilizers,310221,115153,349000
2021-02,Export,fertilizers,310229,3150,2000
2021-02,Export,fertilizers,310250,5595,1000
2021-02,Export,fertilizers,310260,3199,1000
2021-02,Export,fertilizers,310280,11855,5000
2021-02,Export,fertilizers,310290,93913,45267
2021-02,Export,fertilizers,310510,692503,97742
2021-02,Export,fertilizers,310520,1164750,718038
2021-02,Export,fertilizers,310530,90600,33000
2021-02,Export,fertilizers,310551,12632,48000
2021-02,Export,fertilizers,310590,1475532,191605
2021-02,Export,iron_steel_72,260112,3758880,61500000
2021-02,Export,iron_steel_72,720390,14942,15525
2021-02,Export,iron_steel_72,720510,206269,0
2021-02,Export,iron_steel_72,720521,2206278,449903
2021-02,Export,iron_steel_72,720529,2027204,1593893
2021-02,Export,iron_steel_72,720610,7595,273
2021-02,Export,iron_steel_72,720839,7958,12780
2021-02,Export,iron_steel_72,720851,40783,28672
2021-02,Export,iron_steel_72,720852,3116,440
2021-02,Export,iron_steel_72,720890,142180,11554
2021-02,Export,iron_steel_72,720916,42225,25814
2021-02,Export,iron_steel_72,720917,177697,90192
2021-02,Export,iron_steel_72,720925,2736,4126
2021-02,Export,iron_steel_72,721012,124451,193072
2021-02,Export,iron_steel_72,721020,214682,31921
2021-02,Export,iron_steel_72,721030,83072,38526
2021-02,Export,iron_steel_72,721049,338366,339426
2021-02,Export,iron_steel_72,721050,247120,211609
2021-02,Export,iron_steel_72,721061,105356,91158
2021-02,Export,iron_steel_72,721220,3932,1032
2021-02,Export,iron_steel_72,721230,20440,10058
2021-02,Export,iron_steel_72,721240,8896,557
2021-02,Export,iron_steel_72,721250,815828,153234
2021-02,Export,iron_steel_72,721260,159205,51191
2021-02,Export,iron_steel_72,721320,41701,2765
2021-02,Export,iron_steel_72,721391,8365,109
2021-02,Export,iron_steel_72,721510,10426,1316
2021-02,Export,iron_steel_72,721550,35562,16577
2021-02,Export,iron_steel_72,721590,58729,26955
2021-02,Export,iron_steel_72,721610,5610,5610
2021-02,Export,iron_steel_72,721621,5098,4764
2021-02,Export,iron_steel_72,721631,16288,8710
2021-02,Export,iron_steel_72,721633,26585,21569
2021-02,Export,iron_steel_72,721640,25023,15451
2021-02,Export,iron_steel_72,721650,3918,1844
2021-02,Export,iron_steel_72,721691,51164,49815
2021-02,Export,iron_steel_72,721699,23690,6195
2021-02,Export,iron_steel_72,721710,158447,246000
2021-02,Export,iron_steel_72,721810,659346,6309
2021-02,Export,iron_steel_72,721931,7774,320
2021-02,Export,iron_steel_72,722100,29058,1110
2021-02,Export,iron_steel_72,722300,944664,5402
2021-02,Export,iron_steel_72,722410,545271,89386
2021-02,Export,iron_steel_72,722530,206158,295637
2021-02,Export,iron_steel_72,722550,129033,89529
2021-02,Export,iron_steel_73,730110,16842,2341
2021-02,Export,iron_steel_73,730120,868284,89277
2021-02,Export,iron_steel_73,730210,59677,21769
2021-02,Export,iron_steel_73,730230,11123,1873
2021-02,Export,iron_steel_73,730290,5160,1056
2021-02,Export,iron_steel_73,730300,3721,131
2021-02,Export,iron_steel_73,730419,88939,20787
2021-02,Export,iron_steel_73,730439,573459,206082
2021-02,Export,iron_steel_73,730619,79296,146278
2021-02,Export,iron_steel_73,730630,536523,141005
2021-02,Export,iron_steel_73,730721,665372,5741
2021-02,Export,iron_steel_73,730791,131867,6880
2021-02,Export,iron_steel_73,730810,1043150,336006
2021-02,Export,iron_steel_73,730820,6039,2145
2021-02,Export,iron_steel_73,730830,108434,4563
2021-02,Export,iron_steel_73,730840,25365,4964
2021-02,Export,iron_steel_73,730890,1396882,206811
2021-02,Export,iron_steel_73,730900,1096989,141944
2021-02,Export,iron_steel_73,731010,622892,134078
2021-02,Export,iron_steel_73,731029,441414,81962
2021-02,Export,iron_steel_73,731100,7314833,382929
2021-02,Export,iron_steel_73,731815,7432729,485913
2021-02,Export,iron_steel_73,731816,4544492,97774
2021-02,Export,iron_steel_73,731822,1009957,100417
2021-02,Export,iron_steel_73,731823,212506,7475
2021-02,Export,iron_steel_73,732690,25781612,2317899
2021-03,Export,aluminum_76,760110,81507,7106
2021-03,Export,aluminum_76,760120,2354301,725403
2021-03,Export,aluminum_76,760310,659558,74413
2021-03,Export,aluminum_76,760320,3695,0
2021-03,Export,aluminum_76,760410,773268,50335
2021-03,Export,aluminum_76,760421,242161,17883
2021-03,Export,aluminum_76,760429,2454926,188256
2021-03,Export,aluminum_76,760519,241842,34620
2021-03,Export,aluminum_76,760521,867328,0
2021-03,Export,aluminum_76,760529,306223,65752
2021-03,Export,aluminum_76,760611,234118,11490
2021-03,Export,aluminum_76,760612,4903426,397645
2021-03,Export,aluminum_76,760691,23860,2638
2021-03,Export,aluminum_76,760692,106605,7489
2021-03,Export,aluminum_76,760711,710921,121251
2021-03,Export,aluminum_76,760719,493230,11688
2021-03,Export,aluminum_76,760720,1528446,189248
2021-03,Export,aluminum_76,760810,6605,357
2021-03,Export,aluminum_76,760820,1004047,101049
2021-03,Export,aluminum_76,760900,820453,40280
2021-03,Export,aluminum_76,761010,281525,29219
2021-03,Export,aluminum_76,761100,155990,1677
2021-03,Export,aluminum_76,761210,27288,1412
2021-03,Export,aluminum_76,761290,681555,93188
2021-03,Export,aluminum_76,761300,2263833,32729
2021-03,Export,aluminum_76,761490,23105,115
2021-03,Export,aluminum_76,761610,1346337,22556
2021-03,Export,aluminum_76,761691,235242,26539
2021-03,Export,aluminum_76,761699,11191566,487594
2021-03,Export,cement_2523,250700,12282543,48329818
2021-03,Export,cement_2523,252321,36126,26918
2021-03,Export,cement_2523,252390,8732,15439
2021-03,Export,fertilizers,280800,2600,54
2021-03,Export,fertilizers,281410,315963,66273
2021-03,Export,fertilizers,281420,356128,208616
2021-03,Export,fertilizers,310210,380345,511909
2021-03,Export,fertilizers,310221,84469,177008
2021-03,Export,fertilizers,310290,46251,13340
2021-03,Export,fertilizers,310510,2237372,256890
2021-03,Export,fertilizers,310520,455280,412894
2021-03,Export,fertilizers,310559,123230,84126
2021-03,Export,fertilizers,310590,1495070,304689
2021-03,Export,iron_steel_72,260112,19716200,214522000
2021-03,Export,iron_steel_72,720110,58824,100434
2021-03,Export,iron_steel_72,720390,29044,10119
2021-03,Export,iron_steel_72,720510,182126,475
2021-03,Export,iron_steel_72,720521,2158386,323989
2021-03,Export,iron_steel_72,720529,1842591,1258604
2021-03,Export,iron_steel_72,720610,4721,180
2021-03,Export,iron_steel_72,720827,34504,31383
2021-03,Export,iron_steel_72,720853,6213,1134
2021-03,Export,iron_steel_72,720890,5850,15
2021-03,Export,iron_steel_72,720916,16418,16969
2021-03,Export,iron_steel_72,720917,25282,29274
2021-03,Export,iron_steel_72,720918,24330,3980
2021-03,Export,iron_steel_72,720990,55866,47643
2021-03,Export,iron_steel_72,721012,9000,24939
2021-03,Export,iron_steel_72,721020,231004,23338
2021-03,Export,iron_steel_72,721030,116385,54720
2021-03,Export,iron_steel_72,721041,35461,14094
2021-03,Export,iron_steel_72,721049,407078,388185
2021-03,Export,iron_steel_72,721050,273952,258164
2021-03,Export,iron_steel_72,721061,9581,9791
2021-03,Export,iron_steel_72,721070,9480,2034
2021-03,Export,iron_steel_72,721090,130791,32587
2021-03,Export,iron_steel_72,721210,58333,30759
2021-03,Export,iron_steel_72,721220,3000,482
2021-03,Export,iron_steel_72,721240,44969,23359
2021-03,Export,iron_steel_72,721250,1534495,419360
2021-03,Export,iron_steel_72,721260,168673,47552
2021-03,Export,iron_steel_72,721320,50824,2039
2021-03,Export,iron_steel_72,721391,6010,63
2021-03,Export,iron_steel_72,721550,73155,34430
2021-03,Export,iron_steel_72,721590,120008,36535
2021-03,Export,iron_steel_72,721621,5186,4538
2021-03,Export,iron_steel_72,721631,97522,47614
2021-03,Export,iron_steel_72,721632,4000,5912
2021-03,Export,iron_steel_72,721633,67420,48627
2021-03,Export,iron_steel_72,721691,98699,96097
2021-03,Export,iron_steel_72,721699,90464,40637
2021-03,Export,iron_steel_72,721710,255717,168170
2021-03,Export,iron_steel_72,721810,473842,43394
2021-03,Export,iron_steel_72,721911,109543,19373
2021-03,Export,iron_steel_72,721931,3887,169
2021-03,Export,iron_steel_72,722100,2591,33
2021-03,Export,iron_steel_72,722300,1128889,13370
2021-03,Export,iron_steel_72,722410,617285,151196
2021-03,Export,iron_steel_72,722530,5000,2268
2021-03,Export,iron_steel_72,722550,3480,0
2021-03,Export,iron_steel_73,730110,1966707,153965
2021-03,Export,iron_steel_73,730120,1910968,140863
2021-03,Export,iron_steel_73,730210,3107,223
2021-03,Export,iron_steel_73,730300,18792,3073
2021-03,Export,iron_steel_73,730419,15027,5487
2021-03,Export,iron_steel_73,730439,894026,312750
2021-03,Export,iron_steel_73,730531,9450,0
2021-03,Export,iron_steel_73,730590,67013,304
2021-03,Export,iron_steel_73,730619,7877,84
2021-03,Export,iron_steel_73,730630,453070,155767
2021-03,Export,iron_steel_73,730721,713058,21175
2021-03,Export,iron_steel_73,730791,89815,3074
2021-03,Export,iron_steel_73,730810,345299,106817
2021-03,Export,iron_steel_73,730820,19430,6904
2021-03,Export,iron_steel_73,730830,82049,4987
2021-03,Export,iron_steel_73,730840,368030,115147
2021-03,Export,iron_steel_73,730890,1889330,276959
2021-03,Export,iron_steel_73,730900,3898934,590515
2021-03,Export,iron_steel_73,731010,1436430,317211
2021-03,Export,iron_steel_73,731021,9330,349
2021-03,Export,iron_steel_73,731029,782198,92188
2021-03,Export,iron_steel_73,731100,12888051,537293
2021-03,Export,iron_steel_73,731815,11206537,783143
2021-03,Export,iron_steel_73,731816,5133788,167765
2021-03,Export,iron_steel_73,731822,1435307,155298
2021-03,Export,iron_steel_73,731823,416269,13115
2021-03,Export,iron_steel_73,732690,25394327,2576988
2021-04,Export,aluminum_76,760110,155951,43850
2021-04,Export,aluminum_76,760120,2194829,702256
2021-04,Export,aluminum_76,760310,249928,35720
2021-04,Export,aluminum_76,760320,2956,292
2021-04,Export,aluminum_76,760410,414654,24090
2021-04,Export,aluminum_76,760421,258986,19105
2021-04,Export,aluminum_76,760429,933201,80955
2021-04,Export,aluminum_76,760519,312323,44404
2021-04,Export,aluminum_76,760521,682453,14856
2021-04,Export,aluminum_76,760529,210597,46346
2021-04,Export,aluminum_76,760611,146041,17431
2021-04,Export,aluminum_76,760612,7884076,438908
2021-04,Export,aluminum_76,760691,20412,2641
2021-04,Export,aluminum_76,760692,275016,17100
2021-04,Export,aluminum_76,760711,1012900,160252
2021-04,Export,aluminum_76,760719,524835,9849
2021-04,Export,aluminum_76,760720,2057791,179249
2021-04,Export,aluminum_76,760810,40169,7764
2021-04,Export,aluminum_76,760820,1054844,137797
2021-04,Export,aluminum_76,760900,931478,27853
2021-04,Export,aluminum_76,761010,230595,23920
2021-04,Export,aluminum_76,761100,24564,900
2021-04,Export,aluminum_76,761210,45376,2144
2021-04,Export,aluminum_76,761290,1175489,177203
2021-04,Export,aluminum_76,761300,1536838,30524
2021-04,Export,aluminum_76,761410,3175,793
2021-04,Export,aluminum_76,761490,141063,1620
2021-04,Export,aluminum_76,761610,1120141,14528
2021-04,Export,aluminum_76,761691,355431,41482
2021-04,Export,aluminum_76,761699,12539198,581103
2021-04,Export,cement_2523,250700,10321382,32312157
2021-04,Export,cement_2523,252310,28800,43810
2021-04,Export,cement_2523,252321,31577,63570
2021-04,Export,cement_2523,252329,12640,93275
2021-04,Export,cement_2523,252390,46447,116927
2021-04,Export,fertilizers,280800,69290,26239
2021-04,Export,fertilizers,281410,135219,22465
2021-04,Export,fertilizers,281420,368548,211935
2021-04,Export,fertilizers,283421,43573,12467
2021-04,Export,fertilizers,310210,592715,657084
2021-04,Export,fertilizers,310229,3942,3000
2021-04,Export,fertilizers,310280,10429,9146
2021-04,Export,fertilizers,310290,124250,46000
2021-04,Export,fertilizers,310510,2812566,448029
2021-04,Export,fertilizers,310520,576771,287486
2021-04,Export,fertilizers,310551,375660,97000
2021-04,Export,fertilizers,310559,678237,58661
2021-04,Export,fertilizers,310590,2124246,488563
2021-04,Export,iron_steel_72,260112,11578000,154500000
2021-04,Export,iron_steel_72,720211,6930,3094
2021-04,Export,iron_steel_72,720390,30538,4123
2021-04,Export,iron_steel_72,720510,421228,80272
2021-04,Export,iron_steel_72,720521,2272347,407045
2021-04,Export,iron_steel_72,720529,970799,613564
2021-04,Export,iron_steel_72,720810,102175,108034
2021-04,Export,iron_steel_72,720827,6302,7711
2021-04,Export,iron_steel_72,720890,6533,1106
2021-04,Export,iron_steel_72,720917,209711,96846
2021-04,Export,iron_steel_72,720990,44851,17651
2021-04,Export,iron_steel_72,721011,45312,47601
2021-04,Export,iron_steel_72,721012,36000,102418
2021-04,Export,iron_steel_72,721020,120830,16065
2021-04,Export,iron_steel_72,721030,182329,110680
2021-04,Export,iron_steel_72,721049,240407,210008
2021-04,Export,iron_steel_72,721050,337439,299357
2021-04,Export,iron_steel_72,721061,136824,93208
2021-04,Export,iron_steel_72,721070,11516,244
2021-04,Export,iron_steel_72,721090,3766,3834
2021-04,Export,iron_steel_72,721210,38028,18644
2021-04,Export,iron_steel_72,721230,8000,3810
2021-04,Export,iron_steel_72,721240,107003,53050
2021-04,Export,iron_steel_72,721250,1791827,243422
2021-04,Export,iron_steel_72,721260,312963,94856
2021-04,Export,iron_steel_72,721320,15339,375
2021-04,Export,iron_steel_72,721391,31532,2421
2021-04,Export,iron_steel_72,721550,156939,70627
2021-04,Export,iron_steel_72,721590,122274,65123
2021-04,Export,iron_steel_72,721631,14753,6849
2021-04,Export,iron_steel_72,721691,148818,138691
2021-04,Export,iron_steel_72,721699,102443,22916
2021-04,Export,iron_steel_72,721710,36712,47369
2021-04,Export,iron_steel_72,721720,4406,28
2021-04,Export,iron_steel_72,721810,692768,87201
2021-04,Export,iron_steel_72,721911,100000,17667
2021-04,Export,iron_steel_72,722100,27944,134
2021-04,Export,iron_steel_72,722300,3674713,23908
2021-04,Export,iron_steel_72,722410,526879,128292
2021-04,Export,iron_steel_72,722550,39090,28311
2021-04,Export,iron_steel_73,730110,1891084,223400
2021-04,Export,iron_steel_73,730120,642043,60896
2021-04,Export,iron_steel_73,730210,35364,20099
2021-04,Export,iron_steel_73,730300,3185,104
2021-04,Export,iron_steel_73,730419,58766,25708
2021-04,Export,iron_steel_73,730439,96369,36286
2021-04,Export,iron_steel_73,730531,267794,93168
2021-04,Export,iron_steel_73,730590,70950,17061
2021-04,Export,iron_steel_73,730619,893592,2000729
2021-04,Export,iron_steel_73,730630,356215,74923
2021-04,Export,iron_steel_73,730721,402284,10104
2021-04,Export,iron_steel_73,730791,50676,5857
2021-04,Export,iron_steel_73,730820,324289,31560
2021-04,Export,iron_steel_73,730830,302258,21334
2021-04,Export,iron_steel_73,730840,155618,48431
2021-04,Export,iron_steel_73,730890,1082013,199940
2021-04,Export,iron_steel_73,730900,2575702,404568
2021-04,Export,iron_steel_73,731010,1143448,107052
2021-04,Export,iron_steel_73,731021,14184,270
2021-04,Export,iron_steel_73,731029,395558,25869
2021-04,Export,iron_steel_73,731100,9339634,443628
2021-04,Export,iron_steel_73,731815,8782324,571696
2021-04,Export,iron_steel_73,731816,4417831,174166
2021-04,Export,iron_steel_73,731822,2270648,181244
2021-04,Export,iron_steel_73,731823,427100,15933
2021-04,Export,iron_steel_73,732690,29172256,2786360
2021-05,Export,aluminum_76,760110,42236,12916
2021-05,Export,aluminum_76,760120,3743089,971582
2021-05,Export,aluminum_76,760310,316518,35415
2021-05,Export,aluminum_76,760320,3695,357
2021-05,Export,aluminum_76,760410,406288,18950
2021-05,Export,aluminum_76,760421,237593,22665
2021-05,Export,aluminum_76,760429,691310,48593
2021-05,Export,aluminum_76,760511,3906,469
2021-05,Export,aluminum_76,760519,490533,53090
2021-05,Export,aluminum_76,760521,501916,0
2021-05,Export,aluminum_76,760529,359745,62561
2021-05,Export,aluminum_76,760611,397833,43722
2021-05,Export,aluminum_76,760612,6039581,378923
2021-05,Export,aluminum_76,760691,14332,224
2021-05,Export,aluminum_76,760692,214449,8076
2021-05,Export,aluminum_76,760711,670206,123262
2021-05,Export,aluminum_76,760719,446929,15789
2021-05,Export,aluminum_76,760720,1986132,166819
2021-05,Export,aluminum_76,760810,7080,558
2021-05,Export,aluminum_76,760820,963157,108615
2021-05,Export,aluminum_76,760900,905738,29729
2021-05,Export,aluminum_76,761010,334449,39846
2021-05,Export,aluminum_76,761100,36209,1497
2021-05,Export,aluminum_76,761210,94303,2066
2021-05,Export,aluminum_76,761290,1875874,212089
2021-05,Export,aluminum_76,761300,1730955,36059
2021-05,Export,aluminum_76,761490,10789,150
2021-05,Export,aluminum_76,761610,1241499,10106
2021-05,Export,aluminum_76,761691,218038,21205
2021-05,Export,aluminum_76,761699,10801552,494227
2021-05,Export,cement_2523,250700,12703176,37380464
2021-05,Export,cement_2523,252321,43339,88720
2021-05,Export,cement_2523,252330,23982,41000
2021-05,Export,cement_2523,252390,38252,39676
2021-05,Export,fertilizers,280800,62567,23630
2021-05,Export,fertilizers,281410,283238,64941
2021-05,Export,fertilizers,281420,438157,259443
2021-05,Export,fertilizers,310210,538007,644708
2021-05,Export,fertilizers,310221,32983,100000
2021-05,Export,fertilizers,310250,6313,1080
2021-05,Export,fertilizers,310290,51165,11730
2021-05,Export,fertilizers,310510,972352,318243
2021-05,Export,fertilizers,310520,453818,454158
2021-05,Export,fertilizers,310530,89362,248000
2021-05,Export,fertilizers,310559,30732,5696
2021-05,Export,fertilizers,310590,428323,140306
2021-05,Export,iron_steel_72,260112,8099500,90995000
2021-05,Export,iron_steel_72,720390,89099,113979
2021-05,Export,iron_steel_72,720510,324085,4111
2021-05,Export,iron_steel_72,720521,4299128,509987
2021-05,Export,iron_steel_72,720529,2690987,1814083
2021-05,Export,iron_steel_72,720610,2642,13
2021-05,Export,iron_steel_72,720810,16906,24405
2021-05,Export,iron_steel_72,720827,18792,11340
2021-05,Export,iron_steel_72,720890,6238,1056
2021-05,Export,iron_steel_72,720917,189931,76458
2021-05,Export,iron_steel_72,720918,75537,12424
2021-05,Export,iron_steel_72,720926,31092,14474
2021-05,Export,iron_steel_72,720990,261119,860
2021-05,Export,iron_steel_72,721012,50450,126110
2021-05,Export,iron_steel_72,721020,119489,16087
2021-05,Export,iron_steel_72,721030,224769,154528
2021-05,Export,iron_steel_72,721049,196623,194580
2021-05,Export,iron_steel_72,721050,499890,487962
2021-05,Export,iron_steel_72,721061,35916,36700
2021-05,Export,iron_steel_72,721070,11516,244
2021-05,Export,iron_steel_72,721240,104373,44553
2021-05,Export,iron_steel_72,721250,1549649,233362
2021-05,Export,iron_steel_72,721260,160015,49042
2021-05,Export,iron_steel_72,721391,7813,64
2021-05,Export,iron_steel_72,721420,6678,7063
2021-05,Export,iron_steel_72,721510,69385,71210
2021-05,Export,iron_steel_72,721550,80587,34784
2021-05,Export,iron_steel_72,721590,40350,20621
2021-05,Export,iron_steel_72,721650,3569,4754
2021-05,Export,iron_steel_72,721691,123705,120445
2021-05,Export,iron_steel_72,721699,14286,388
2021-05,Export,iron_steel_72,721710,148305,163272
2021-05,Export,iron_steel_72,721720,4920,454
2021-05,Export,iron_steel_72,721810,1087193,18392
2021-05,Export,iron_steel_72,721931,3887,163
2021-05,Export,iron_steel_72,722100,89361,5065
2021-05,Export,iron_steel_72,722300,1711249,11023
2021-05,Export,iron_steel_72,722410,335992,62435
2021-05,Export,iron_steel_72,722511,253335,109293
2021-05,Export,iron_steel_72,722530,64626,26001
2021-05,Export,iron_steel_72,722550,14000,3676
2021-05,Export,iron_steel_73,730110,8295,884
2021-05,Export,iron_steel_73,730120,852630,104250
2021-05,Export,iron_steel_73,730210,39285,4638
2021-05,Export,iron_steel_73,730290,16839,3567
2021-05,Export,iron_steel_73,730419,375278,53963
2021-05,Export,iron_steel_73,730439,141175,50400
2021-05,Export,iron_steel_73,730520,11722,2483
2021-05,Export,iron_steel_73,730531,18900,785
2021-05,Export,iron_steel_73,730590,55107,200
2021-05,Export,iron_steel_73,730619,169573,48781
2021-05,Export,iron_steel_73,730630,324148,38731
2021-05,Export,iron_steel_73,730721,514736,17947
2021-05,Export,iron_steel_73,730791,96333,3943
2021-05,Export,iron_steel_73,730810,787938,232546
2021-05,Export,iron_steel_73,730820,35380,12571
2021-05,Export,iron_steel_73,730830,69046,23979
2021-05,Export,iron_steel_73,730840,64736,14989
2021-05,Export,iron_steel_73,730890,2278112,232642
2021-05,Export,iron_steel_73,730900,2155766,155721
2021-05,Export,iron_steel_73,731010,1160900,143803
2021-05,Export,iron_steel_73,731021,76086,33394
2021-05,Export,iron_steel_73,731029,393773,46818
2021-05,Export,iron_steel_73,731100,9064963,424266
2021-05,Export,iron_steel_73,731815,8258720,684197
2021-05,Export,iron_steel_73,731816,4288037,182042
2021-05,Export,iron_steel_73,731822,1761445,142405
2021-05,Export,iron_steel_73,731823,460462,21011
2021-05,Export,iron_steel_73,732690,29721131,3164211
2021-06,Export,aluminum_76,760110,51852,5520
2021-06,Export,aluminum_76,760120,2093572,617170
2021-06,Export,aluminum_76,760310,248869,30563
2021-06,Export,aluminum_76,760320,13895,1367
2021-06,Export,aluminum_76,760410,389992,9804
2021-06,Export,aluminum_76,760421,163554,9131
2021-06,Export,aluminum_76,760429,2748581,266457
2021-06,Export,aluminum_76,760511,5584,126
2021-06,Export,aluminum_76,760519,502089,70040
2021-06,Export,aluminum_76,760521,668269,0
2021-06,Export,aluminum_76,760529,361981,67897
2021-06,Export,aluminum_76,760611,181835,11103
2021-06,Export,aluminum_76,760612,7154197,299079
2021-06,Export,aluminum_76,760691,14332,224
2021-06,Export,aluminum_76,760692,16488,696
2021-06,Export,aluminum_76,760711,895861,124538
2021-06,Export,aluminum_76,760719,476237,8706
2021-06,Export,aluminum_76,760720,1445605,142167
2021-06,Export,aluminum_76,760810,24823,4321
2021-06,Export,aluminum_76,760820,471838,64609
2021-06,Export,aluminum_76,760900,734033,10974
2021-06,Export,aluminum_76,761010,414217,33835
2021-06,Export,aluminum_76,761100,42131,5631
2021-06,Export,aluminum_76,761210,132766,3256
2021-06,Export,aluminum_76,761290,1131960,115782
2021-06,Export,aluminum_76,761300,1560650,39937
2021-06,Export,aluminum_76,761490,19518,5173
2021-06,Export,aluminum_76,761610,1276831,20313
2021-06,Export,aluminum_76,761691,111219,4533
2021-06,Export,aluminum_76,761699,8751066,405374
2021-06,Export,cement_2523,250700,10655335,43842338
2021-06,Export,cement_2523,252310,18366,16439
2021-06,Export,cement_2523,252329,5709,15650
2021-06,Export,cement_2523,252390,64321,136930
2021-06,Export,fertilizers,280800,2550,54
2021-06,Export,fertilizers,281410,166068,43600
2021-06,Export,fertilizers,281420,296004,170764
2021-06,Export,fertilizers,283421,7626,2327
2021-06,Export,fertilizers,310210,188290,208734
2021-06,Export,fertilizers,310221,73897,211000
2021-06,Export,fertilizers,310240,2665,28000
2021-06,Export,fertilizers,310290,62266,17000
2021-06,Export,fertilizers,310510,1060941,468623
2021-06,Export,fertilizers,310520,344406,207315
2021-06,Export,fertilizers,310590,614474,80351
2021-06,Export,iron_steel_72,260112,12510650,154430000
2021-06,Export,iron_steel_72,720310,4745,48645
2021-06,Export,iron_steel_72,720390,34821481,73653507
2021-06,Export,iron_steel_72,720510,101709,1247
2021-06,Export,iron_steel_72,720521,2756875,362753
2021-06,Export,iron_steel_72,720529,2400285,3270231
2021-06,Export,iron_steel_72,720810,3215,4641
2021-06,Export,iron_steel_72,720827,17681,22699
2021-06,Export,iron_steel_72,720840,2780,2791
2021-06,Export,iron_steel_72,720890,2742,464
2021-06,Export,iron_steel_72,720916,5742,4684
2021-06,Export,iron_steel_72,720917,49968,21743
2021-06,Export,iron_steel_72,720918,44291,7301
2021-06,Export,iron_steel_72,721011,20352,21380
2021-06,Export,iron_steel_72,721020,110644,6910
2021-06,Export,iron_steel_72,721030,464188,329153
2021-06,Export,iron_steel_72,721049,299930,300613
2021-06,Export,iron_steel_72,721050,325539,212572
2021-06,Export,iron_steel_72,721070,16983,6879
2021-06,Export,iron_steel_72,721090,46715,12450
2021-06,Export,iron_steel_72,721240,18048,2372
2021-06,Export,iron_steel_72,721250,1951577,453161
2021-06,Export,iron_steel_72,721260,53991,15804
2021-06,Export,iron_steel_72,721320,95352,7677
2021-06,Export,iron_steel_72,721391,23853,1664
2021-06,Export,iron_steel_72,721510,6135,726
2021-06,Export,iron_steel_72,721550,3606,1887
2021-06,Export,iron_steel_72,721590,22050,11439
2021-06,Export,iron_steel_72,721632,15640,19693
2021-06,Export,iron_steel_72,721669,6149,2642
2021-06,Export,iron_steel_72,721691,170912,166407
2021-06,Export,iron_steel_72,721699,46898,17891
2021-06,Export,iron_steel_72,721710,104964,86853
2021-06,Export,iron_steel_72,721810,584938,15439
2021-06,Export,iron_steel_72,721911,100000,17667
2021-06,Export,iron_steel_72,721931,13897,4743
2021-06,Export,iron_steel_72,722100,30216,5322
2021-06,Export,iron_steel_72,722300,1565472,25495
2021-06,Export,iron_steel_72,722410,610557,130031
2021-06,Export,iron_steel_72,722530,143826,85734
2021-06,Export,iron_steel_72,722550,3604,840
2021-06,Export,iron_steel_73,730120,174314,28739
2021-06,Export,iron_steel_73,730210,34800,30261
2021-06,Export,iron_steel_73,730419,163333,65843
2021-06,Export,iron_steel_73,730439,602274,85762
2021-06,Export,iron_steel_73,730590,25804,105
2021-06,Export,iron_steel_73,730619,48167,2019
2021-06,Export,iron_steel_73,730630,529876,156721
2021-06,Export,iron_steel_73,730721,511721,14911
2021-06,Export,iron_steel_73,730791,66258,3128
2021-06,Export,iron_steel_73,730820,45744,16254
2021-06,Export,iron_steel_73,730830,75720,24883
2021-06,Export,iron_steel_73,730840,342694,133328
2021-06,Export,iron_steel_73,730890,1178760,221661
2021-06,Export,iron_steel_73,730900,1204885,203785
2021-06,Export,iron_steel_73,731010,1332442,163800
2021-06,Export,iron_steel_73,731021,59763,29378
2021-06,Export,iron_steel_73,731029,719032,42774
2021-06,Export,iron_steel_73,731100,7422762,422007
2021-06,Export,iron_steel_73,731815,8698783,542211
2021-06,Export,iron_steel_73,731816,5221010,152959
2021-06,Export,iron_steel_73,731822,1233301,134004
2021-06,Export,iron_steel_73,731823,493129,26521
2021-06,Export,iron_steel_73,732690,34692773,3700674
2021-07,Export,aluminum_76,760110,149390,38832
2021-07,Export,aluminum_76,760120,2569345,798221
2021-07,Export,aluminum_76,760310,284810,20234
2021-07,Export,aluminum_76,760320,29888,4757
2021-07,Export,aluminum_76,760410,162393,8097
2021-07,Export,aluminum_76,760421,230666,26541
2021-07,Export,aluminum_76,760429,2675406,276110
2021-07,Export,aluminum_76,760511,3865,11
2021-07,Export,aluminum_76,760519,261604,35732
2021-07,Export,aluminum_76,760521,261850,232
2021-07,Export,aluminum_76,760529,652023,121616
2021-07,Export,aluminum_76,760611,1149339,233820
2021-07,Export,aluminum_76,760612,5815180,288619
2021-07,Export,aluminum_76,760691,11340,193
2021-07,Export,aluminum_76,760692,19840,363
2021-07,Export,aluminum_76,760711,675842,131276
2021-07,Export,aluminum_76,760719,434613,13169
2021-07,Export,aluminum_76,760720,1373563,123401
2021-07,Export,aluminum_76,760820,1559756,164188
2021-07,Export,aluminum_76,760900,661708,6843
2021-07,Export,aluminum_76,761010,136621,16675
2021-07,Export,aluminum_76,761100,158300,2413
2021-07,Export,aluminum_76,761210,76868,965
2021-07,Export,aluminum_76,761290,442439,67902
2021-07,Export,aluminum_76,761300,1348989,27165
2021-07,Export,aluminum_76,761610,1130704,28127
2021-07,Export,aluminum_76,761691,52977,5510
2021-07,Export,aluminum_76,761699,9387797,426993
2021-07,Export,cement_2523,250700,9017891,20394258
2021-07,Export,cement_2523,252310,12207,23068
2021-07,Export,cement_2523,252329,4225,22454
2021-07,Export,cement_2523,252390,38321,94041
2021-07,Export,fertilizers,280800,66000,25942
2021-07,Export,fertilizers,281410,361197,75621
2021-07,Export,fertilizers,281420,478373,274528
2021-07,Export,fertilizers,283421,14322,4266
2021-07,Export,fertilizers,310210,732070,873849
2021-07,Export,fertilizers,310221,113628,344000
2021-07,Export,fertilizers,310260,14356,39000
2021-07,Export,fertilizers,310510,123202,4288
2021-07,Export,fertilizers,310520,383127,291529
2021-07,Export,fertilizers,310590,437214,107835
2021-07,Export,iron_steel_72,260112,10674731,145326000
2021-07,Export,iron_steel_72,720120,4735,54595
2021-07,Export,iron_steel_72,720390,25629,18142
2021-07,Export,iron_steel_72,720510,441302,119475
2021-07,Export,iron_steel_72,720521,2649834,319181
2021-07,Export,iron_steel_72,720529,1135772,709091
2021-07,Export,iron_steel_72,720610,10520,386
2021-07,Export,iron_steel_72,720810,4733,4404
2021-07,Export,iron_steel_72,720825,111589,142522
2021-07,Export,iron_steel_72,720827,13611,16655
2021-07,Export,iron_steel_72,720851,8364,2238
2021-07,Export,iron_steel_72,720854,2526,360
2021-07,Export,iron_steel_72,720890,17558,2421
2021-07,Export,iron_steel_72,720916,11403,9344
2021-07,Export,iron_steel_72,720917,123287,55475
2021-07,Export,iron_steel_72,720918,26941,4438
2021-07,Export,iron_steel_72,721012,27000,75002
2021-07,Export,iron_steel_72,721020,39364,5356
2021-07,Export,iron_steel_72,721030,288490,195944
2021-07,Export,iron_steel_72,721049,21079,6300
2021-07,Export,iron_steel_72,721050,44281,42931
2021-07,Export,iron_steel_72,721061,60716,55273
2021-07,Export,iron_steel_72,721070,3238,1047
2021-07,Export,iron_steel_72,721090,154005,38336
2021-07,Export,iron_steel_72,721220,60314,40348
2021-07,Export,iron_steel_72,721240,57374,27396
2021-07,Export,iron_steel_72,721250,1982170,331972
2021-07,Export,iron_steel_72,721260,73258,21914
2021-07,Export,iron_steel_72,721320,12852,548
2021-07,Export,iron_steel_72,721391,20813,178
2021-07,Export,iron_steel_72,721420,3719,1205
2021-07,Export,iron_steel_72,721550,9445,0
2021-07,Export,iron_steel_72,721590,93322,45167
2021-07,Export,iron_steel_72,721632,4000,4536
2021-07,Export,iron_steel_72,721650,40836,54392
2021-07,Export,iron_steel_72,721691,124143,120871
2021-07,Export,iron_steel_72,721699,96048,18365
2021-07,Export,iron_steel_72,721710,300688,243260
2021-07,Export,iron_steel_72,721810,567215,17705
2021-07,Export,iron_steel_72,722100,25131,10453
2021-07,Export,iron_steel_72,722300,2833776,54629
2021-07,Export,iron_steel_72,722410,1372085,191180
2021-07,Export,iron_steel_73,730110,4236,758
2021-07,Export,iron_steel_73,730120,764129,64703
2021-07,Export,iron_steel_73,730210,32000,1412
2021-07,Export,iron_steel_73,730300,3118,59
2021-07,Export,iron_steel_73,730419,65899,3007
2021-07,Export,iron_steel_73,730439,6932,2248
2021-07,Export,iron_steel_73,730590,72248,18540
2021-07,Export,iron_steel_73,730619,297639,100752
2021-07,Export,iron_steel_73,730630,693305,100617
2021-07,Export,iron_steel_73,730721,515001,6343
2021-07,Export,iron_steel_73,730791,131967,3168
2021-07,Export,iron_steel_73,730830,201608,29266
2021-07,Export,iron_steel_73,730840,189105,64340
2021-07,Export,iron_steel_73,730890,872739,161567
2021-07,Export,iron_steel_73,730900,1662376,308592
2021-07,Export,iron_steel_73,731010,469889,73379
2021-07,Export,iron_steel_73,731021,13830,34
2021-07,Export,iron_steel_73,731029,285332,28900
2021-07,Export,iron_steel_73,731100,5209184,225675
2021-07,Export,iron_steel_73,731815,7895961,441013
2021-07,Export,iron_steel_73,731816,3751078,79565
2021-07,Export,iron_steel_73,731822,1825068,133481
2021-07,Export,iron_steel_73,731823,531976,25387
2021-07,Export,iron_steel_73,732690,25721443,1821133
2021-08,Export,aluminum_76,760110,76511,13198
2021-08,Export,aluminum_76,760120,2855486,845083
2021-08,Export,aluminum_76,760310,420751,55169
2021-08,Export,aluminum_76,760320,30976,1984
2021-08,Export,aluminum_76,760410,73174,4104
2021-08,Export,aluminum_76,760421,147459,14069
2021-08,Export,aluminum_76,760429,2527166,186871
2021-08,Export,aluminum_76,760519,392368,55409
2021-08,Export,aluminum_76,760521,771146,0
2021-08,Export,aluminum_76,760529,225793,40345
2021-08,Export,aluminum_76,760611,142716,17157
2021-08,Export,aluminum_76,760612,5755635,280096
2021-08,Export,aluminum_76,760691,42827,4596
2021-08,Export,aluminum_76,760692,43023,313
2021-08,Export,aluminum_76,760711,694495,97200
2021-08,Export,aluminum_76,760719,429367,13215
2021-08,Export,aluminum_76,760720,2417143,277286
2021-08,Export,aluminum_76,760810,5667,1688
2021-08,Export,aluminum_76,760820,956186,103400
2021-08,Export,aluminum_76,760900,555255,20222
2021-08,Export,aluminum_76,761010,311413,35316
2021-08,Export,aluminum_76,761100,55060,2151
2021-08,Export,aluminum_76,761210,770442,78202
2021-08,Export,aluminum_76,761290,821560,70423
2021-08,Export,aluminum_76,761300,1459772,31665
2021-08,Export,aluminum_76,761490,27851,2146
2021-08,Export,aluminum_76,761610,1025954,28665
2021-08,Export,aluminum_76,761691,77914,7641
2021-08,Export,aluminum_76,761699,13273200,549634
2021-08,Export,cement_2523,250700,15134901,55474318
2021-08,Export,cement_2523,252321,4635,1343
2021-08,Export,cement_2523,252329,3800,3538
2021-08,Export,cement_2523,252330,23982,41000
2021-08,Export,cement_2523,252390,10939,7239
2021-08,Export,fertilizers,280800,76872,20521
2021-08,Export,fertilizers,281410,9610612,17141129
2021-08,Export,fertilizers,281420,227940,130992
2021-08,Export,fertilizers,283421,47139,54779
2021-08,Export,fertilizers,310210,934467,1101701
2021-08,Export,fertilizers,310221,11332,3000
2021-08,Export,fertilizers,310280,8155,5166
2021-08,Export,fertilizers,310290,33943,4000
2021-08,Export,fertilizers,310510,584381,173054
2021-08,Export,fertilizers,310520,825315,505781
2021-08,Export,fertilizers,310559,66925,72000
2021-08,Export,fertilizers,310590,868916,168157
2021-08,Export,iron_steel_72,260112,7303970,127014000
2021-08,Export,iron_steel_72,720310,6069,2278035
2021-08,Export,iron_steel_72,720390,61961402,104613245
2021-08,Export,iron_steel_72,720510,605997,59280
2021-08,Export,iron_steel_72,720521,2894842,355780
2021-08,Export,iron_steel_72,720529,968480,517229
2021-08,Export,iron_steel_72,720610,9354,208
2021-08,Export,iron_steel_72,720890,13740,2326
2021-08,Export,iron_steel_72,720915,7580,9559
2021-08,Export,iron_steel_72,720917,4340,5025
2021-08,Export,iron_steel_72,720918,16259,2690
2021-08,Export,iron_steel_72,721012,36000,101966
2021-08,Export,iron_steel_72,721020,24555,2233
2021-08,Export,iron_steel_72,721030,186361,127913
2021-08,Export,iron_steel_72,721049,30338,30761
2021-08,Export,iron_steel_72,721050,161560,134287
2021-08,Export,iron_steel_72,721061,17958,18350
2021-08,Export,iron_steel_72,721070,3014,1047
2021-08,Export,iron_steel_72,721090,129656,32468
2021-08,Export,iron_steel_72,721240,49924,25932
2021-08,Export,iron_steel_72,721250,2264930,317163
2021-08,Export,iron_steel_72,721260,41532,12683
2021-08,Export,iron_steel_72,721320,246445,16686
2021-08,Export,iron_steel_72,721391,15739,702
2021-08,Export,iron_steel_72,721399,6731,2297
2021-08,Export,iron_steel_72,721420,6934,1820
2021-08,Export,iron_steel_72,721550,84598,107152
2021-08,Export,iron_steel_72,721590,59797,22897
2021-08,Export,iron_steel_72,721610,2771,600
2021-08,Export,iron_steel_72,721691,85994,83728
2021-08,Export,iron_steel_72,721710,221201,209234
2021-08,Export,iron_steel_72,721810,1323856,239977
2021-08,Export,iron_steel_72,721911,154800,17667
2021-08,Export,iron_steel_72,721931,27115,4432
2021-08,Export,iron_steel_72,722100,112767,6708
2021-08,Export,iron_steel_72,722300,2083963,16620
2021-08,Export,iron_steel_72,722410,1707625,352819
2021-08,Export,iron_steel_72,722511,334856,100831
2021-08,Export,iron_steel_72,722550,44856,6782
2021-08,Export,iron_steel_73,730110,166536,102738
2021-08,Export,iron_steel_73,730120,514336,88220
2021-08,Export,iron_steel_73,730210,85690,40387
2021-08,Export,iron_steel_73,730300,17500,3503
2021-08,Export,iron_steel_73,730419,173101,81792
2021-08,Export,iron_steel_73,730590,30541,200
2021-08,Export,iron_steel_73,730619,358474,32565
2021-08,Export,iron_steel_73,730630,587746,58457
2021-08,Export,iron_steel_73,730721,1117864,38688
2021-08,Export,iron_steel_73,730791,166037,10933
2021-08,Export,iron_steel_73,730810,294362,76789
2021-08,Export,iron_steel_73,730820,37783,13425
2021-08,Export,iron_steel_73,730830,57503,2360
2021-08,Export,iron_steel_73,730840,80438,29045
2021-08,Export,iron_steel_73,730890,668822,94197
2021-08,Export,iron_steel_73,730900,2335088,344671
2021-08,Export,iron_steel_73,731010,732621,157626
2021-08,Export,iron_steel_73,731021,65271,9274
2021-08,Export,iron_steel_73,731029,334684,13333
2021-08,Export,iron_steel_73,731100,9316633,466943
2021-08,Export,iron_steel_73,731815,8121545,451533
2021-08,Export,iron_steel_73,731816,4078378,101384
2021-08,Export,iron_steel_73,731822,1178790,122687
2021-08,Export,iron_steel_73,731823,798913,39068
2021-08,Export,iron_steel_73,732690,27977525,2011095
2021-09,Export,aluminum_76,760110,104768,20223
2021-09,Export,aluminum_76,760120,1947165,460626
2021-09,Export,aluminum_76,760310,796093,97486
2021-09,Export,aluminum_76,760320,11687,246
2021-09,Export,aluminum_76,760410,231134,13248
2021-09,Export,aluminum_76,760421,170562,17465
2021-09,Export,aluminum_76,760429,1455887,145813
2021-09,Export,aluminum_76,760519,240703,34414
2021-09,Export,aluminum_76,760521,1133104,0
2021-09,Export,aluminum_76,760529,96380,14481
2021-09,Export,aluminum_76,760611,242608,19928
2021-09,Export,aluminum_76,760612,6720006,383879
2021-09,Export,aluminum_76,760691,22680,386
2021-09,Export,aluminum_76,760692,99792,2873
2021-09,Export,aluminum_76,760711,552607,81606
2021-09,Export,aluminum_76,760719,357421,6790
2021-09,Export,aluminum_76,760720,1331352,143311
2021-09,Export,aluminum_76,760810,3277,388
2021-09,Export,aluminum_76,760820,763330,89209
2021-09,Export,aluminum_76,760900,575945,16720
2021-09,Export,aluminum_76,761010,141666,18263
2021-09,Export,aluminum_76,761100,11935,797
2021-09,Export,aluminum_76,761210,47283,1946
2021-09,Export,aluminum_76,761290,750135,111972
2021-09,Export,aluminum_76,761300,1801100,34667
2021-09,Export,aluminum_76,761410,7218,1803
2021-09,Export,aluminum_76,761490,31126,7151
2021-09,Export,aluminum_76,761610,1408699,40802
2021-09,Export,aluminum_76,761691,40071,3504
2021-09,Export,aluminum_76,761699,11725815,534955
2021-09,Export,cement_2523,250700,11652152,41831795
2021-09,Export,cement_2523,252321,4536,4250
2021-09,Export,cement_2523,252390,11325,14030
2021-09,Export,fertilizers,280800,36785,11290
2021-09,Export,fertilizers,281410,207325,41951
2021-09,Export,fertilizers,281420,241090,160884
2021-09,Export,fertilizers,283421,4327,1031
2021-09,Export,fertilizers,310210,459071,493764
2021-09,Export,fertilizers,310221,163349,495000
2021-09,Export,fertilizers,310290,36505,7002
2021-09,Export,fertilizers,310510,157321,43921
2021-09,Export,fertilizers,310520,355905,199628
2021-09,Export,fertilizers,310590,453023,37293
2021-09,Export,hydrogen_2804,280410,17252,3011
2021-09,Export,iron_steel_72,260112,8048522,108376000
2021-09,Export,iron_steel_72,720150,2505,1011
2021-09,Export,iron_steel_72,720390,29137159,54870025
2021-09,Export,iron_steel_72,720510,357407,701
2021-09,Export,iron_steel_72,720521,2541842,273974
2021-09,Export,iron_steel_72,720529,1013483,2064069
2021-09,Export,iron_steel_72,720826,10000,10596
2021-09,Export,iron_steel_72,720827,4735,2109
2021-09,Export,iron_steel_72,720917,177007,71722
2021-09,Export,iron_steel_72,720918,65974,10850
2021-09,Export,iron_steel_72,721012,9000,25002
2021-09,Export,iron_steel_72,721020,98519,11605
2021-09,Export,iron_steel_72,721030,187908,128748
2021-09,Export,iron_steel_72,721049,35228,35720
2021-09,Export,iron_steel_72,721050,272012,254741
2021-09,Export,iron_steel_72,721061,17958,18350
2021-09,Export,iron_steel_72,721070,8030,1324
2021-09,Export,iron_steel_72,721090,87551,21822
2021-09,Export,iron_steel_72,721210,10535,823
2021-09,Export,iron_steel_72,721220,46170,30886
2021-09,Export,iron_steel_72,721240,10963,5695
2021-09,Export,iron_steel_72,721250,1478603,697110
2021-09,Export,iron_steel_72,721260,110317,29017
2021-09,Export,iron_steel_72,721391,3381,52
2021-09,Export,iron_steel_72,721550,85086,38192
2021-09,Export,iron_steel_72,721590,82955,35594
2021-09,Export,iron_steel_72,721640,4221,2052
2021-09,Export,iron_steel_72,721650,38590,51401
2021-09,Export,iron_steel_72,721691,17856,17386
2021-09,Export,iron_steel_72,721699,62539,4030
2021-09,Export,iron_steel_72,721710,88740,21789
2021-09,Export,iron_steel_72,721720,6936,1055
2021-09,Export,iron_steel_72,721810,727724,57638
2021-09,Export,iron_steel_72,722100,63775,4900
2021-09,Export,iron_steel_72,722300,2178053,19110
2021-09,Export,iron_steel_72,722410,361168,71234
2021-09,Export,iron_steel_72,722511,1689514,514355
2021-09,Export,iron_steel_72,722550,28907,4265
2021-09,Export,iron_steel_73,730110,14222,1137
2021-09,Export,iron_steel_73,730120,498890,39962
2021-09,Export,iron_steel_73,730210,2900,2289
2021-09,Export,iron_steel_73,730300,7674,1612
2021-09,Export,iron_steel_73,730419,199276,51179
2021-09,Export,iron_steel_73,730439,99342,32207
2021-09,Export,iron_steel_73,730590,21755,168
2021-09,Export,iron_steel_73,730619,136357,20170
2021-09,Export,iron_steel_73,730630,951538,178404
2021-09,Export,iron_steel_73,730721,709494,12712
2021-09,Export,iron_steel_73,730791,215320,8497
2021-09,Export,iron_steel_73,730810,242617,30957
2021-09,Export,iron_steel_73,730820,15435,4943
2021-09,Export,iron_steel_73,730830,118473,20987
2021-09,Export,iron_steel_73,730840,317360,84696
2021-09,Export,iron_steel_73,730890,824553,130104
2021-09,Export,iron_steel_73,730900,1843424,293913
2021-09,Export,iron_steel_73,731010,715269,248051
2021-09,Export,iron_steel_73,731021,4038,1150
2021-09,Export,iron_steel_73,731029,168702,7603
2021-09,Export,iron_steel_73,731100,8578431,388742
2021-09,Export,iron_steel_73,731815,10449087,590391
2021-09,Export,iron_steel_73,731816,5112405,111462
2021-09,Export,iron_steel_73,731822,2260984,149736
2021-09,Export,iron_steel_73,731823,476707,21657
2021-09,Export,iron_steel_73,732690,27126707,2186219
2021-10,Export,aluminum_76,760110,55865,8178
2021-10,Export,aluminum_76,760120,2713603,647845
2021-10,Export,aluminum_76,760310,412260,23796
2021-10,Export,aluminum_76,760320,76786,4982
2021-10,Export,aluminum_76,760410,314669,14743
2021-10,Export,aluminum_76,760421,255337,20388
2021-10,Export,aluminum_76,760429,2034093,118151
2021-10,Export,aluminum_76,760519,640301,97676
2021-10,Export,aluminum_76,760521,1316544,0
2021-10,Export,aluminum_76,760529,398526,70280
2021-10,Export,aluminum_76,760611,203023,11017
2021-10,Export,aluminum_76,760612,4781263,407759
2021-10,Export,aluminum_76,760691,69775,1014
2021-10,Export,aluminum_76,760692,478681,4437
2021-10,Export,aluminum_76,760711,1310810,369970
2021-10,Export,aluminum_76,760719,423720,45510
2021-10,Export,aluminum_76,760720,1776280,157180
2021-10,Export,aluminum_76,760810,35053,2984
2021-10,Export,aluminum_76,760820,1481714,184233
2021-10,Export,aluminum_76,760900,1339142,56675
2021-10,Export,aluminum_76,761010,99435,8058
2021-10,Export,aluminum_76,761100,35143,1499
2021-10,Export,aluminum_76,761210,156560,3536
2021-10,Export,aluminum_76,761290,939043,42513
2021-10,Export,aluminum_76,761300,1547226,30536
2021-10,Export,aluminum_76,761610,1425271,21056
2021-10,Export,aluminum_76,761691,255561,23489
2021-10,Export,aluminum_76,761699,10990105,410994
2021-10,Export,cement_2523,250700,13820674,51797868
2021-10,Export,cement_2523,252310,10623,19925
2021-10,Export,cement_2523,252329,9480,69700
2021-10,Export,cement_2523,252330,23982,41000
2021-10,Export,cement_2523,252390,54377,66923
2021-10,Export,fertilizers,280800,94785,67518
2021-10,Export,fertilizers,281410,17135824,24716361
2021-10,Export,fertilizers,281420,453225,310809
2021-10,Export,fertilizers,310210,550558,608862
2021-10,Export,fertilizers,310221,286833,561199
2021-10,Export,fertilizers,310290,6335,1000
2021-10,Export,fertilizers,310510,110841,44782
2021-10,Export,fertilizers,310520,149492,104240
2021-10,Export,fertilizers,310559,100006,18228
2021-10,Export,fertilizers,310590,48467,44977
2021-10,Export,iron_steel_72,260112,8988449,117754440
2021-10,Export,iron_steel_72,720241,2903,4121
2021-10,Export,iron_steel_72,720390,16455,5806
2021-10,Export,iron_steel_72,720510,236287,0
2021-10,Export,iron_steel_72,720521,2762197,471195
2021-10,Export,iron_steel_72,720529,1201649,412501
2021-10,Export,iron_steel_72,720610,7349,359
2021-10,Export,iron_steel_72,720827,6000,2016
2021-10,Export,iron_steel_72,720851,27091,20324
2021-10,Export,iron_steel_72,720852,3975,441
2021-10,Export,iron_steel_72,720917,44200,51177
2021-10,Export,iron_steel_72,721012,121900,106000
2021-10,Export,iron_steel_72,721020,46110,1980
2021-10,Export,iron_steel_72,721030,12185,9419
2021-10,Export,iron_steel_72,721041,18800,16480
2021-10,Export,iron_steel_72,721049,168353,164730
2021-10,Export,iron_steel_72,721050,76770,67252
2021-10,Export,iron_steel_72,721061,17958,18350
2021-10,Export,iron_steel_72,721210,9205,0
2021-10,Export,iron_steel_72,721240,85828,39859
2021-10,Export,iron_steel_72,721250,1718247,198454
2021-10,Export,iron_steel_72,721260,39161,12991
2021-10,Export,iron_steel_72,721320,57370,3093
2021-10,Export,iron_steel_72,721391,16589,270
2021-10,Export,iron_steel_72,721510,6972,2180
2021-10,Export,iron_steel_72,721550,171186,150978
2021-10,Export,iron_steel_72,721590,72368,34943
2021-10,Export,iron_steel_72,721632,10138,17363
2021-10,Export,iron_steel_72,721640,23500,21364
2021-10,Export,iron_steel_72,721691,85052,82810
2021-10,Export,iron_steel_72,721699,100863,17301
2021-10,Export,iron_steel_72,721710,138727,136463
2021-10,Export,iron_steel_72,721810,671044,11374
2021-10,Export,iron_steel_72,722100,91576,12505
2021-10,Export,iron_steel_72,722300,1326373,7570
2021-10,Export,iron_steel_72,722410,818644,189960
2021-10,Export,iron_steel_72,722511,2332520,704895
2021-10,Export,iron_steel_72,722530,65964,72742
2021-10,Export,iron_steel_72,722550,108840,46111
2021-10,Export,iron_steel_73,730110,9262,243
2021-10,Export,iron_steel_73,730120,1323150,151154
2021-10,Export,iron_steel_73,730210,226509,27061
2021-10,Export,iron_steel_73,730419,195376,182433
2021-10,Export,iron_steel_73,730439,45860,14279
2021-10,Export,iron_steel_73,730531,170578,92799
2021-10,Export,iron_steel_73,730590,28752,109
2021-10,Export,iron_steel_73,730619,86631,20482
2021-10,Export,iron_steel_73,730630,621105,133483
2021-10,Export,iron_steel_73,730721,659653,18461
2021-10,Export,iron_steel_73,730791,173542,5691
2021-10,Export,iron_steel_73,730810,333816,33275
2021-10,Export,iron_steel_73,730820,55172,10651
2021-10,Export,iron_steel_73,730830,104404,10594
2021-10,Export,iron_steel_73,730840,427382,73099
2021-10,Export,iron_steel_73,730890,1056306,187195
2021-10,Export,iron_steel_73,730900,1440025,217614
2021-10,Export,iron_steel_73,731010,1020667,144414
2021-10,Export,iron_steel_73,731021,6547,6749
2021-10,Export,iron_steel_73,731029,342333,10673
2021-10,Export,iron_steel_73,731100,8569103,392437
2021-10,Export,iron_steel_73,731815,8938441,496768
2021-10,Export,iron_steel_73,731816,4543919,117603
2021-10,Export,iron_steel_73,731822,1779325,184331
2021-10,Export,iron_steel_73,731823,503090,27281
2021-10,Export,iron_steel_73,732690,34086274,2525575
2021-11,Export,aluminum_76,760110,28329,1740
2021-11,Export,aluminum_76,760120,2229291,730872
2021-11,Export,aluminum_76,760310,304586,18776
2021-11,Export,aluminum_76,760320,24832,2409
2021-11,Export,aluminum_76,760410,216735,14205
2021-11,Export,aluminum_76,760421,162314,12540
2021-11,Export,aluminum_76,760429,1204793,104164
2021-11,Export,aluminum_76,760511,10800,1705
2021-11,Export,aluminum_76,760519,214751,31173
2021-11,Export,aluminum_76,760521,688897,0
2021-11,Export,aluminum_76,760529,699294,112231
2021-11,Export,aluminum_76,760611,835220,8702
2021-11,Export,aluminum_76,760612,9068527,661229
2021-11,Export,aluminum_76,760691,3813,1169
2021-11,Export,aluminum_76,760692,106154,5237
2021-11,Export,aluminum_76,760711,1184455,311460
2021-11,Export,aluminum_76,760719,403319,26593
2021-11,Export,aluminum_76,760720,1509601,127789
2021-11,Export,aluminum_76,760810,69203,8075
2021-11,Export,aluminum_76,760820,1288161,156012
2021-11,Export,aluminum_76,760900,779270,22427
2021-11,Export,aluminum_76,761010,271415,21442
2021-11,Export,aluminum_76,761100,390405,2639
2021-11,Export,aluminum_76,761290,703613,76833
2021-11,Export,aluminum_76,761300,1774649,32168
2021-11,Export,aluminum_76,761490,168050,8261
2021-11,Export,aluminum_76,761610,1168225,16118
2021-11,Export,aluminum_76,761691,136141,13659
2021-11,Export,aluminum_76,761699,10932112,560956
2021-11,Export,cement_2523,250700,11102697,35337024
2021-11,Export,cement_2523,252321,21289,42926
2021-11,Export,fertilizers,280800,53088,86747
2021-11,Export,fertilizers,281410,122560,20451
2021-11,Export,fertilizers,281420,304158,208516
2021-11,Export,fertilizers,310210,2287592,2728245
2021-11,Export,fertilizers,310221,56797,38000
2021-11,Export,fertilizers,310290,14021,39000
2021-11,Export,fertilizers,310510,63044,18565
2021-11,Export,fertilizers,310520,638122,518783
2021-11,Export,fertilizers,310590,147780,58243
2021-11,Export,iron_steel_72,260112,3329112,54164075
2021-11,Export,iron_steel_72,720310,7406,2761380
2021-11,Export,iron_steel_72,720390,11727,4226
2021-11,Export,iron_steel_72,720510,429841,9844
2021-11,Export,iron_steel_72,720521,1683860,309811
2021-11,Export,iron_steel_72,720529,701626,405169
2021-11,Export,iron_steel_72,720610,48420,10883
2021-11,Export,iron_steel_72,720810,8640,8038
2021-11,Export,iron_steel_72,720827,228628,355311
2021-11,Export,iron_steel_72,720890,15974,0
2021-11,Export,iron_steel_72,720917,118549,69550
2021-11,Export,iron_steel_72,721020,86058,12795
2021-11,Export,iron_steel_72,721030,4760,86
2021-11,Export,iron_steel_72,721041,7353,1540
2021-11,Export,iron_steel_72,721049,299278,169460
2021-11,Export,iron_steel_72,721050,43245,41928
2021-11,Export,iron_steel_72,721061,17958,18350
2021-11,Export,iron_steel_72,721090,86247,25895
2021-11,Export,iron_steel_72,721240,58845,25362
2021-11,Export,iron_steel_72,721250,1709371,207537
2021-11,Export,iron_steel_72,721260,28645,8059
2021-11,Export,iron_steel_72,721391,17839,158
2021-11,Export,iron_steel_72,721550,87476,110798
2021-11,Export,iron_steel_72,721590,115101,13062
2021-11,Export,iron_steel_72,721661,14156,8960
2021-11,Export,iron_steel_72,721691,206169,200733
2021-11,Export,iron_steel_72,721710,286229,256716
2021-11,Export,iron_steel_72,721720,2600,70
2021-11,Export,iron_steel_72,721810,2887191,796273
2021-11,Export,iron_steel_72,721911,25000,1708
2021-11,Export,iron_steel_72,721931,12995,4436
2021-11,Export,iron_steel_72,722100,142067,11375
2021-11,Export,iron_steel_72,722300,2770653,34626
2021-11,Export,iron_steel_72,722410,1418136,303552
2021-11,Export,iron_steel_72,722511,689173,195506
2021-11,Export,iron_steel_72,722550,76782,8059
2021-11,Export,iron_steel_73,730110,14033,417
2021-11,Export,iron_steel_73,730120,349485,58187
2021-11,Export,iron_steel_73,730210,2552,28
2021-11,Export,iron_steel_73,730290,47250,0
2021-11,Export,iron_steel_73,730300,49184,12323
2021-11,Export,iron_steel_73,730419,33210,19187
2021-11,Export,iron_steel_73,730439,179853,57323
2021-11,Export,iron_steel_73,730519,39300,39229
2021-11,Export,iron_steel_73,730531,9450,0
2021-11,Export,iron_steel_73,730539,5502,1937
2021-11,Export,iron_steel_73,730590,53343,217
2021-11,Export,iron_steel_73,730619,110791,132117
2021-11,Export,iron_steel_73,730630,317411,23752
2021-11,Export,iron_steel_73,730721,860093,12080
2021-11,Export,iron_steel_73,730791,95578,5770
2021-11,Export,iron_steel_73,730810,523156,110963
2021-11,Export,iron_steel_73,730820,99464,29381
2021-11,Export,iron_steel_73,730830,150130,6308
2021-11,Export,iron_steel_73,730840,125990,32916
2021-11,Export,iron_steel_73,730890,681179,136755
2021-11,Export,iron_steel_73,730900,2079720,223237
2021-11,Export,iron_steel_73,731010,800268,102562
2021-11,Export,iron_steel_73,731029,203104,15235
2021-11,Export,iron_steel_73,731100,6711844,345638
2021-11,Export,iron_steel_73,731815,9641879,439548
2021-11,Export,iron_steel_73,731816,4841396,142475
2021-11,Export,iron_steel_73,731822,1949531,171475
2021-11,Export,iron_steel_73,731823,509135,30257
2021-11,Export,iron_steel_73,732690,30582812,2531255
2021-12,Export,aluminum_76,760110,115791,35618
2021-12,Export,aluminum_76,760120,268124,30094
2021-12,Export,aluminum_76,760310,422659,77504
2021-12,Export,aluminum_76,760320,41041,3476
2021-12,Export,aluminum_76,760410,173812,6393
2021-12,Export,aluminum_76,760421,249174,15690
2021-12,Export,aluminum_76,760429,2179476,187585
2021-12,Export,aluminum_76,760519,396447,63093
2021-12,Export,aluminum_76,760529,717723,102718
2021-12,Export,aluminum_76,760611,214979,11077
2021-12,Export,aluminum_76,760612,6718761,809542
2021-12,Export,aluminum_76,760691,47429,1463
2021-12,Export,aluminum_76,760692,375852,64607
2021-12,Export,aluminum_76,760711,642332,166362
2021-12,Export,aluminum_76,760719,289476,7389
2021-12,Export,aluminum_76,760720,1410259,132816
2021-12,Export,aluminum_76,760810,26746,4409
2021-12,Export,aluminum_76,760820,799590,89490
2021-12,Export,aluminum_76,760900,748233,35798
2021-12,Export,aluminum_76,761010,35133,3080
2021-12,Export,aluminum_76,761100,50059,544
2021-12,Export,aluminum_76,761290,643205,95507
2021-12,Export,aluminum_76,761300,1226887,17434
2021-12,Export,aluminum_76,761410,6942,1734
2021-12,Export,aluminum_76,761490,3739531,158594
2021-12,Export,aluminum_76,761610,1656550,17140
2021-12,Export,aluminum_76,761691,245145,25602
2021-12,Export,aluminum_76,761699,12535452,567562
2021-12,Export,cement_2523,250700,17744302,80140130
2021-12,Export,cement_2523,252310,7680,1843
2021-12,Export,cement_2523,252321,43749,65378
2021-12,Export,cement_2523,252329,9480,69700
2021-12,Export,fertilizers,280800,61927,19453
2021-12,Export,fertilizers,281410,330330,62402
2021-12,Export,fertilizers,281420,307920,205758
2021-12,Export,fertilizers,310210,985612,1091358
2021-12,Export,fertilizers,310221,55566,18000
2021-12,Export,fertilizers,310229,28296,16556
2021-12,Export,fertilizers,310280,79020,23741
2021-12,Export,fertilizers,310290,176867,16029
2021-12,Export,fertilizers,310510,108609,42684
2021-12,Export,fertilizers,310520,552240,439224
2021-12,Export,fertilizers,310530,8310,1000
2021-12,Export,fertilizers,310590,357202,103981
2021-12,Export,iron_steel_72,260112,507500,14500000
2021-12,Export,iron_steel_72,720310,6069,2278035
2021-12,Export,iron_steel_72,720390,18642640,36156968
2021-12,Export,iron_steel_72,720510,483246,34448
2021-12,Export,iron_steel_72,720521,1658469,273624
2021-12,Export,iron_steel_72,720529,487340,840349
2021-12,Export,iron_steel_72,720825,5890,7301
2021-12,Export,iron_steel_72,720837,4478,8324
2021-12,Export,iron_steel_72,720890,37333,5409
2021-12,Export,iron_steel_72,720917,54880,20107
2021-12,Export,iron_steel_72,721011,49177,51662
2021-12,Export,iron_steel_72,721020,53713,3640
2021-12,Export,iron_steel_72,721030,16565,1257
2021-12,Export,iron_steel_72,721049,352522,327765
2021-12,Export,iron_steel_72,721050,481754,475072
2021-12,Export,iron_steel_72,721061,4346,4441
2021-12,Export,iron_steel_72,721069,4346,2212
2021-12,Export,iron_steel_72,721090,3149,27
2021-12,Export,iron_steel_72,721210,25520,17185
2021-12,Export,iron_steel_72,721220,11065,4279
2021-12,Export,iron_steel_72,721230,5821,159
2021-12,Export,iron_steel_72,721240,123315,51489
2021-12,Export,iron_steel_72,721250,1321157,122669
2021-12,Export,iron_steel_72,721260,58463,19384
2021-12,Export,iron_steel_72,721320,5316,155
2021-12,Export,iron_steel_72,721391,6045,98
2021-12,Export,iron_steel_72,721510,21834,22408
2021-12,Export,iron_steel_72,721550,43980,55705
2021-12,Export,iron_steel_72,721590,101568,41341
2021-12,Export,iron_steel_72,721650,8195,10915
2021-12,Export,iron_steel_72,721691,145352,141522
2021-12,Export,iron_steel_72,721699,144397,3508
2021-12,Export,iron_steel_72,721710,138245,88255
2021-12,Export,iron_steel_72,721720,4017,137
2021-12,Export,iron_steel_72,721810,2877257,815401
2021-12,Export,iron_steel_72,722100,142716,11913
2021-12,Export,iron_steel_72,722300,1502561,11509
2021-12,Export,iron_steel_72,722410,690160,171038
2021-12,Export,iron_steel_72,722511,1269728,353948
2021-12,Export,iron_steel_72,722550,8064,8358
2021-12,Export,iron_steel_73,730110,11550,15
2021-12,Export,iron_steel_73,730120,723770,127404
2021-12,Export,iron_steel_73,730210,7980,6508
2021-12,Export,iron_steel_73,730300,42324,9664
2021-12,Export,iron_steel_73,730419,386837,407203
2021-12,Export,iron_steel_73,730439,129922,37499
2021-12,Export,iron_steel_73,730590,60930,224
2021-12,Export,iron_steel_73,730619,167298,45792
2021-12,Export,iron_steel_73,730630,601523,54255
2021-12,Export,iron_steel_73,730721,598933,15005
2021-12,Export,iron_steel_73,730791,44527,4831
2021-12,Export,iron_steel_73,730820,8910,2021
2021-12,Export,iron_steel_73,730830,25445,910
2021-12,Export,iron_steel_73,730840,72372,12362
2021-12,Export,iron_steel_73,730890,975396,103471
2021-12,Export,iron_steel_73,730900,1853739,93688
2021-12,Export,iron_steel_73,731010,672070,133636
2021-12,Export,iron_steel_73,731021,32109,6173
2021-12,Export,iron_steel_73,731029,377709,13414
2021-12,Export,iron_steel_73,731100,4487520,269914
2021-12,Export,iron_steel_73,731815,8269305,441936
2021-12,Export,iron_steel_73,731816,6305634,167068
2021-12,Export,iron_steel_73,731822,2910836,313384
2021-12,Export,iron_steel_73,731823,390893,15897
2021-12,Export,iron_steel_73,732690,29926437,2298032
2022-01,Export,aluminum_76,760110,34400,4761
2022-01,Export,aluminum_76,760120,1622240,463774
2022-01,Export,aluminum_76,760310,324866,37639
2022-01,Export,aluminum_76,760320,39367,5809
2022-01,Export,aluminum_76,760410,184290,3195
2022-01,Export,aluminum_76,760421,271959,17884
2022-01,Export,aluminum_76,760429,1296971,83884
2022-01,Export,aluminum_76,760511,14591,5050
2022-01,Export,aluminum_76,760519,18065,181
2022-01,Export,aluminum_76,760521,1537670,5084
2022-01,Export,aluminum_76,760529,288092,48074
2022-01,Export,aluminum_76,760611,169899,18785
2022-01,Export,aluminum_76,760612,5876215,608170
2022-01,Export,aluminum_76,760691,7136,41
2022-01,Export,aluminum_76,760692,176199,20692
2022-01,Export,aluminum_76,760711,1024427,220821
2022-01,Export,aluminum_76,760719,472527,11263
2022-01,Export,aluminum_76,760720,1308709,150208
2022-01,Export,aluminum_76,760810,15923,3125
2022-01,Export,aluminum_76,760820,1082301,138154
2022-01,Export,aluminum_76,760900,554058,26490
2022-01,Export,aluminum_76,761010,88116,10601
2022-01,Export,aluminum_76,761100,233900,80066
2022-01,Export,aluminum_76,761290,1420314,226181
2022-01,Export,aluminum_76,761300,1028815,19188
2022-01,Export,aluminum_76,761490,4855,16
2022-01,Export,aluminum_76,761610,1679070,36986
2022-01,Export,aluminum_76,761691,125195,9372
2022-01,Export,aluminum_76,761699,9368554,392190
2022-01,Export,cement_2523,250700,11671638,39374959
2022-01,Export,cement_2523,252321,17232,29910
2022-01,Export,cement_2523,252329,4712,22454
2022-01,Export,cement_2523,252390,3984,3682
2022-01,Export,fertilizers,280800,37299,9904
2022-01,Export,fertilizers,281410,292461,63501
2022-01,Export,fertilizers,281420,329920,222400
2022-01,Export,fertilizers,283421,57009,16963
2022-01,Export,fertilizers,310210,573789,641993
2022-01,Export,fertilizers,310230,5330,20000
2022-01,Export,fertilizers,310290,353928,33000
2022-01,Export,fertilizers,310510,650000,68929
2022-01,Export,fertilizers,310520,1039864,457571
2022-01,Export,fertilizers,310590,1524806,117680
2022-01,Export,iron_steel_72,260112,16725982,152882015
2022-01,Export,iron_steel_72,720390,22944595,44034595
2022-01,Export,iron_steel_72,720510,439985,142
2022-01,Export,iron_steel_72,720521,2147870,248095
2022-01,Export,iron_steel_72,720529,575875,222814
2022-01,Export,iron_steel_72,720854,4531,1742
2022-01,Export,iron_steel_72,720890,91069,6643
2022-01,Export,iron_steel_72,720917,100339,36763
2022-01,Export,iron_steel_72,720926,15931,4572
2022-01,Export,iron_steel_72,720928,14700,22815
2022-01,Export,iron_steel_72,720990,10965,9351
2022-01,Export,iron_steel_72,721012,136569,151067
2022-01,Export,iron_steel_72,721020,122762,15391
2022-01,Export,iron_steel_72,721041,17660,0
2022-01,Export,iron_steel_72,721049,60970,34974
2022-01,Export,iron_steel_72,721050,91850,80151
2022-01,Export,iron_steel_72,721061,17958,18350
2022-01,Export,iron_steel_72,721070,5822,1570
2022-01,Export,iron_steel_72,721090,170697,42474
2022-01,Export,iron_steel_72,721240,103629,53829
2022-01,Export,iron_steel_72,721250,1860142,180902
2022-01,Export,iron_steel_72,721260,40182,9048
2022-01,Export,iron_steel_72,721391,5696,64
2022-01,Export,iron_steel_72,721510,28940,24134
2022-01,Export,iron_steel_72,721590,168044,61700
2022-01,Export,iron_steel_72,721633,3116,3462
2022-01,Export,iron_steel_72,721691,102689,99982
2022-01,Export,iron_steel_72,721699,144397,3508
2022-01,Export,iron_steel_72,721710,169249,179492
2022-01,Export,iron_steel_72,721810,1271110,217551
2022-01,Export,iron_steel_72,721911,100000,17667
2022-01,Export,iron_steel_72,721931,7797,2661
2022-01,Export,iron_steel_72,722100,101323,11895
2022-01,Export,iron_steel_72,722300,1328833,12902
2022-01,Export,iron_steel_72,722410,806066,159361
2022-01,Export,iron_steel_72,722511,1506470,431273
2022-01,Export,iron_steel_72,722550,23910,3425
2022-01,Export,iron_steel_73,730110,4945,182
2022-01,Export,iron_steel_73,730120,313505,80733
2022-01,Export,iron_steel_73,730210,44334,38552
2022-01,Export,iron_steel_73,730290,16000,691
2022-01,Export,iron_steel_73,730419,135522,81946
2022-01,Export,iron_steel_73,730439,54601,17035
2022-01,Export,iron_steel_73,730531,19681,2580
2022-01,Export,iron_steel_73,730590,39952,5698
2022-01,Export,iron_steel_73,730619,190040,169294
2022-01,Export,iron_steel_73,730630,547786,45868
2022-01,Export,iron_steel_73,730721,1041130,20726
2022-01,Export,iron_steel_73,730791,165020,3672
2022-01,Export,iron_steel_73,730810,113601,24006
2022-01,Export,iron_steel_73,730820,54697,19435
2022-01,Export,iron_steel_73,730830,255172,15159
2022-01,Export,iron_steel_73,730840,51048,7200
2022-01,Export,iron_steel_73,730890,402298,46011
2022-01,Export,iron_steel_73,730900,927323,94640
2022-01,Export,iron_steel_73,731010,540697,118031
2022-01,Export,iron_steel_73,731021,191597,43287
2022-01,Export,iron_steel_73,731029,714055,27347
2022-01,Export,iron_steel_73,731100,4146912,468299
2022-01,Export,iron_steel_73,731815,8197272,448863
2022-01,Export,iron_steel_73,731816,4550512,138241
2022-01,Export,iron_steel_73,731822,1610553,169467
2022-01,Export,iron_steel_73,731823,509074,22568
2022-01,Export,iron_steel_73,732690,27484603,1736935
2022-02,Export,aluminum_76,760110,40026,10343
2022-02,Export,aluminum_76,760120,3526960,730626
2022-02,Export,aluminum_76,760310,164334,16582
2022-02,Export,aluminum_76,760320,18683,2397
2022-02,Export,aluminum_76,760410,169845,2638
2022-02,Export,aluminum_76,760421,148520,10584
2022-02,Export,aluminum_76,760429,1798426,161356
2022-02,Export,aluminum_76,760519,257184,32714
2022-02,Export,aluminum_76,760521,1364988,0
2022-02,Export,aluminum_76,760529,285030,45300
2022-02,Export,aluminum_76,760611,280538,46998
2022-02,Export,aluminum_76,760612,8647420,1080151
2022-02,Export,aluminum_76,760691,14332,206
2022-02,Export,aluminum_76,760692,62248,2156
2022-02,Export,aluminum_76,760711,1054628,195218
2022-02,Export,aluminum_76,760719,358730,17440
2022-02,Export,aluminum_76,760720,1875094,218175
2022-02,Export,aluminum_76,760810,41902,1571
2022-02,Export,aluminum_76,760820,557745,65733
2022-02,Export,aluminum_76,760900,1023834,99088
2022-02,Export,aluminum_76,761010,178226,20404
2022-02,Export,aluminum_76,761100,35149,778
2022-02,Export,aluminum_76,761210,69691,1068
2022-02,Export,aluminum_76,761290,1405590,232027
2022-02,Export,aluminum_76,761300,1407012,26755
2022-02,Export,aluminum_76,761410,2631,30
2022-02,Export,aluminum_76,761610,2109779,16962
2022-02,Export,aluminum_76,761691,211197,17320
2022-02,Export,aluminum_76,761699,10685099,589356
2022-02,Export,cement_2523,250700,7359234,17316460
2022-02,Export,cement_2523,252321,12082,20264
2022-02,Export,cement_2523,252390,16515,61541
2022-02,Export,fertilizers,280800,38179,11776
2022-02,Export,fertilizers,281420,286937,191440
2022-02,Export,fertilizers,310210,1169032,1131026
2022-02,Export,fertilizers,310221,4396,2000
2022-02,Export,fertilizers,310229,10026,6407
2022-02,Export,fertilizers,310280,11922,3000
2022-02,Export,fertilizers,310290,164300,93210
2022-02,Export,fertilizers,310510,131861,49987
2022-02,Export,fertilizers,310520,1612044,636853
2022-02,Export,fertilizers,310530,29736,11329
2022-02,Export,fertilizers,310559,153057,119000
2022-02,Export,fertilizers,310590,1349979,246851
2022-02,Export,iron_steel_72,260112,3777877,59966310
2022-02,Export,iron_steel_72,720110,8012,16176
2022-02,Export,iron_steel_72,720390,14290,4608
2022-02,Export,iron_steel_72,720510,125965,3498
2022-02,Export,iron_steel_72,720521,2435475,254863
2022-02,Export,iron_steel_72,720529,1291300,697497
2022-02,Export,iron_steel_72,720610,77056,2416
2022-02,Export,iron_steel_72,720825,6330,8474
2022-02,Export,iron_steel_72,720853,3003,4666
2022-02,Export,iron_steel_72,720890,3414,11
2022-02,Export,iron_steel_72,720917,104351,38232
2022-02,Export,iron_steel_72,721020,45325,5032
2022-02,Export,iron_steel_72,721049,337271,254595
2022-02,Export,iron_steel_72,721050,24208,15622
2022-02,Export,iron_steel_72,721061,29930,30584
2022-02,Export,iron_steel_72,721070,9673,1621
2022-02,Export,iron_steel_72,721090,56449,3774
2022-02,Export,iron_steel_72,721210,474014,37910
2022-02,Export,iron_steel_72,721220,75437,50465
2022-02,Export,iron_steel_72,721240,55193,29054
2022-02,Export,iron_steel_72,721250,798137,91921
2022-02,Export,iron_steel_72,721260,109252,17505
2022-02,Export,iron_steel_72,721391,23326,6073
2022-02,Export,iron_steel_72,721399,3540,3053
2022-02,Export,iron_steel_72,721420,5820,5202
2022-02,Export,iron_steel_72,721550,88802,38794
2022-02,Export,iron_steel_72,721590,229829,106844
2022-02,Export,iron_steel_72,721691,55444,53982
2022-02,Export,iron_steel_72,721699,20763,0
2022-02,Export,iron_steel_72,721710,295617,211882
2022-02,Export,iron_steel_72,721810,1775743,425321
2022-02,Export,iron_steel_72,721911,39310,2173
2022-02,Export,iron_steel_72,722100,192603,12929
2022-02,Export,iron_steel_72,722300,2147183,6468
2022-02,Export,iron_steel_72,722410,814606,70873
2022-02,Export,iron_steel_72,722511,76540,21724
2022-02,Export,iron_steel_72,722550,7276,1048
2022-02,Export,iron_steel_73,730110,21041,3230
2022-02,Export,iron_steel_73,730120,270605,119844
2022-02,Export,iron_steel_73,730210,10758,9355
2022-02,Export,iron_steel_73,730300,27922,2758
2022-02,Export,iron_steel_73,730419,652447,524849
2022-02,Export,iron_steel_73,730439,296781,104736
2022-02,Export,iron_steel_73,730531,15124,8895
2022-02,Export,iron_steel_73,730590,40311,5749
2022-02,Export,iron_steel_73,730619,27431,7891
2022-02,Export,iron_steel_73,730630,652985,125218
2022-02,Export,iron_steel_73,730721,614069,10509
2022-02,Export,iron_steel_73,730791,126795,14374
2022-02,Export,iron_steel_73,730820,137535,25539
2022-02,Export,iron_steel_73,730830,89985,2787
2022-02,Export,iron_steel_73,730840,58955,9932
2022-02,Export,iron_steel_73,730890,1374330,169299
2022-02,Export,iron_steel_73,730900,708306,82338
2022-02,Export,iron_steel_73,731010,608430,102115
2022-02,Export,iron_steel_73,731021,395130,88253
2022-02,Export,iron_steel_73,731029,422938,9064
2022-02,Export,iron_steel_73,731100,4930480,398210
2022-02,Export,iron_steel_73,731815,10844138,603570
2022-02,Export,iron_steel_73,731816,4868496,136827
2022-02,Export,iron_steel_73,731822,1782935,187314
2022-02,Export,iron_steel_73,731823,654651,39869
2022-02,Export,iron_steel_73,732690,37156522,2962556
2022-03,Export,aluminum_76,760110,84610,21172
2022-03,Export,aluminum_76,760120,2990641,518222
2022-03,Export,aluminum_76,760310,722530,73691
2022-03,Export,aluminum_76,760320,37449,3444
2022-03,Export,aluminum_76,760410,243420,5183
2022-03,Export,aluminum_76,760421,372670,36991
2022-03,Export,aluminum_76,760429,1274392,71221
2022-03,Export,aluminum_76,760519,133336,21300
2022-03,Export,aluminum_76,760521,2436361,0
2022-03,Export,aluminum_76,760529,581231,75129
2022-03,Export,aluminum_76,760611,502278,51466
2022-03,Export,aluminum_76,760612,19031499,1828402
2022-03,Export,aluminum_76,760691,25457,474
2022-03,Export,aluminum_76,760692,164874,1162
2022-03,Export,aluminum_76,760711,1376040,155519
2022-03,Export,aluminum_76,760719,328252,9719
2022-03,Export,aluminum_76,760720,1503079,122071
2022-03,Export,aluminum_76,760810,39909,4896
2022-03,Export,aluminum_76,760820,1250336,164238
2022-03,Export,aluminum_76,760900,864812,36867
2022-03,Export,aluminum_76,761010,939427,113244
2022-03,Export,aluminum_76,761100,20210,11533
2022-03,Export,aluminum_76,761210,92117,7755
2022-03,Export,aluminum_76,761290,530419,17942
2022-03,Export,aluminum_76,761300,1566842,24185
2022-03,Export,aluminum_76,761490,26917,1018
2022-03,Export,aluminum_76,761610,1946756,26478
2022-03,Export,aluminum_76,761691,455515,45914
2022-03,Export,aluminum_76,761699,16776635,711924
2022-03,Export,cement_2523,250700,11145774,28407703
2022-03,Export,cement_2523,252310,20896,233700
2022-03,Export,cement_2523,252329,46779,140425
2022-03,Export,cement_2523,252390,11640,7402
2022-03,Export,fertilizers,280800,64517,19505
2022-03,Export,fertilizers,281420,299323,208616
2022-03,Export,fertilizers,283421,34503,10241
2022-03,Export,fertilizers,310210,870931,842128
2022-03,Export,fertilizers,310221,49548,16000
2022-03,Export,fertilizers,310290,67439,11000
2022-03,Export,fertilizers,310510,65545,18544
2022-03,Export,fertilizers,310520,1573152,889671
2022-03,Export,fertilizers,310559,243791,195620
2022-03,Export,fertilizers,310590,681314,216121
2022-03,Export,iron_steel_72,260112,3685407,58499000
2022-03,Export,iron_steel_72,720390,26827,27945
2022-03,Export,iron_steel_72,720510,684834,16088
2022-03,Export,iron_steel_72,720521,2456134,285839
2022-03,Export,iron_steel_72,720529,1216883,576256
2022-03,Export,iron_steel_72,720610,10486,382
2022-03,Export,iron_steel_72,720851,14166,474
2022-03,Export,iron_steel_72,720853,11248,17476
2022-03,Export,iron_steel_72,720890,10326,1325
2022-03,Export,iron_steel_72,720915,8484,3602
2022-03,Export,iron_steel_72,720917,176190,92442
2022-03,Export,iron_steel_72,720918,83925,14197
2022-03,Export,iron_steel_72,720925,11720,17676
2022-03,Export,iron_steel_72,720927,11696,10573
2022-03,Export,iron_steel_72,721012,56055,83849
2022-03,Export,iron_steel_72,721020,248647,30107
2022-03,Export,iron_steel_72,721049,366652,371409
2022-03,Export,iron_steel_72,721050,163762,185894
2022-03,Export,iron_steel_72,721061,4125,4215
2022-03,Export,iron_steel_72,721220,28084,18799
2022-03,Export,iron_steel_72,721240,37710,19588
2022-03,Export,iron_steel_72,721250,2130482,282498
2022-03,Export,iron_steel_72,721260,98835,12311
2022-03,Export,iron_steel_72,721320,196968,12119
2022-03,Export,iron_steel_72,721391,29457,663
2022-03,Export,iron_steel_72,721399,2608,2249
2022-03,Export,iron_steel_72,721510,9203,0
2022-03,Export,iron_steel_72,721550,92921,3683
2022-03,Export,iron_steel_72,721590,82904,50382
2022-03,Export,iron_steel_72,721621,10126,9464
2022-03,Export,iron_steel_72,721640,19420,17655
2022-03,Export,iron_steel_72,721650,7095,9450
2022-03,Export,iron_steel_72,721691,75231,73248
2022-03,Export,iron_steel_72,721699,49590,22914
2022-03,Export,iron_steel_72,721710,74061,88239
2022-03,Export,iron_steel_72,721720,12204,189
2022-03,Export,iron_steel_72,721810,1007782,215112
2022-03,Export,iron_steel_72,721931,12897,893
2022-03,Export,iron_steel_72,722100,17263,1125
2022-03,Export,iron_steel_72,722300,3592717,38156
2022-03,Export,iron_steel_72,722410,2020131,341052
2022-03,Export,iron_steel_72,722511,683821,196442
2022-03,Export,iron_steel_72,722550,18944,2785
2022-03,Export,iron_steel_73,730110,14799,1081
2022-03,Export,iron_steel_73,730120,351210,94634
2022-03,Export,iron_steel_73,730210,35654,39770
2022-03,Export,iron_steel_73,730290,3114,1228
2022-03,Export,iron_steel_73,730419,306909,261039
2022-03,Export,iron_steel_73,730439,111559,34331
2022-03,Export,iron_steel_73,730531,23352,2764
2022-03,Export,iron_steel_73,730590,71409,5217
2022-03,Export,iron_steel_73,730619,88954,25719
2022-03,Export,iron_steel_73,730630,769896,162469
2022-03,Export,iron_steel_73,730721,660970,15715
2022-03,Export,iron_steel_73,730791,303267,23623
2022-03,Export,iron_steel_73,730820,66552,10543
2022-03,Export,iron_steel_73,730830,276551,11662
2022-03,Export,iron_steel_73,730840,151444,38339
2022-03,Export,iron_steel_73,730890,917111,96635
2022-03,Export,iron_steel_73,730900,3289390,503539
2022-03,Export,iron_steel_73,731010,739553,98922
2022-03,Export,iron_steel_73,731021,51491,9102
2022-03,Export,iron_steel_73,731029,528398,49969
2022-03,Export,iron_steel_73,731100,5859359,320239
2022-03,Export,iron_steel_73,731815,10997602,587135
2022-03,Export,iron_steel_73,731816,6318040,123230
2022-03,Export,iron_steel_73,731822,1968627,196357
2022-03,Export,iron_steel_73,731823,970147,31334
2022-03,Export,iron_steel_73,732690,31889901,2077644
2022-04,Export,aluminum_76,760110,109769,44819
2022-04,Export,aluminum_76,760120,1026943,192050
2022-04,Export,aluminum_76,760310,331338,33437
2022-04,Export,aluminum_76,760320,39210,5820
2022-04,Export,aluminum_76,760410,418443,23563
2022-04,Export,aluminum_76,760421,486684,44844
2022-04,Export,aluminum_76,760429,2897261,199345
2022-04,Export,aluminum_76,760519,140093,17131
2022-04,Export,aluminum_76,760521,3327338,411753
2022-04,Export,aluminum_76,760529,1171522,155179
2022-04,Export,aluminum_76,760611,289595,48820
2022-04,Export,aluminum_76,760612,14974768,1137517
2022-04,Export,aluminum_76,760691,34922,394
2022-04,Export,aluminum_76,760692,209776,12850
2022-04,Export,aluminum_76,760711,637810,58797
2022-04,Export,aluminum_76,760719,455519,7055
2022-04,Export,aluminum_76,760720,3501464,260120
2022-04,Export,aluminum_76,760810,20745,2676
2022-04,Export,aluminum_76,760820,654747,81439
2022-04,Export,aluminum_76,760900,943827,23242
2022-04,Export,aluminum_76,761010,342826,24453
2022-04,Export,aluminum_76,761100,4019,90
2022-04,Export,aluminum_76,761210,23720,1114
2022-04,Export,aluminum_76,761290,788336,60482
2022-04,Export,aluminum_76,761300,2048723,75033
2022-04,Export,aluminum_76,761410,15698,1714
2022-04,Export,aluminum_76,761610,1868760,23417
2022-04,Export,aluminum_76,761691,333130,29345
2022-04,Export,aluminum_76,761699,15419308,560931
2022-04,Export,cement_2523,250700,12110447,33797803
2022-04,Export,cement_2523,252321,34595,70980
2022-04,Export,cement_2523,252390,5196,5896
2022-04,Export,fertilizers,280800,62575,27421
2022-04,Export,fertilizers,281410,122560,20451
2022-04,Export,fertilizers,281420,303431,222244
2022-04,Export,fertilizers,310210,641014,526130
2022-04,Export,fertilizers,310221,142750,433000
2022-04,Export,fertilizers,310280,3843,3000
2022-04,Export,fertilizers,310290,2665,1
2022-04,Export,fertilizers,310510,88708,29340
2022-04,Export,fertilizers,310520,1109950,786596
2022-04,Export,fertilizers,310530,14193,25085
2022-04,Export,fertilizers,310540,6164,2000
2022-04,Export,fertilizers,310551,44200,19000
2022-04,Export,fertilizers,310559,12501,2000
2022-04,Export,fertilizers,310590,604868,204375
2022-04,Export,hydrogen_2804,280410,118173,5273
2022-04,Export,iron_steel_72,260112,4850998,76999000
2022-04,Export,iron_steel_72,720110,7503,15165
2022-04,Export,iron_steel_72,720241,4026,5715
2022-04,Export,iron_steel_72,720390,51239841,107278731
2022-04,Export,iron_steel_72,720510,439665,43960
2022-04,Export,iron_steel_72,720521,2959943,370386
2022-04,Export,iron_steel_72,720529,915308,474672
2022-04,Export,iron_steel_72,720610,19755,1443
2022-04,Export,iron_steel_72,720826,10000,10596
2022-04,Export,iron_steel_72,720851,12191,929
2022-04,Export,iron_steel_72,720890,44712,2012
2022-04,Export,iron_steel_72,720916,10854,11219
2022-04,Export,iron_steel_72,720917,87961,32228
2022-04,Export,iron_steel_72,720926,3626,0
2022-04,Export,iron_steel_72,720928,8961,3305
2022-04,Export,iron_steel_72,721012,117000,321760
2022-04,Export,iron_steel_72,721020,203834,29419
2022-04,Export,iron_steel_72,721049,1111457,1047772
2022-04,Export,iron_steel_72,721061,34157,34902
2022-04,Export,iron_steel_72,721070,19745,4711
2022-04,Export,iron_steel_72,721090,2518,23
2022-04,Export,iron_steel_72,721220,118828,43906
2022-04,Export,iron_steel_72,721240,37710,19588
2022-04,Export,iron_steel_72,721250,1815059,273016
2022-04,Export,iron_steel_72,721260,225933,43437
2022-04,Export,iron_steel_72,721320,78015,4865
2022-04,Export,iron_steel_72,721391,16379,3243
2022-04,Export,iron_steel_72,721510,9045,9283
2022-04,Export,iron_steel_72,721550,5418,5271
2022-04,Export,iron_steel_72,721590,99510,47966
2022-04,Export,iron_steel_72,721621,5820,5439
2022-04,Export,iron_steel_72,721691,210809,146825
2022-04,Export,iron_steel_72,721699,9750,254
2022-04,Export,iron_steel_72,721710,277421,185770
2022-04,Export,iron_steel_72,721810,1098801,82460
2022-04,Export,iron_steel_72,722100,264506,24703
2022-04,Export,iron_steel_72,722300,4053323,60892
2022-04,Export,iron_steel_72,722410,1690473,268433
2022-04,Export,iron_steel_72,722511,380256,112464
2022-04,Export,iron_steel_72,722550,23691,3565
2022-04,Export,iron_steel_73,730110,7889,445
2022-04,Export,iron_steel_73,730120,901391,68450
2022-04,Export,iron_steel_73,730210,124220,38915
2022-04,Export,iron_steel_73,730290,35864,12742
2022-04,Export,iron_steel_73,730300,22070,2444
2022-04,Export,iron_steel_73,730419,997798,1062306
2022-04,Export,iron_steel_73,730439,408611,294215
2022-04,Export,iron_steel_73,730511,14600,1068
2022-04,Export,iron_steel_73,730531,88057,52795
2022-04,Export,iron_steel_73,730590,22494,105
2022-04,Export,iron_steel_73,730630,962479,157503
2022-04,Export,iron_steel_73,730721,892893,17379
2022-04,Export,iron_steel_73,730791,155087,5026
2022-04,Export,iron_steel_73,730810,605396,118920
2022-04,Export,iron_steel_73,730820,57369,20384
2022-04,Export,iron_steel_73,730830,90212,5188
2022-04,Export,iron_steel_73,730840,146139,43348
2022-04,Export,iron_steel_73,730890,795295,153881
2022-04,Export,iron_steel_73,730900,2263414,146657
2022-04,Export,iron_steel_73,731010,935882,146962
2022-04,Export,iron_steel_73,731021,260164,54101
2022-04,Export,iron_steel_73,731029,2840453,419747
2022-04,Export,iron_steel_73,731100,3791708,251477
2022-04,Export,iron_steel_73,731815,11866971,441603
2022-04,Export,iron_steel_73,731816,6108809,150639
2022-04,Export,iron_steel_73,731822,1691640,183991
2022-04,Export,iron_steel_73,731823,1620370,48951
2022-04,Export,iron_steel_73,732690,29984302,2789676
2022-05,Export,aluminum_76,760110,70831,20964
2022-05,Export,aluminum_76,760120,1798441,517092
2022-05,Export,aluminum_76,760310,363584,65108
2022-05,Export,aluminum_76,760320,16680,1652
2022-05,Export,aluminum_76,760410,262328,32884
2022-05,Export,aluminum_76,760421,422970,43451
2022-05,Export,aluminum_76,760429,2147600,159450
2022-05,Export,aluminum_76,760519,33380,9389
2022-05,Export,aluminum_76,760521,3213162,305339
2022-05,Export,aluminum_76,760529,888852,125086
2022-05,Export,aluminum_76,760611,127645,8420
2022-05,Export,aluminum_76,760612,17280090,2024158
2022-05,Export,aluminum_76,760691,3189,57
2022-05,Export,aluminum_76,760692,99114,2615
2022-05,Export,aluminum_76,760711,1073115,66391
2022-05,Export,aluminum_76,760719,710621,15497
2022-05,Export,aluminum_76,760720,2935967,187039
2022-05,Export,aluminum_76,760810,57797,8316
2022-05,Export,aluminum_76,760820,1249737,112949
2022-05,Export,aluminum_76,760900,1330487,44122
2022-05,Export,aluminum_76,761010,1065320,18457
2022-05,Export,aluminum_76,761100,54640,3438
2022-05,Export,aluminum_76,761210,47180,3140
2022-05,Export,aluminum_76,761290,767070,143821
2022-05,Export,aluminum_76,761300,2380142,48109
2022-05,Export,aluminum_76,761490,9628148,114900
2022-05,Export,aluminum_76,761610,2121336,41494
2022-05,Export,aluminum_76,761691,244745,21613
2022-05,Export,aluminum_76,761699,16741376,803474
2022-05,Export,cement_2523,250700,8612666,18663099
2022-05,Export,cement_2523,252321,42309,66018
2022-05,Export,cement_2523,252329,3511,18144
2022-05,Export,cement_2523,252330,24955,43050
2022-05,Export,cement_2523,252390,6162,3436
2022-05,Export,fertilizers,280800,92792,29079
2022-05,Export,fertilizers,281410,130445,20451
2022-05,Export,fertilizers,281420,250188,168636
2022-05,Export,fertilizers,283421,29481,8762
2022-05,Export,fertilizers,310210,708060,552951
2022-05,Export,fertilizers,310221,63924,170000
2022-05,Export,fertilizers,310230,2932,11000
2022-05,Export,fertilizers,310280,23453992,36486336
2022-05,Export,fertilizers,310290,153634,17000
2022-05,Export,fertilizers,310510,143809,24078
2022-05,Export,fertilizers,310520,1142354,388091
2022-05,Export,fertilizers,310540,24816,7258
2022-05,Export,fertilizers,310559,135000,119000
2022-05,Export,fertilizers,310590,785236,135294
2022-05,Export,iron_steel_72,260112,8553092,137232075
2022-05,Export,iron_steel_72,720241,8637,12260
2022-05,Export,iron_steel_72,720390,23847,24840
2022-05,Export,iron_steel_72,720510,174955,24090
2022-05,Export,iron_steel_72,720521,2121673,273998
2022-05,Export,iron_steel_72,720529,1950805,1003922
2022-05,Export,iron_steel_72,720610,15414,420
2022-05,Export,iron_steel_72,720836,1140580,2018726
2022-05,Export,iron_steel_72,720851,20463,23084
2022-05,Export,iron_steel_72,720890,6254,8
2022-05,Export,iron_steel_72,720917,163995,91854
2022-05,Export,iron_steel_72,720918,93817,12771
2022-05,Export,iron_steel_72,720926,27556,0
2022-05,Export,iron_steel_72,720928,31107,43445
2022-05,Export,iron_steel_72,720990,8250,7035
2022-05,Export,iron_steel_72,721012,128537,214913
2022-05,Export,iron_steel_72,721020,269846,30134
2022-05,Export,iron_steel_72,721049,491748,478072
2022-05,Export,iron_steel_72,721050,68000,90608
2022-05,Export,iron_steel_72,721061,20910,21366
2022-05,Export,iron_steel_72,721069,12246,2674
2022-05,Export,iron_steel_72,721240,144647,22411
2022-05,Export,iron_steel_72,721250,2398250,254696
2022-05,Export,iron_steel_72,721260,60284,11778
2022-05,Export,iron_steel_72,721391,8221,82
2022-05,Export,iron_steel_72,721420,7212,5446
2022-05,Export,iron_steel_72,721510,17521,17982
2022-05,Export,iron_steel_72,721550,94734,946
2022-05,Export,iron_steel_72,721590,133831,66920
2022-05,Export,iron_steel_72,721621,11948,11166
2022-05,Export,iron_steel_72,721640,4278,1829
2022-05,Export,iron_steel_72,721650,3399,1682
2022-05,Export,iron_steel_72,721691,148324,144417
2022-05,Export,iron_steel_72,721699,41879,1218
2022-05,Export,iron_steel_72,721710,168842,152522
2022-05,Export,iron_steel_72,721810,753898,26644
2022-05,Export,iron_steel_72,722100,70563,5825
2022-05,Export,iron_steel_72,722300,2477659,10899
2022-05,Export,iron_steel_72,722410,1361913,213941
2022-05,Export,iron_steel_72,722511,349350,98207
2022-05,Export,iron_steel_72,722550,74529,14096
2022-05,Export,iron_steel_73,730110,4137,112
2022-05,Export,iron_steel_73,730120,637661,104587
2022-05,Export,iron_steel_73,730210,62890,32649
2022-05,Export,iron_steel_73,730419,204404,105288
2022-05,Export,iron_steel_73,730439,113279,37556
2022-05,Export,iron_steel_73,730531,104952,62969
2022-05,Export,iron_steel_73,730590,53258,201
2022-05,Export,iron_steel_73,730619,203151,28849
2022-05,Export,iron_steel_73,730630,352494,59719
2022-05,Export,iron_steel_73,730721,856117,17677
2022-05,Export,iron_steel_73,730791,295469,14045
2022-05,Export,iron_steel_73,730810,14157,3640
2022-05,Export,iron_steel_73,730820,3365,1195
2022-05,Export,iron_steel_73,730830,60306,11876
2022-05,Export,iron_steel_73,730840,82369,16042
2022-05,Export,iron_steel_73,730890,1346308,134851
2022-05,Export,iron_steel_73,730900,763567,69620
2022-05,Export,iron_steel_73,731010,1084200,199588
2022-05,Export,iron_steel_73,731021,707693,158035
2022-05,Export,iron_steel_73,731029,435477,16598
2022-05,Export,iron_steel_73,731100,3012557,244634
2022-05,Export,iron_steel_73,731815,10088768,508169
2022-05,Export,iron_steel_73,731816,5898436,116673
2022-05,Export,iron_steel_73,731822,1694517,168194
2022-05,Export,iron_steel_73,731823,1365049,39674
2022-05,Export,iron_steel_73,732690,32326521,2347005
2022-06,Export,aluminum_76,760110,50485,17422
2022-06,Export,aluminum_76,760120,2729572,568208
2022-06,Export,aluminum_76,760310,711641,134250
2022-06,Export,aluminum_76,760320,32610,2926
2022-06,Export,aluminum_76,760410,135496,3614
2022-06,Export,aluminum_76,760421,330855,32526
2022-06,Export,aluminum_76,760429,2707773,216135
2022-06,Export,aluminum_76,760519,168135,20323
2022-06,Export,aluminum_76,760521,527805,0
2022-06,Export,aluminum_76,760529,1015133,119437
2022-06,Export,aluminum_76,760611,114207,13667
2022-06,Export,aluminum_76,760612,17452577,1747190
2022-06,Export,aluminum_76,760691,24936,3224
2022-06,Export,aluminum_76,760692,75892,4329
2022-06,Export,aluminum_76,760711,1054390,259773
2022-06,Export,aluminum_76,760719,850703,11758
2022-06,Export,aluminum_76,760720,1765092,166293
2022-06,Export,aluminum_76,760810,27307,2639
2022-06,Export,aluminum_76,760820,858410,93654
2022-06,Export,aluminum_76,760900,896671,26877
2022-06,Export,aluminum_76,761010,99280,8786
2022-06,Export,aluminum_76,761100,4500,49
2022-06,Export,aluminum_76,761210,32209,1017
2022-06,Export,aluminum_76,761290,875824,87149
2022-06,Export,aluminum_76,761300,1651164,25839
2022-06,Export,aluminum_76,761490,2506856,97492
2022-06,Export,aluminum_76,761610,2104454,28393
2022-06,Export,aluminum_76,761691,119092,7401
2022-06,Export,aluminum_76,761699,13891678,548399
2022-06,Export,cement_2523,250700,16171415,46277475
2022-06,Export,cement_2523,252321,59824,32999
2022-06,Export,fertilizers,280800,64173,19283
2022-06,Export,fertilizers,281410,288675,85581
2022-06,Export,fertilizers,281420,7976988,5417651
2022-06,Export,fertilizers,310210,685105,599702
2022-06,Export,fertilizers,310221,229231,375219
2022-06,Export,fertilizers,310230,2932,11000
2022-06,Export,fertilizers,310280,16675040,30000251
2022-06,Export,fertilizers,310510,42303,11709
2022-06,Export,fertilizers,310520,435608,167530
2022-06,Export,fertilizers,310540,4356,1000
2022-06,Export,fertilizers,310590,1319019,128860
2022-06,Export,hydrogen_2804,280410,2685,304
2022-06,Export,iron_steel_72,720110,4119,8088
2022-06,Export,iron_steel_72,720211,5434,458
2022-06,Export,iron_steel_72,720241,4026,5715
2022-06,Export,iron_steel_72,720310,8945,83835
2022-06,Export,iron_steel_72,720390,61405,57976
2022-06,Export,iron_steel_72,720510,405128,0
2022-06,Export,iron_steel_72,720521,2489346,257804
2022-06,Export,iron_steel_72,720529,1443696,867472
2022-06,Export,iron_steel_72,720610,9328,319
2022-06,Export,iron_steel_72,720825,94222,6033
2022-06,Export,iron_steel_72,720839,23833,38275
2022-06,Export,iron_steel_72,720851,7343,114
2022-06,Export,iron_steel_72,720916,42446,43872
2022-06,Export,iron_steel_72,720917,196786,152167
2022-06,Export,iron_steel_72,720926,92311,7246
2022-06,Export,iron_steel_72,720928,29942,0
2022-06,Export,iron_steel_72,721012,170366,313924
2022-06,Export,iron_steel_72,721020,36551,1139
2022-06,Export,iron_steel_72,721049,10776,10813
2022-06,Export,iron_steel_72,721050,180351,164112
2022-06,Export,iron_steel_72,721061,20910,21366
2022-06,Export,iron_steel_72,721070,4422,313
2022-06,Export,iron_steel_72,721090,214256,53273
2022-06,Export,iron_steel_72,721210,27654,16361
2022-06,Export,iron_steel_72,721220,13753,9206
2022-06,Export,iron_steel_72,721240,2526,1312
2022-06,Export,iron_steel_72,721250,1413725,136442
2022-06,Export,iron_steel_72,721260,159568,26191
2022-06,Export,iron_steel_72,721320,347744,13435
2022-06,Export,iron_steel_72,721391,4912,31
2022-06,Export,iron_steel_72,721550,101701,0
2022-06,Export,iron_steel_72,721590,117086,39718
2022-06,Export,iron_steel_72,721632,23500,30000
2022-06,Export,iron_steel_72,721633,8743,4555
2022-06,Export,iron_steel_72,721661,4054,232
2022-06,Export,iron_steel_72,721691,128615,125224
2022-06,Export,iron_steel_72,721699,74547,8078
2022-06,Export,iron_steel_72,721710,156463,226392
2022-06,Export,iron_steel_72,721720,8317,73
2022-06,Export,iron_steel_72,721810,741325,11565
2022-06,Export,iron_steel_72,721931,6866,352
2022-06,Export,iron_steel_72,722100,15047,846
2022-06,Export,iron_steel_72,722300,2622837,22214
2022-06,Export,iron_steel_72,722410,679269,93792
2022-06,Export,iron_steel_72,722530,39583,25193
2022-06,Export,iron_steel_72,722550,7200,1178
2022-06,Export,iron_steel_73,730120,1564956,157933
2022-06,Export,iron_steel_73,730210,102711,67571
2022-06,Export,iron_steel_73,730290,54286,13182
2022-06,Export,iron_steel_73,730300,44821,3761
2022-06,Export,iron_steel_73,730419,291053,265736
2022-06,Export,iron_steel_73,730439,255739,85438
2022-06,Export,iron_steel_73,730531,36025,17305
2022-06,Export,iron_steel_73,730590,54205,193
2022-06,Export,iron_steel_73,730630,403727,66114
2022-06,Export,iron_steel_73,730721,771981,23220
2022-06,Export,iron_steel_73,730791,186238,11069
2022-06,Export,iron_steel_73,730820,16588,5894
2022-06,Export,iron_steel_73,730830,227344,12842
2022-06,Export,iron_steel_73,730840,80511,18198
2022-06,Export,iron_steel_73,730890,1238183,225070
2022-06,Export,iron_steel_73,730900,1683488,248342
2022-06,Export,iron_steel_73,731010,833059,83282
2022-06,Export,iron_steel_73,731021,7876080,220121
2022-06,Export,iron_steel_73,731029,388244,34340
2022-06,Export,iron_steel_73,731100,1465325,85295
2022-06,Export,iron_steel_73,731815,9671399,448136
2022-06,Export,iron_steel_73,731816,5822005,120839
2022-06,Export,iron_steel_73,731822,2303398,193513
2022-06,Export,iron_steel_73,731823,1333145,44155
2022-06,Export,iron_steel_73,732690,32708479,2275250
2022-07,Export,aluminum_76,760110,89747,32068
2022-07,Export,aluminum_76,760120,1325492,248683
2022-07,Export,aluminum_76,760310,176440,16640
2022-07,Export,aluminum_76,760320,29276,5047
2022-07,Export,aluminum_76,760410,51310,899
2022-07,Export,aluminum_76,760421,287920,12985
2022-07,Export,aluminum_76,760429,2642596,149522
2022-07,Export,aluminum_76,760519,220566,25869
2022-07,Export,aluminum_76,760521,787316,1084
2022-07,Export,aluminum_76,760529,425034,47064
2022-07,Export,aluminum_76,760611,477258,46899
2022-07,Export,aluminum_76,760612,16187494,1292519
2022-07,Export,aluminum_76,760691,8320,258
2022-07,Export,aluminum_76,760692,50262,2685
2022-07,Export,aluminum_76,760711,777396,168812
2022-07,Export,aluminum_76,760719,359016,13398
2022-07,Export,aluminum_76,760720,1833573,197451
2022-07,Export,aluminum_76,760810,97500,2150
2022-07,Export,aluminum_76,760820,1160655,110975
2022-07,Export,aluminum_76,760900,832297,22698
2022-07,Export,aluminum_76,761010,46109,2591
2022-07,Export,aluminum_76,761100,5000,4990
2022-07,Export,aluminum_76,761210,62978,2113
2022-07,Export,aluminum_76,761290,790073,140604
2022-07,Export,aluminum_76,761300,2173113,31027
2022-07,Export,aluminum_76,761410,2597,649
2022-07,Export,aluminum_76,761490,1351690,52782
2022-07,Export,aluminum_76,761610,2237859,38623
2022-07,Export,aluminum_76,761691,188252,15718
2022-07,Export,aluminum_76,761699,14458513,644217
2022-07,Export,cement_2523,250700,7724852,19353706
2022-07,Export,cement_2523,252310,19683,22571
2022-07,Export,cement_2523,252329,21648,98400
2022-07,Export,cement_2523,252390,24142,26213
2022-07,Export,fertilizers,280800,34400,9910
2022-07,Export,fertilizers,281410,21681060,58856089
2022-07,Export,fertilizers,281420,365655,246468
2022-07,Export,fertilizers,310210,30146701,51105817
2022-07,Export,fertilizers,310221,109948,323124
2022-07,Export,fertilizers,310280,5848200,58483333
2022-07,Export,fertilizers,310290,458126,13156
2022-07,Export,fertilizers,310510,120313,43914
2022-07,Export,fertilizers,310520,401971,203468
2022-07,Export,fertilizers,310590,257874,66625
2022-07,Export,iron_steel_72,260112,9859249,82598785
2022-07,Export,iron_steel_72,720390,29078008,93836055
2022-07,Export,iron_steel_72,720510,506798,61411
2022-07,Export,iron_steel_72,720521,2540870,195427
2022-07,Export,iron_steel_72,720529,1259867,788609
2022-07,Export,iron_steel_72,720610,7253,272
2022-07,Export,iron_steel_72,720810,4200,3908
2022-07,Export,iron_steel_72,720826,3046,4349
2022-07,Export,iron_steel_72,720839,18370,29502
2022-07,Export,iron_steel_72,720853,2990,4646
2022-07,Export,iron_steel_72,720890,7128,1206
2022-07,Export,iron_steel_72,720915,3429,1388
2022-07,Export,iron_steel_72,720917,129448,109352
2022-07,Export,iron_steel_72,720918,36290,4540
2022-07,Export,iron_steel_72,720928,27659,42929
2022-07,Export,iron_steel_72,721012,101918,144004
2022-07,Export,iron_steel_72,721020,83490,6062
2022-07,Export,iron_steel_72,721041,3179,726
2022-07,Export,iron_steel_72,721061,52888,47188
2022-07,Export,iron_steel_72,721069,28168,14337
2022-07,Export,iron_steel_72,721070,26136,5758
2022-07,Export,iron_steel_72,721240,25732,13366
2022-07,Export,iron_steel_72,721250,2690483,335277
2022-07,Export,iron_steel_72,721260,18497,4059
2022-07,Export,iron_steel_72,721320,135406,23546
2022-07,Export,iron_steel_72,721391,9277,89
2022-07,Export,iron_steel_72,721510,9203,1088
2022-07,Export,iron_steel_72,721550,302458,0
2022-07,Export,iron_steel_72,721590,180607,46695
2022-07,Export,iron_steel_72,721610,12398,12398
2022-07,Export,iron_steel_72,721631,4382,4382
2022-07,Export,iron_steel_72,721632,28500,42098
2022-07,Export,iron_steel_72,721633,6260,2930
2022-07,Export,iron_steel_72,721640,2743,1632
2022-07,Export,iron_steel_72,721650,96090,127989
2022-07,Export,iron_steel_72,721691,85412,83160
2022-07,Export,iron_steel_72,721699,18352,559
2022-07,Export,iron_steel_72,721710,255727,176680
2022-07,Export,iron_steel_72,721810,1292427,82522
2022-07,Export,iron_steel_72,721931,3226,194
2022-07,Export,iron_steel_72,722100,20168,2405
2022-07,Export,iron_steel_72,722300,1723293,9428
2022-07,Export,iron_steel_72,722410,1348784,238767
2022-07,Export,iron_steel_72,722550,19902,9185
2022-07,Export,iron_steel_73,730110,317249,1096
2022-07,Export,iron_steel_73,730120,1002426,217195
2022-07,Export,iron_steel_73,730210,66300,41503
2022-07,Export,iron_steel_73,730300,37366,5500
2022-07,Export,iron_steel_73,730419,276826,298437
2022-07,Export,iron_steel_73,730439,341807,414221
2022-07,Export,iron_steel_73,730531,17022,2312
2022-07,Export,iron_steel_73,730590,51432,192
2022-07,Export,iron_steel_73,730619,231580,91930
2022-07,Export,iron_steel_73,730630,675767,107589
2022-07,Export,iron_steel_73,730721,616413,15989
2022-07,Export,iron_steel_73,730791,230734,11971
2022-07,Export,iron_steel_73,730820,3392,1205
2022-07,Export,iron_steel_73,730830,81640,18853
2022-07,Export,iron_steel_73,730840,202963,44736
2022-07,Export,iron_steel_73,730890,1418487,178770
2022-07,Export,iron_steel_73,730900,2281067,76259
2022-07,Export,iron_steel_73,731010,376508,58319
2022-07,Export,iron_steel_73,731021,754338,140879
2022-07,Export,iron_steel_73,731029,525548,25154
2022-07,Export,iron_steel_73,731100,2756799,110683
2022-07,Export,iron_steel_73,731815,11061828,509206
2022-07,Export,iron_steel_73,731816,5539950,122380
2022-07,Export,iron_steel_73,731822,1429347,145626
2022-07,Export,iron_steel_73,731823,1000135,50276
2022-07,Export,iron_steel_73,732690,31868834,2213736
2022-08,Export,aluminum_76,760110,36288,14818
2022-08,Export,aluminum_76,760120,7197104,1272660
2022-08,Export,aluminum_76,760310,878398,102903
2022-08,Export,aluminum_76,760320,60627,8220
2022-08,Export,aluminum_76,760410,141568,6861
2022-08,Export,aluminum_76,760421,313043,23479
2022-08,Export,aluminum_76,760429,3845828,269252
2022-08,Export,aluminum_76,760519,179027,22109
2022-08,Export,aluminum_76,760521,864980,0
2022-08,Export,aluminum_76,760529,364026,46174
2022-08,Export,aluminum_76,760611,335609,22774
2022-08,Export,aluminum_76,760612,10598616,1042775
2022-08,Export,aluminum_76,760691,85131,27901
2022-08,Export,aluminum_76,760692,89319,3068
2022-08,Export,aluminum_76,760711,325200,25566
2022-08,Export,aluminum_76,760719,333051,13643
2022-08,Export,aluminum_76,760720,1680808,114247
2022-08,Export,aluminum_76,760810,26959,5210
2022-08,Export,aluminum_76,760820,813021,93213
2022-08,Export,aluminum_76,760900,1232062,35857
2022-08,Export,aluminum_76,761010,179666,23939
2022-08,Export,aluminum_76,761100,15433,70
2022-08,Export,aluminum_76,761210,134722,995
2022-08,Export,aluminum_76,761290,743894,95119
2022-08,Export,aluminum_76,761300,2077040,32594
2022-08,Export,aluminum_76,761410,12331,3079
2022-08,Export,aluminum_76,761490,28279,6352
2022-08,Export,aluminum_76,761610,2248988,35044
2022-08,Export,aluminum_76,761691,100516,8388
2022-08,Export,aluminum_76,761699,14411002,625690
2022-08,Export,cement_2523,250700,14227919,46997198
2022-08,Export,cement_2523,252329,4510,32800
2022-08,Export,cement_2523,252390,39410,51982
2022-08,Export,fertilizers,280800,8444,152
2022-08,Export,fertilizers,281410,16070816,52294099
2022-08,Export,fertilizers,281420,429365,287512
2022-08,Export,fertilizers,310210,569329,496431
2022-08,Export,fertilizers,310221,6696,1147
2022-08,Export,fertilizers,310230,11968620,27201410
2022-08,Export,fertilizers,310280,83838363,261673708
2022-08,Export,fertilizers,310290,9624,1000
2022-08,Export,fertilizers,310510,50196,19578
2022-08,Export,fertilizers,310520,513084,183407
2022-08,Export,fertilizers,310540,4017,4000
2022-08,Export,fertilizers,310590,266156,108688
2022-08,Export,iron_steel_72,720211,2717,225
2022-08,Export,iron_steel_72,720310,3793167,42519530
2022-08,Export,iron_steel_72,720390,20664166,82541400
2022-08,Export,iron_steel_72,720510,9969,0
2022-08,Export,iron_steel_72,720521,2649623,350810
2022-08,Export,iron_steel_72,720529,563544,894225
2022-08,Export,iron_steel_72,720610,8587,227
2022-08,Export,iron_steel_72,720826,5463,2999
2022-08,Export,iron_steel_72,720851,167250,59616
2022-08,Export,iron_steel_72,720890,7435,345
2022-08,Export,iron_steel_72,720915,6211,9809
2022-08,Export,iron_steel_72,720917,188635,69113
2022-08,Export,iron_steel_72,720918,102890,13958
2022-08,Export,iron_steel_72,720926,7303,0
2022-08,Export,iron_steel_72,721020,68536,2078
2022-08,Export,iron_steel_72,721041,16000,14034
2022-08,Export,iron_steel_72,721049,172164,171113
2022-08,Export,iron_steel_72,721061,27210,21752
2022-08,Export,iron_steel_72,721210,19500,6148
2022-08,Export,iron_steel_72,721240,22594,9768
2022-08,Export,iron_steel_72,721250,1661832,147748
2022-08,Export,iron_steel_72,721260,101371,6089
2022-08,Export,iron_steel_72,721320,162047,3160
2022-08,Export,iron_steel_72,721391,12884,220
2022-08,Export,iron_steel_72,721510,4892,5021
2022-08,Export,iron_steel_72,721550,93860,3112
2022-08,Export,iron_steel_72,721590,150361,52544
2022-08,Export,iron_steel_72,721621,3061,2861
2022-08,Export,iron_steel_72,721691,1002603,419872
2022-08,Export,iron_steel_72,721699,137419,36946
2022-08,Export,iron_steel_72,721710,40637,39605
2022-08,Export,iron_steel_72,721810,256427,2756
2022-08,Export,iron_steel_72,721911,2675,190
2022-08,Export,iron_steel_72,721931,12688,2774
2022-08,Export,iron_steel_72,722100,86558,4879
2022-08,Export,iron_steel_72,722300,2888448,17532
2022-08,Export,iron_steel_72,722410,321049,37835
2022-08,Export,iron_steel_72,722550,27180,3487
2022-08,Export,iron_steel_73,730110,446408,2390
2022-08,Export,iron_steel_73,730120,852198,148887
2022-08,Export,iron_steel_73,730210,37718,32798
2022-08,Export,iron_steel_73,730230,300000,80165
2022-08,Export,iron_steel_73,730290,3704,684
2022-08,Export,iron_steel_73,730300,22929,280
2022-08,Export,iron_steel_73,730419,367647,367515
2022-08,Export,iron_steel_73,730439,285394,260316
2022-08,Export,iron_steel_73,730539,246912,5371
2022-08,Export,iron_steel_73,730590,21811,95
2022-08,Export,iron_steel_73,730619,7332,2361
2022-08,Export,iron_steel_73,730630,520788,99320
2022-08,Export,iron_steel_73,730721,747451,13541
2022-08,Export,iron_steel_73,730791,171631,14432
2022-08,Export,iron_steel_73,730820,140807,37435
2022-08,Export,iron_steel_73,730830,140488,6137
2022-08,Export,iron_steel_73,730840,742871,103880
2022-08,Export,iron_steel_73,730890,1022558,116537
2022-08,Export,iron_steel_73,730900,3378116,213031
2022-08,Export,iron_steel_73,731010,1002299,238992
2022-08,Export,iron_steel_73,731021,297716,52674
2022-08,Export,iron_steel_73,731029,296765,33354
2022-08,Export,iron_steel_73,731100,2908646,150770
2022-08,Export,iron_steel_73,731815,12522561,536548
2022-08,Export,iron_steel_73,731816,6473181,148477
2022-08,Export,iron_steel_73,731822,2241886,197230
2022-08,Export,iron_steel_73,731823,1004524,49946
2022-08,Export,iron_steel_73,732690,33083040,2319898
2022-09,Export,aluminum_76,760110,134850,41977
2022-09,Export,aluminum_76,760120,8409344,1846626
2022-09,Export,aluminum_76,760310,255170,29656
2022-09,Export,aluminum_76,760320,22347,1742
2022-09,Export,aluminum_76,760410,713502,24957
2022-09,Export,aluminum_76,760421,169758,10107
2022-09,Export,aluminum_76,760429,3026301,242936
2022-09,Export,aluminum_76,760511,5000,148
2022-09,Export,aluminum_76,760519,71762,10227
2022-09,Export,aluminum_76,760521,1326541,0
2022-09,Export,aluminum_76,760529,418265,47169
2022-09,Export,aluminum_76,760611,493821,36394
2022-09,Export,aluminum_76,760612,8081353,727473
2022-09,Export,aluminum_76,760691,36869,4181
2022-09,Export,aluminum_76,760692,196065,30777
2022-09,Export,aluminum_76,760711,554095,178586
2022-09,Export,aluminum_76,760719,266453,15250
2022-09,Export,aluminum_76,760720,2530447,250050
2022-09,Export,aluminum_76,760810,5500,654
2022-09,Export,aluminum_76,760820,710229,83454
2022-09,Export,aluminum_76,760900,1015565,45343
2022-09,Export,aluminum_76,761010,112376,7199
2022-09,Export,aluminum_76,761100,17978,4977
2022-09,Export,aluminum_76,761210,51708,835
2022-09,Export,aluminum_76,761290,749649,115535
2022-09,Export,aluminum_76,761300,1674730,34320
2022-09,Export,aluminum_76,761490,6101,63
2022-09,Export,aluminum_76,761610,1777424,27854
2022-09,Export,aluminum_76,761691,138895,10108
2022-09,Export,aluminum_76,761699,12518619,512295
2022-09,Export,cement_2523,250700,12522553,22783718
2022-09,Export,cement_2523,252321,5922,2050
2022-09,Export,cement_2523,252329,16446,18450
2022-09,Export,cement_2523,252390,61121,152725
2022-09,Export,fertilizers,280800,32912,9597
2022-09,Export,fertilizers,281410,15312457,22043370
2022-09,Export,fertilizers,281420,212383,131423
2022-09,Export,fertilizers,283421,15717,4225
2022-09,Export,fertilizers,310210,41024427,99668961
2022-09,Export,fertilizers,310280,54212343,136298131
2022-09,Export,fertilizers,310290,77876,20919
2022-09,Export,fertilizers,310510,351577,83814
2022-09,Export,fertilizers,310520,958233,514961
2022-09,Export,fertilizers,310559,71968,12029
2022-09,Export,fertilizers,310590,356851,53778
2022-09,Export,hydrogen_2804,280410,3185,27
2022-09,Export,iron_steel_72,260112,22720338,201776860
2022-09,Export,iron_steel_72,720241,3645,5174
2022-09,Export,iron_steel_72,720390,104278,104535
2022-09,Export,iron_steel_72,720510,31190,5719
2022-09,Export,iron_steel_72,720521,3278199,388485
2022-09,Export,iron_steel_72,720529,820173,448465
2022-09,Export,iron_steel_72,720851,4432,5000
2022-09,Export,iron_steel_72,720890,5544,939
2022-09,Export,iron_steel_72,720917,143067,60909
2022-09,Export,iron_steel_72,720990,51571,43980
2022-09,Export,iron_steel_72,721012,90000,250634
2022-09,Export,iron_steel_72,721020,79061,11755
2022-09,Export,iron_steel_72,721030,6540,17841
2022-09,Export,iron_steel_72,721049,335597,269305
2022-09,Export,iron_steel_72,721050,129300,101322
2022-09,Export,iron_steel_72,721061,20910,21366
2022-09,Export,iron_steel_72,721070,16783,1869
2022-09,Export,iron_steel_72,721090,135961,33608
2022-09,Export,iron_steel_72,721240,8381,1415
2022-09,Export,iron_steel_72,721250,1535527,178493
2022-09,Export,iron_steel_72,721260,258977,69159
2022-09,Export,iron_steel_72,721320,19199,148
2022-09,Export,iron_steel_72,721391,8082,102
2022-09,Export,iron_steel_72,721550,331938,80311
2022-09,Export,iron_steel_72,721590,25726,7601
2022-09,Export,iron_steel_72,721610,110657,32666
2022-09,Export,iron_steel_72,721632,37622,64434
2022-09,Export,iron_steel_72,721650,79305,105632
2022-09,Export,iron_steel_72,721691,35536,34601
2022-09,Export,iron_steel_72,721699,120979,25728
2022-09,Export,iron_steel_72,721710,127825,100202
2022-09,Export,iron_steel_72,721810,489258,4215
2022-09,Export,iron_steel_72,721911,85985,4670
2022-09,Export,iron_steel_72,721931,17929,4721
2022-09,Export,iron_steel_72,722100,320043,23571
2022-09,Export,iron_steel_72,722300,2115668,21343
2022-09,Export,iron_steel_72,722410,1445750,154261
2022-09,Export,iron_steel_72,722511,4331,2856
2022-09,Export,iron_steel_72,722530,155057,89370
2022-09,Export,iron_steel_72,722550,7143,7404
2022-09,Export,iron_steel_73,730110,109873,1303
2022-09,Export,iron_steel_73,730120,1032335,217873
2022-09,Export,iron_steel_73,730210,108813,39403
2022-09,Export,iron_steel_73,730230,9660,1180
2022-09,Export,iron_steel_73,730300,15563,0
2022-09,Export,iron_steel_73,730419,453829,411580
2022-09,Export,iron_steel_73,730439,377427,323821
2022-09,Export,iron_steel_73,730531,12285,503
2022-09,Export,iron_steel_73,730590,30341,242
2022-09,Export,iron_steel_73,730619,69917,2097
2022-09,Export,iron_steel_73,730630,299920,73270
2022-09,Export,iron_steel_73,730721,778166,17438
2022-09,Export,iron_steel_73,730791,218080,6921
2022-09,Export,iron_steel_73,730810,2647,681
2022-09,Export,iron_steel_73,730820,53568,19033
2022-09,Export,iron_steel_73,730830,146047,11175
2022-09,Export,iron_steel_73,730840,76453,10351
2022-09,Export,iron_steel_73,730890,1742603,282298
2022-09,Export,iron_steel_73,730900,2695073,85981
2022-09,Export,iron_steel_73,731010,1238475,377392
2022-09,Export,iron_steel_73,731021,13044,1825
2022-09,Export,iron_steel_73,731029,608145,93541
2022-09,Export,iron_steel_73,731100,4507636,197777
2022-09,Export,iron_steel_73,731815,12145906,688501
2022-09,Export,iron_steel_73,731816,7140764,183638
2022-09,Export,iron_steel_73,731822,1256049,124386
2022-09,Export,iron_steel_73,731823,2027655,55810
2022-09,Export,iron_steel_73,732690,32578489,2013321
2022-10,Export,aluminum_76,760110,38351,10637
2022-10,Export,aluminum_76,760120,9756431,2521402
2022-10,Export,aluminum_76,760310,803730,156446
2022-10,Export,aluminum_76,760320,16680,1378
2022-10,Export,aluminum_76,760410,221950,28819
2022-10,Export,aluminum_76,760421,304263,26967
2022-10,Export,aluminum_76,760429,4181192,309023
2022-10,Export,aluminum_76,760519,164949,26595
2022-10,Export,aluminum_76,760521,266881,0
2022-10,Export,aluminum_76,760529,349370,52896
2022-10,Export,aluminum_76,760611,322622,18603
2022-10,Export,aluminum_76,760612,9442870,792276
2022-10,Export,aluminum_76,760691,17089,395
2022-10,Export,aluminum_76,760692,32766,4555
2022-10,Export,aluminum_76,760711,602560,60051
2022-10,Export,aluminum_76,760719,402377,17433
2022-10,Export,aluminum_76,760720,1697397,92246
2022-10,Export,aluminum_76,760810,69698,1701
2022-10,Export,aluminum_76,760820,1233448,142453
2022-10,Export,aluminum_76,760900,1069040,55148
2022-10,Export,aluminum_76,761010,73295,9461
2022-10,Export,aluminum_76,761100,32008,916
2022-10,Export,aluminum_76,761210,87506,459
2022-10,Export,aluminum_76,761290,915952,151695
2022-10,Export,aluminum_76,761300,1410738,18261
2022-10,Export,aluminum_76,761490,16699,3094
2022-10,Export,aluminum_76,761610,1927905,36031
2022-10,Export,aluminum_76,761691,376172,15439
2022-10,Export,aluminum_76,761699,15281919,621318
2022-10,Export,cement_2523,250700,14488697,47683751
2022-10,Export,cement_2523,252321,83279,18961
2022-10,Export,cement_2523,252329,3575,15375
2022-10,Export,cement_2523,252330,24868,43050
2022-10,Export,cement_2523,252390,27470,19160
2022-10,Export,fertilizers,280800,38221,11858
2022-10,Export,fertilizers,281410,15566571,14260542
2022-10,Export,fertilizers,281420,33818,39562
2022-10,Export,fertilizers,310210,714340,600795
2022-10,Export,fertilizers,310230,19580304,32517552
2022-10,Export,fertilizers,310280,96580643,231182087
2022-10,Export,fertilizers,310290,9084,2000
2022-10,Export,fertilizers,310510,50837,554
2022-10,Export,fertilizers,310520,519761,319451
2022-10,Export,fertilizers,310590,669950,158254
2022-10,Export,iron_steel_72,260112,9781504,112949580
2022-10,Export,iron_steel_72,720390,1835496,1915562
2022-10,Export,iron_steel_72,720510,216333,1910
2022-10,Export,iron_steel_72,720521,2997229,402489
2022-10,Export,iron_steel_72,720529,1316446,957178
2022-10,Export,iron_steel_72,720610,55993,2298
2022-10,Export,iron_steel_72,720810,4262,6153
2022-10,Export,iron_steel_72,720825,5800,0
2022-10,Export,iron_steel_72,720826,4000,2806
2022-10,Export,iron_steel_72,720851,8197,9247
2022-10,Export,iron_steel_72,720890,26636,2444
2022-10,Export,iron_steel_72,720917,195353,71574
2022-10,Export,iron_steel_72,720918,37387,4654
2022-10,Export,iron_steel_72,720925,7785,11741
2022-10,Export,iron_steel_72,721012,45000,125038
2022-10,Export,iron_steel_72,721020,8592,358
2022-10,Export,iron_steel_72,721049,997174,993979
2022-10,Export,iron_steel_72,721050,48771,46227
2022-10,Export,iron_steel_72,721061,58572,59849
2022-10,Export,iron_steel_72,721070,7025,1570
2022-10,Export,iron_steel_72,721090,79458,18986
2022-10,Export,iron_steel_72,721220,253815,132758
2022-10,Export,iron_steel_72,721250,1584763,154081
2022-10,Export,iron_steel_72,721260,207505,37363
2022-10,Export,iron_steel_72,721320,40432,1241
2022-10,Export,iron_steel_72,721391,28359,5642
2022-10,Export,iron_steel_72,721550,92011,2500
2022-10,Export,iron_steel_72,721590,260872,73205
2022-10,Export,iron_steel_72,721610,6907,656
2022-10,Export,iron_steel_72,721631,4505,1908
2022-10,Export,iron_steel_72,721633,11705,3439
2022-10,Export,iron_steel_72,721691,182052,138576
2022-10,Export,iron_steel_72,721699,168643,38881
2022-10,Export,iron_steel_72,721710,217363,184448
2022-10,Export,iron_steel_72,721810,305860,7209
2022-10,Export,iron_steel_72,721931,5807,301
2022-10,Export,iron_steel_72,722300,1914967,43506
2022-10,Export,iron_steel_72,722410,1566656,183107
2022-10,Export,iron_steel_72,722550,15460,12267
2022-10,Export,iron_steel_73,730110,360115,113132
2022-10,Export,iron_steel_73,730120,1011164,194338
2022-10,Export,iron_steel_73,730300,5237,172
2022-10,Export,iron_steel_73,730419,429229,361915
2022-10,Export,iron_steel_73,730439,472247,205721
2022-10,Export,iron_steel_73,730539,276450,5514
2022-10,Export,iron_steel_73,730590,48363,197
2022-10,Export,iron_steel_73,730619,3571,1807
2022-10,Export,iron_steel_73,730630,357747,44670
2022-10,Export,iron_steel_73,730721,769061,13319
2022-10,Export,iron_steel_73,730791,384129,27463
2022-10,Export,iron_steel_73,730810,2690,692
2022-10,Export,iron_steel_73,730820,86528,8734
2022-10,Export,iron_steel_73,730830,185950,19677
2022-10,Export,iron_steel_73,730840,148643,18588
2022-10,Export,iron_steel_73,730890,2180490,147782
2022-10,Export,iron_steel_73,730900,1366032,96658
2022-10,Export,iron_steel_73,731010,988684,191499
2022-10,Export,iron_steel_73,731021,37431,13424
2022-10,Export,iron_steel_73,731029,943233,8741
2022-10,Export,iron_steel_73,731100,3555723,162882
2022-10,Export,iron_steel_73,731815,10893753,472550
2022-10,Export,iron_steel_73,731816,6730425,163491
2022-10,Export,iron_steel_73,731822,1775149,179213
2022-10,Export,iron_steel_73,731823,1665629,61958
2022-10,Export,iron_steel_73,732690,34242532,2267850
2022-11,Export,aluminum_76,760110,71289,29109
2022-11,Export,aluminum_76,760120,4504440,1087268
2022-11,Export,aluminum_76,760310,475654,113220
2022-11,Export,aluminum_76,760320,36032,2819
2022-11,Export,aluminum_76,760410,221516,20300
2022-11,Export,aluminum_76,760421,687623,36284
2022-11,Export,aluminum_76,760429,3565936,281939
2022-11,Export,aluminum_76,760519,110387,15702
2022-11,Export,aluminum_76,760521,475231,0
2022-11,Export,aluminum_76,760529,485615,76627
2022-11,Export,aluminum_76,760611,375618,21144
2022-11,Export,aluminum_76,760612,10144177,672328
2022-11,Export,aluminum_76,760691,43833,805
2022-11,Export,aluminum_76,760692,62108,5160
2022-11,Export,aluminum_76,760711,120991,9300
2022-11,Export,aluminum_76,760719,596707,31085
2022-11,Export,aluminum_76,760720,1135851,71686
2022-11,Export,aluminum_76,760810,31524,4936
2022-11,Export,aluminum_76,760820,757354,76663
2022-11,Export,aluminum_76,760900,915984,34973
2022-11,Export,aluminum_76,761010,79695,8776
2022-11,Export,aluminum_76,761100,64701,536
2022-11,Export,aluminum_76,761210,86025,2672
2022-11,Export,aluminum_76,761290,790076,169683
2022-11,Export,aluminum_76,761300,1720112,25754
2022-11,Export,aluminum_76,761490,3155,1
2022-11,Export,aluminum_76,761610,2882130,74141
2022-11,Export,aluminum_76,761691,186407,18448
2022-11,Export,aluminum_76,761699,13681918,540181
2022-11,Export,cement_2523,250700,13348206,33339102
2022-11,Export,cement_2523,252321,2772,4502
2022-11,Export,cement_2523,252330,24863,43050
2022-11,Export,fertilizers,280800,32912,9597
2022-11,Export,fertilizers,281410,11822559,13010251
2022-11,Export,fertilizers,281420,41694,27008
2022-11,Export,fertilizers,310210,1723512,1533372
2022-11,Export,fertilizers,310229,40014,17473
2022-11,Export,fertilizers,310280,64005447,159069125
2022-11,Export,fertilizers,310290,115047,12455
2022-11,Export,fertilizers,310510,63308,20310
2022-11,Export,fertilizers,310520,958937,533084
2022-11,Export,fertilizers,310540,3108,1000
2022-11,Export,fertilizers,310590,345356,114982
2022-11,Export,iron_steel_72,260112,12509046,147165250
2022-11,Export,iron_steel_72,720390,25318,19934
2022-11,Export,iron_steel_72,720510,145215,1024
2022-11,Export,iron_steel_72,720521,2321297,187292
2022-11,Export,iron_steel_72,720529,624134,428436
2022-11,Export,iron_steel_72,720610,11115,372
2022-11,Export,iron_steel_72,720810,35675,33191
2022-11,Export,iron_steel_72,720826,7067,7489
2022-11,Export,iron_steel_72,720917,124629,65267
2022-11,Export,iron_steel_72,720918,28436,3565
2022-11,Export,iron_steel_72,720990,32875,28036
2022-11,Export,iron_steel_72,721012,45000,122558
2022-11,Export,iron_steel_72,721020,59957,8553
2022-11,Export,iron_steel_72,721049,344847,349428
2022-11,Export,iron_steel_72,721050,207440,165953
2022-11,Export,iron_steel_72,721061,22180,22664
2022-11,Export,iron_steel_72,721069,350232,178268
2022-11,Export,iron_steel_72,721090,47409,17852
2022-11,Export,iron_steel_72,721240,11153,5794
2022-11,Export,iron_steel_72,721250,1453781,144067
2022-11,Export,iron_steel_72,721260,107342,22707
2022-11,Export,iron_steel_72,721391,24207,541
2022-11,Export,iron_steel_72,721550,176878,858
2022-11,Export,iron_steel_72,721590,196756,55154
2022-11,Export,iron_steel_72,721632,6700,11475
2022-11,Export,iron_steel_72,721633,5087,474
2022-11,Export,iron_steel_72,721650,43897,58470
2022-11,Export,iron_steel_72,721661,4305,2725
2022-11,Export,iron_steel_72,721691,70029,68183
2022-11,Export,iron_steel_72,721699,112805,3677
2022-11,Export,iron_steel_72,721710,182776,55553
2022-11,Export,iron_steel_72,721810,410208,6735
2022-11,Export,iron_steel_72,721911,80048,6144
2022-11,Export,iron_steel_72,721931,176111,20399
2022-11,Export,iron_steel_72,722100,118466,6704
2022-11,Export,iron_steel_72,722300,2901883,77377
2022-11,Export,iron_steel_72,722410,1574798,210415
2022-11,Export,iron_steel_72,722550,41644,18384
2022-11,Export,iron_steel_73,730110,49871,899
2022-11,Export,iron_steel_73,730120,408650,40503
2022-11,Export,iron_steel_73,730210,49324,23160
2022-11,Export,iron_steel_73,730240,141000,91
2022-11,Export,iron_steel_73,730300,3793,16
2022-11,Export,iron_steel_73,730419,720994,811918
2022-11,Export,iron_steel_73,730439,281911,283907
2022-11,Export,iron_steel_73,730511,3925,206
2022-11,Export,iron_steel_73,730531,9450,386
2022-11,Export,iron_steel_73,730590,71744,289
2022-11,Export,iron_steel_73,730619,6953,74
2022-11,Export,iron_steel_73,730630,660763,148641
2022-11,Export,iron_steel_73,730721,936584,24489
2022-11,Export,iron_steel_73,730791,342264,30035
2022-11,Export,iron_steel_73,730820,113711,25409
2022-11,Export,iron_steel_73,730830,321580,23143
2022-11,Export,iron_steel_73,730840,10003,1844
2022-11,Export,iron_steel_73,730890,1518904,147736
2022-11,Export,iron_steel_73,730900,1422887,217142
2022-11,Export,iron_steel_73,731010,1232307,133978
2022-11,Export,iron_steel_73,731021,77065,44645
2022-11,Export,iron_steel_73,731029,337527,19158
2022-11,Export,iron_steel_73,731100,2154200,113725
2022-11,Export,iron_steel_73,731815,13351826,469951
2022-11,Export,iron_steel_73,731816,4569235,102247
2022-11,Export,iron_steel_73,731822,1708682,170035
2022-11,Export,iron_steel_73,731823,1986628,69870
2022-11,Export,iron_steel_73,732690,30270661,1980115
2022-12,Export,aluminum_76,760110,46846,10983
2022-12,Export,aluminum_76,760120,4015885,695035
2022-12,Export,aluminum_76,760310,715242,113334
2022-12,Export,aluminum_76,760320,28384,1956
2022-12,Export,aluminum_76,760410,172843,8942
2022-12,Export,aluminum_76,760421,306756,19933
2022-12,Export,aluminum_76,760429,3004155,201837
2022-12,Export,aluminum_76,760519,1165012,24854
2022-12,Export,aluminum_76,760521,391288,0
2022-12,Export,aluminum_76,760529,195207,28471
2022-12,Export,aluminum_76,760611,365959,28322
2022-12,Export,aluminum_76,760612,12242703,1036717
2022-12,Export,aluminum_76,760691,51444,4352
2022-12,Export,aluminum_76,760692,239134,15227
2022-12,Export,aluminum_76,760711,186312,9439
2022-12,Export,aluminum_76,760719,467682,14098
2022-12,Export,aluminum_76,760720,1332968,86432
2022-12,Export,aluminum_76,760810,61978,6492
2022-12,Export,aluminum_76,760820,666012,60943
2022-12,Export,aluminum_76,760900,1324495,81301
2022-12,Export,aluminum_76,761010,45404,6642
2022-12,Export,aluminum_76,761100,49307,1088
2022-12,Export,aluminum_76,761210,121667,6928
2022-12,Export,aluminum_76,761290,1632107,269005
2022-12,Export,aluminum_76,761300,1815698,29517
2022-12,Export,aluminum_76,761490,10140,5
2022-12,Export,aluminum_76,761610,1871851,33000
2022-12,Export,aluminum_76,761691,127230,10815
2022-12,Export,aluminum_76,761699,12273989,462537
2022-12,Export,cement_2523,250700,10385503,34371585
2022-12,Export,cement_2523,252310,12474,12077
2022-12,Export,fertilizers,280800,46164,2768
2022-12,Export,fertilizers,281410,12614012,14001343
2022-12,Export,fertilizers,281420,180871,107216
2022-12,Export,fertilizers,310210,4281687,6701360
2022-12,Export,fertilizers,310221,1984278,5453000
2022-12,Export,fertilizers,310230,9846479,18503203
2022-12,Export,fertilizers,310280,32274455,66888950
2022-12,Export,fertilizers,310290,78179,19571
2022-12,Export,fertilizers,310510,136363,31422
2022-12,Export,fertilizers,310520,1931221,883716
2022-12,Export,fertilizers,310551,5439,2000
2022-12,Export,fertilizers,310559,4571,12000
2022-12,Export,fertilizers,310590,446737,84847
2022-12,Export,hydrogen_2804,280410,2525,1094
2022-12,Export,iron_steel_72,720211,2716,227
2022-12,Export,iron_steel_72,720390,33233,30015
2022-12,Export,iron_steel_72,720510,438303,59318
2022-12,Export,iron_steel_72,720521,1933823,229102
2022-12,Export,iron_steel_72,720529,792979,1000126
2022-12,Export,iron_steel_72,720836,20570,34624
2022-12,Export,iron_steel_72,720852,5721,6387
2022-12,Export,iron_steel_72,720890,13944,2361
2022-12,Export,iron_steel_72,720915,12312,19445
2022-12,Export,iron_steel_72,720916,11414,13488
2022-12,Export,iron_steel_72,720918,23842,2925
2022-12,Export,iron_steel_72,720926,21557,7266
2022-12,Export,iron_steel_72,720927,3866,0
2022-12,Export,iron_steel_72,721012,215719,400451
2022-12,Export,iron_steel_72,721020,38819,4135
2022-12,Export,iron_steel_72,721049,607543,568137
2022-12,Export,iron_steel_72,721050,446393,451377
2022-12,Export,iron_steel_72,721061,20850,21305
2022-12,Export,iron_steel_72,721070,24495,5562
2022-12,Export,iron_steel_72,721090,79538,19387
2022-12,Export,iron_steel_72,721220,9117,4211
2022-12,Export,iron_steel_72,721240,2701,594
2022-12,Export,iron_steel_72,721250,1136042,90778
2022-12,Export,iron_steel_72,721260,92945,38919
2022-12,Export,iron_steel_72,721320,27611,8856
2022-12,Export,iron_steel_72,721391,11249,40
2022-12,Export,iron_steel_72,721550,4228,1572
2022-12,Export,iron_steel_72,721590,72666,31039
2022-12,Export,iron_steel_72,721621,11439,10316
2022-12,Export,iron_steel_72,721633,4457,2342
2022-12,Export,iron_steel_72,721640,2850,2000
2022-12,Export,iron_steel_72,721691,35367,34435
2022-12,Export,iron_steel_72,721699,203022,24133
2022-12,Export,iron_steel_72,721710,328881,110985
2022-12,Export,iron_steel_72,721720,6400,814
2022-12,Export,iron_steel_72,721810,740418,22569
2022-12,Export,iron_steel_72,721931,13504,3652
2022-12,Export,iron_steel_72,722100,54172,2954
2022-12,Export,iron_steel_72,722300,2445619,54291
2022-12,Export,iron_steel_72,722410,2217256,156606
2022-12,Export,iron_steel_73,730110,255255,868
2022-12,Export,iron_steel_73,730120,904367,93342
2022-12,Export,iron_steel_73,730210,139140,77499
2022-12,Export,iron_steel_73,730300,26535,303
2022-12,Export,iron_steel_73,730419,96078,69724
2022-12,Export,iron_steel_73,730439,215228,79361
2022-12,Export,iron_steel_73,730512,4658,2165
2022-12,Export,iron_steel_73,730531,7511,3349
2022-12,Export,iron_steel_73,730619,40551,1216
2022-12,Export,iron_steel_73,730630,457853,103741
2022-12,Export,iron_steel_73,730721,1094063,18483
2022-12,Export,iron_steel_73,730791,367682,11996
2022-12,Export,iron_steel_73,730810,3657,925
2022-12,Export,iron_steel_73,730820,173367,61534
2022-12,Export,iron_steel_73,730830,380314,9269
2022-12,Export,iron_steel_73,730840,11799,1520
2022-12,Export,iron_steel_73,730890,1539438,109410
2022-12,Export,iron_steel_73,730900,2757297,292684
2022-12,Export,iron_steel_73,731010,1556747,129401
2022-12,Export,iron_steel_73,731021,12020,1464
2022-12,Export,iron_steel_73,731029,524680,16275
2022-12,Export,iron_steel_73,731100,2551314,231441
2022-12,Export,iron_steel_73,731815,11351711,495755
2022-12,Export,iron_steel_73,731816,5934356,133406
2022-12,Export,iron_steel_73,731822,1818296,196148
2022-12,Export,iron_steel_73,731823,1315106,42174
2022-12,Export,iron_steel_73,732690,32356664,2158429
2023-01,Export,aluminum_76,760110,296895,115151
2023-01,Export,aluminum_76,760120,4256624,1167587
2023-01,Export,aluminum_76,760310,1062359,195806
2023-01,Export,aluminum_76,760320,9730,963
2023-01,Export,aluminum_76,760410,172689,7481
2023-01,Export,aluminum_76,760421,313169,22996
2023-01,Export,aluminum_76,760429,5891109,419354
2023-01,Export,aluminum_76,760519,180717,23029
2023-01,Export,aluminum_76,760521,1713164,0
2023-01,Export,aluminum_76,760529,34548,4505
2023-01,Export,aluminum_76,760611,103078,12793
2023-01,Export,aluminum_76,760612,13093947,648909
2023-01,Export,aluminum_76,760691,34614,2063
2023-01,Export,aluminum_76,760692,77643,7342
2023-01,Export,aluminum_76,760711,158439,4179
2023-01,Export,aluminum_76,760719,526252,18054
2023-01,Export,aluminum_76,760720,1065761,76524
2023-01,Export,aluminum_76,760810,8179,403
2023-01,Export,aluminum_76,760820,439349,30748
2023-01,Export,aluminum_76,760900,1182307,36010
2023-01,Export,aluminum_76,761010,42958,4698
2023-01,Export,aluminum_76,761290,1536437,211664
2023-01,Export,aluminum_76,761300,2084129,21431
2023-01,Export,aluminum_76,761490,3097,162
2023-01,Export,aluminum_76,761610,6867398,34542
2023-01,Export,aluminum_76,761691,117042,9837
2023-01,Export,aluminum_76,761699,13396700,414279
2023-01,Export,cement_2523,250700,12790418,24872223
2023-01,Export,cement_2523,252321,28539,40435
2023-01,Export,cement_2523,252329,30375,224475
2023-01,Export,cement_2523,252390,27541,19161
2023-01,Export,fertilizers,280800,39920,10078
2023-01,Export,fertilizers,281410,2473659,23521323
2023-01,Export,fertilizers,281420,116925,90804
2023-01,Export,fertilizers,310210,5638005,55138210
2023-01,Export,fertilizers,310221,108973,35000
2023-01,Export,fertilizers,310280,18845550,67840572
2023-01,Export,fertilizers,310290,246417,80967
2023-01,Export,fertilizers,310510,143998,15097
2023-01,Export,fertilizers,310520,1143456,322295
2023-01,Export,fertilizers,310559,97200,22000
2023-01,Export,fertilizers,310590,520381,90209
2023-01,Export,hydrogen_2804,280410,15765,24721
2023-01,Export,iron_steel_72,260112,17598625,194425000
2023-01,Export,iron_steel_72,720310,13400,98325
2023-01,Export,iron_steel_72,720510,28445,6710
2023-01,Export,iron_steel_72,720521,2595320,263586
2023-01,Export,iron_steel_72,720529,481037,841408
2023-01,Export,iron_steel_72,720610,56645,1266
2023-01,Export,iron_steel_72,720853,14500,22528
2023-01,Export,iron_steel_72,720890,64642,4024
2023-01,Export,iron_steel_72,720917,144300,73105
2023-01,Export,iron_steel_72,720925,2598,3918
2023-01,Export,iron_steel_72,721012,101154,128086
2023-01,Export,iron_steel_72,721020,118060,13166
2023-01,Export,iron_steel_72,721049,146507,148454
2023-01,Export,iron_steel_72,721050,27000,69223
2023-01,Export,iron_steel_72,721061,20850,21305
2023-01,Export,iron_steel_72,721069,209520,106645
2023-01,Export,iron_steel_72,721090,149037,58059
2023-01,Export,iron_steel_72,721210,9615,764
2023-01,Export,iron_steel_72,721220,87653,40960
2023-01,Export,iron_steel_72,721240,14816,3572
2023-01,Export,iron_steel_72,721250,693631,58971
2023-01,Export,iron_steel_72,721260,86678,19842
2023-01,Export,iron_steel_72,721310,7000,4104
2023-01,Export,iron_steel_72,721320,223588,7743
2023-01,Export,iron_steel_72,721590,59621,9660
2023-01,Export,iron_steel_72,721610,15868,15868
2023-01,Export,iron_steel_72,721631,5790,4825
2023-01,Export,iron_steel_72,721640,2530,2300
2023-01,Export,iron_steel_72,721691,185012,84244
2023-01,Export,iron_steel_72,721710,150586,107684
2023-01,Export,iron_steel_72,721720,8470,1097
2023-01,Export,iron_steel_72,721810,839869,27654
2023-01,Export,iron_steel_72,721931,13997,2841
2023-01,Export,iron_steel_72,722100,25407,3833
2023-01,Export,iron_steel_72,722300,2487475,42519
2023-01,Export,iron_steel_72,722410,1131594,63476
2023-01,Export,iron_steel_72,722550,30127,4038
2023-01,Export,iron_steel_73,730110,179869,24412
2023-01,Export,iron_steel_73,730120,824424,103773
2023-01,Export,iron_steel_73,730210,220786,9428
2023-01,Export,iron_steel_73,730290,19123,7654
2023-01,Export,iron_steel_73,730300,15368,31
2023-01,Export,iron_steel_73,730419,1431203,485537
2023-01,Export,iron_steel_73,730439,29171,9458
2023-01,Export,iron_steel_73,730511,5600,4414
2023-01,Export,iron_steel_73,730590,45804,195
2023-01,Export,iron_steel_73,730630,268267,76629
2023-01,Export,iron_steel_73,730721,713252,11658
2023-01,Export,iron_steel_73,730791,438951,34520
2023-01,Export,iron_steel_73,730820,852370,281165
2023-01,Export,iron_steel_73,730830,56662,8939
2023-01,Export,iron_steel_73,730840,10415,1086
2023-01,Export,iron_steel_73,730890,1094514,159096
2023-01,Export,iron_steel_73,730900,1772437,258680
2023-01,Export,iron_steel_73,731010,663686,140431
2023-01,Export,iron_steel_73,731021,797203,313440
2023-01,Export,iron_steel_73,731029,648065,56151
2023-01,Export,iron_steel_73,731100,2107518,92938
2023-01,Export,iron_steel_73,731815,10614017,510661
2023-01,Export,iron_steel_73,731816,7147624,130197
2023-01,Export,iron_steel_73,731822,1580266,172562
2023-01,Export,iron_steel_73,731823,1732573,56918
2023-01,Export,iron_steel_73,732690,29645950,1886005
2023-02,Export,aluminum_76,760110,90065,26681
2023-02,Export,aluminum_76,760120,1419449,302997
2023-02,Export,aluminum_76,760310,448102,27441
2023-02,Export,aluminum_76,760320,19460,963
2023-02,Export,aluminum_76,760410,289582,47740
2023-02,Export,aluminum_76,760421,245491,16421
2023-02,Export,aluminum_76,760429,3794540,278379
2023-02,Export,aluminum_76,760511,3205,67
2023-02,Export,aluminum_76,760519,185035,32931
2023-02,Export,aluminum_76,760521,607341,0
2023-02,Export,aluminum_76,760529,111580,4522
2023-02,Export,aluminum_76,760611,289534,36365
2023-02,Export,aluminum_76,760612,14947915,789680
2023-02,Export,aluminum_76,760691,74197,8887
2023-02,Export,aluminum_76,760692,129809,6862
2023-02,Export,aluminum_76,760711,158259,7688
2023-02,Export,aluminum_76,760719,553949,23384
2023-02,Export,aluminum_76,760720,1704903,59938
2023-02,Export,aluminum_76,760810,10569,695
2023-02,Export,aluminum_76,760820,676748,63994
2023-02,Export,aluminum_76,760900,1472923,61588
2023-02,Export,aluminum_76,761010,80046,6802
2023-02,Export,aluminum_76,761100,17915,139
2023-02,Export,aluminum_76,761210,97518,645
2023-02,Export,aluminum_76,761290,1031356,110841
2023-02,Export,aluminum_76,761300,2267260,25789
2023-02,Export,aluminum_76,761490,599487,24108
2023-02,Export,aluminum_76,761610,1801866,26450
2023-02,Export,aluminum_76,761691,111022,4812
2023-02,Export,aluminum_76,761699,15214172,620303
2023-02,Export,cement_2523,250700,13331928,34549487
2023-02,Export,cement_2523,252321,14661,20206
2023-02,Export,cement_2523,252329,64130,104550
2023-02,Export,fertilizers,280800,76441,22860
2023-02,Export,fertilizers,281410,4471266,17918366
2023-02,Export,fertilizers,281420,90657,114994
2023-02,Export,fertilizers,283421,79062,170143
2023-02,Export,fertilizers,310210,617330,505828
2023-02,Export,fertilizers,310221,5055,2000
2023-02,Export,fertilizers,310280,44911161,96528148
2023-02,Export,fertilizers,310290,158909,63357
2023-02,Export,fertilizers,310510,262520,68854
2023-02,Export,fertilizers,310520,1378500,620650
2023-02,Export,fertilizers,310590,865883,153853
2023-02,Export,iron_steel_72,260112,8612786,99504875
2023-02,Export,iron_steel_72,720390,17073232,50016817
2023-02,Export,iron_steel_72,720510,183717,39686
2023-02,Export,iron_steel_72,720521,3026757,287652
2023-02,Export,iron_steel_72,720529,776745,431797
2023-02,Export,iron_steel_72,720810,3439,0
2023-02,Export,iron_steel_72,720839,28805,46261
2023-02,Export,iron_steel_72,720851,3233,930
2023-02,Export,iron_steel_72,720890,6801,1152
2023-02,Export,iron_steel_72,720917,27296,31605
2023-02,Export,iron_steel_72,720918,23400,3001
2023-02,Export,iron_steel_72,720926,21558,7276
2023-02,Export,iron_steel_72,721012,351480,463876
2023-02,Export,iron_steel_72,721020,155344,11700
2023-02,Export,iron_steel_72,721041,21409,0
2023-02,Export,iron_steel_72,721050,16307,9156
2023-02,Export,iron_steel_72,721070,13495,5268
2023-02,Export,iron_steel_72,721090,74985,19312
2023-02,Export,iron_steel_72,721210,30448,17217
2023-02,Export,iron_steel_72,721220,9117,4209
2023-02,Export,iron_steel_72,721240,14107,7337
2023-02,Export,iron_steel_72,721250,1019350,159385
2023-02,Export,iron_steel_72,721260,90735,20936
2023-02,Export,iron_steel_72,721310,4016,6468
2023-02,Export,iron_steel_72,721320,125800,4883
2023-02,Export,iron_steel_72,721391,24893,336
2023-02,Export,iron_steel_72,721510,12105,0
2023-02,Export,iron_steel_72,721550,61089,77376
2023-02,Export,iron_steel_72,721590,130859,30760
2023-02,Export,iron_steel_72,721621,11390,3222
2023-02,Export,iron_steel_72,721632,10000,20902
2023-02,Export,iron_steel_72,721640,2850,2000
2023-02,Export,iron_steel_72,721650,16289,21696
2023-02,Export,iron_steel_72,721691,93633,91164
2023-02,Export,iron_steel_72,721699,857718,59122
2023-02,Export,iron_steel_72,721710,42229,5149
2023-02,Export,iron_steel_72,721720,3600,3904
2023-02,Export,iron_steel_72,721810,1547377,26561
2023-02,Export,iron_steel_72,721911,22145,500
2023-02,Export,iron_steel_72,722100,50325,4509
2023-02,Export,iron_steel_72,722300,2237008,49239
2023-02,Export,iron_steel_72,722410,2551670,276467
2023-02,Export,iron_steel_72,722530,35400,39037
2023-02,Export,iron_steel_72,722550,9937,3691
2023-02,Export,iron_steel_73,730110,31749,2927
2023-02,Export,iron_steel_73,730120,722843,36711
2023-02,Export,iron_steel_73,730210,68626,15550
2023-02,Export,iron_steel_73,730290,26250,492
2023-02,Export,iron_steel_73,730300,7460,2
2023-02,Export,iron_steel_73,730419,204426,162436
2023-02,Export,iron_steel_73,730439,93036,30593
2023-02,Export,iron_steel_73,730590,35315,122
2023-02,Export,iron_steel_73,730619,8235,1800
2023-02,Export,iron_steel_73,730630,826476,181365
2023-02,Export,iron_steel_73,730721,1045462,20563
2023-02,Export,iron_steel_73,730791,295047,17636
2023-02,Export,iron_steel_73,730810,2683,690
2023-02,Export,iron_steel_73,730830,307155,12822
2023-02,Export,iron_steel_73,730840,136078,28027
2023-02,Export,iron_steel_73,730890,1688358,175716
2023-02,Export,iron_steel_73,730900,2197331,262335
2023-02,Export,iron_steel_73,731010,785723,271624
2023-02,Export,iron_steel_73,731021,1696985,751773
2023-02,Export,iron_steel_73,731029,272082,28937
2023-02,Export,iron_steel_73,731100,3101145,429966
2023-02,Export,iron_steel_73,731815,12575977,722159
2023-02,Export,iron_steel_73,731816,6605834,147661
2023-02,Export,iron_steel_73,731822,1982961,225683
2023-02,Export,iron_steel_73,731823,2077667,94387
2023-02,Export,iron_steel_73,732690,30957215,2030814
2023-03,Export,aluminum_76,760110,88643,32740
2023-03,Export,aluminum_76,760120,3746271,546665
2023-03,Export,aluminum_76,760310,917041,161343
2023-03,Export,aluminum_76,760320,58523,7023
2023-03,Export,aluminum_76,760410,490429,24240
2023-03,Export,aluminum_76,760421,359070,24210
2023-03,Export,aluminum_76,760429,6159240,475897
2023-03,Export,aluminum_76,760519,37953,5251
2023-03,Export,aluminum_76,760521,501705,30
2023-03,Export,aluminum_76,760529,251431,14312
2023-03,Export,aluminum_76,760611,383413,36113
2023-03,Export,aluminum_76,760612,11154791,582172
2023-03,Export,aluminum_76,760691,89894,2926
2023-03,Export,aluminum_76,760692,71580,7341
2023-03,Export,aluminum_76,760711,134320,10607
2023-03,Export,aluminum_76,760719,779260,17264
2023-03,Export,aluminum_76,760720,1435868,170050
2023-03,Export,aluminum_76,760810,3484,370
2023-03,Export,aluminum_76,760820,695251,61440
2023-03,Export,aluminum_76,760900,1052184,44275
2023-03,Export,aluminum_76,761010,76387,6936
2023-03,Export,aluminum_76,761100,3498,14
2023-03,Export,aluminum_76,761210,129976,3326
2023-03,Export,aluminum_76,761290,1377251,106250
2023-03,Export,aluminum_76,761300,2402477,32848
2023-03,Export,aluminum_76,761490,11004,92
2023-03,Export,aluminum_76,761610,2953406,54343
2023-03,Export,aluminum_76,761691,388716,37729
2023-03,Export,aluminum_76,761699,15414274,470431
2023-03,Export,cement_2523,250700,8702408,21445760
2023-03,Export,cement_2523,252321,38194,65411
2023-03,Export,cement_2523,252390,25540,19161
2023-03,Export,fertilizers,280800,65598,22560
2023-03,Export,fertilizers,281410,23326655,66697644
2023-03,Export,fertilizers,281420,315406,144562
2023-03,Export,fertilizers,310210,629686,480060
2023-03,Export,fertilizers,310221,137868,312742
2023-03,Export,fertilizers,310280,7917540,30000000
2023-03,Export,fertilizers,310290,173588,10162
2023-03,Export,fertilizers,310510,124030,47739
2023-03,Export,fertilizers,310520,1088573,355481
2023-03,Export,fertilizers,310559,192840,103792
2023-03,Export,fertilizers,310590,416511,95445
2023-03,Export,hydrogen_2804,280410,6949,10
2023-03,Export,iron_steel_72,720310,16037,0
2023-03,Export,iron_steel_72,720390,44141416,104528680
2023-03,Export,iron_steel_72,720510,267132,39700
2023-03,Export,iron_steel_72,720521,3082952,528679
2023-03,Export,iron_steel_72,720529,1046385,813432
2023-03,Export,iron_steel_72,720810,4130,3842
2023-03,Export,iron_steel_72,720826,20907,22154
2023-03,Export,iron_steel_72,720851,2803,3162
2023-03,Export,iron_steel_72,720917,18074,20927
2023-03,Export,iron_steel_72,720918,80270,10192
2023-03,Export,iron_steel_72,720990,19725,16822
2023-03,Export,iron_steel_72,721012,47385,38952
2023-03,Export,iron_steel_72,721020,17891,484
2023-03,Export,iron_steel_72,721049,521755,526615
2023-03,Export,iron_steel_72,721050,288404,332118
2023-03,Export,iron_steel_72,721061,24875,21412
2023-03,Export,iron_steel_72,721069,5616,2859
2023-03,Export,iron_steel_72,721070,57707,21640
2023-03,Export,iron_steel_72,721090,80517,19922
2023-03,Export,iron_steel_72,721230,10262,9072
2023-03,Export,iron_steel_72,721240,30017,10027
2023-03,Export,iron_steel_72,721250,2196489,268890
2023-03,Export,iron_steel_72,721260,121803,29866
2023-03,Export,iron_steel_72,721320,327774,12132
2023-03,Export,iron_steel_72,721391,79340,2886
2023-03,Export,iron_steel_72,721550,3988,911
2023-03,Export,iron_steel_72,721590,141560,60017
2023-03,Export,iron_steel_72,721610,21058,14911
2023-03,Export,iron_steel_72,721632,5099,8733
2023-03,Export,iron_steel_72,721691,165388,115439
2023-03,Export,iron_steel_72,721699,541430,270715
2023-03,Export,iron_steel_72,721710,135435,19832
2023-03,Export,iron_steel_72,721720,9492,1194
2023-03,Export,iron_steel_72,721810,600377,3810
2023-03,Export,iron_steel_72,721911,250393,43507
2023-03,Export,iron_steel_72,721931,29192,9965
2023-03,Export,iron_steel_72,722100,42859,2021
2023-03,Export,iron_steel_72,722300,2793031,67135
2023-03,Export,iron_steel_72,722410,3527347,410936
2023-03,Export,iron_steel_72,722530,213492,235428
2023-03,Export,iron_steel_73,730110,28297,3504
2023-03,Export,iron_steel_73,730120,648808,82811
2023-03,Export,iron_steel_73,730210,83284,22696
2023-03,Export,iron_steel_73,730290,24590,3402
2023-03,Export,iron_steel_73,730300,12000,12
2023-03,Export,iron_steel_73,730419,188205,132126
2023-03,Export,iron_steel_73,730439,128430,133487
2023-03,Export,iron_steel_73,730511,8675,3175
2023-03,Export,iron_steel_73,730531,55000,395
2023-03,Export,iron_steel_73,730590,20265,93
2023-03,Export,iron_steel_73,730619,6854,1193
2023-03,Export,iron_steel_73,730630,499761,127687
2023-03,Export,iron_steel_73,730721,853095,16649
2023-03,Export,iron_steel_73,730791,197510,6753
2023-03,Export,iron_steel_73,730810,127251,28025
2023-03,Export,iron_steel_73,730820,96626,1545
2023-03,Export,iron_steel_73,730830,359250,16018
2023-03,Export,iron_steel_73,730840,62084,8985
2023-03,Export,iron_steel_73,730890,612536,81493
2023-03,Export,iron_steel_73,730900,1446008,162062
2023-03,Export,iron_steel_73,731010,919987,366387
2023-03,Export,iron_steel_73,731021,282689,149810
2023-03,Export,iron_steel_73,731029,264141,9879
2023-03,Export,iron_steel_73,731100,1932078,280640
2023-03,Export,iron_steel_73,731815,12335736,561573
2023-03,Export,iron_steel_73,731816,7996634,167095
2023-03,Export,iron_steel_73,731822,1778837,177414
2023-03,Export,iron_steel_73,731823,2135503,91354
2023-03,Export,iron_steel_73,732690,34613869,2233935
2023-04,Export,aluminum_76,760110,45210,13087
2023-04,Export,aluminum_76,760120,3441415,798331
2023-04,Export,aluminum_76,760310,996765,135465
2023-04,Export,aluminum_76,760320,42800,9476
2023-04,Export,aluminum_76,760410,366507,74230
2023-04,Export,aluminum_76,760421,1267952,22611
2023-04,Export,aluminum_76,760429,5403607,413908
2023-04,Export,aluminum_76,760519,46844,6081
2023-04,Export,aluminum_76,760521,322891,649
2023-04,Export,aluminum_76,760529,100510,2438
2023-04,Export,aluminum_76,760611,603612,49259
2023-04,Export,aluminum_76,760612,11812097,542137
2023-04,Export,aluminum_76,760691,272009,15723
2023-04,Export,aluminum_76,760692,43942,650
2023-04,Export,aluminum_76,760711,110433,13452
2023-04,Export,aluminum_76,760719,814458,7372
2023-04,Export,aluminum_76,760720,1103569,90391
2023-04,Export,aluminum_76,760810,2827,66
2023-04,Export,aluminum_76,760820,1001869,96352
2023-04,Export,aluminum_76,760900,1482170,50488
2023-04,Export,aluminum_76,761010,311072,14608
2023-04,Export,aluminum_76,761100,7600,259
2023-04,Export,aluminum_76,761290,933524,39744
2023-04,Export,aluminum_76,761300,2006766,28840
2023-04,Export,aluminum_76,761410,6196,1548
2023-04,Export,aluminum_76,761610,1884198,31911
2023-04,Export,aluminum_76,761691,166739,9972
2023-04,Export,aluminum_76,761699,15189703,478344
2023-04,Export,cement_2523,250700,6648633,10266631
2023-04,Export,cement_2523,252321,18855,24544
2023-04,Export,cement_2523,252390,21403,8594
2023-04,Export,fertilizers,280800,75016,58388
2023-04,Export,fertilizers,281410,16935458,36054174
2023-04,Export,fertilizers,281420,354545,52057143
2023-04,Export,fertilizers,310210,80879,103857
2023-04,Export,fertilizers,310221,17988,5198
2023-04,Export,fertilizers,310229,20268,7278
2023-04,Export,fertilizers,310250,2944,1000
2023-04,Export,fertilizers,310280,8953695,34998448
2023-04,Export,fertilizers,310290,29488,8305
2023-04,Export,fertilizers,310510,233966,43774
2023-04,Export,fertilizers,310520,421179,199183
2023-04,Export,fertilizers,310540,15574,36000
2023-04,Export,fertilizers,310559,343936,286104
2023-04,Export,fertilizers,310590,260487,64889
2023-04,Export,iron_steel_72,260112,4866750,77250000
2023-04,Export,iron_steel_72,720211,2716,0
2023-04,Export,iron_steel_72,720310,20164,0
2023-04,Export,iron_steel_72,720390,1372922,1429335
2023-04,Export,iron_steel_72,720510,210722,65322
2023-04,Export,iron_steel_72,720521,3101478,349088
2023-04,Export,iron_steel_72,720529,841754,556710
2023-04,Export,iron_steel_72,720610,19241,804
2023-04,Export,iron_steel_72,720826,14234,15082
2023-04,Export,iron_steel_72,720853,2670,4148
2023-04,Export,iron_steel_72,720890,7993,42
2023-04,Export,iron_steel_72,720917,66059,76487
2023-04,Export,iron_steel_72,720918,54927,6956
2023-04,Export,iron_steel_72,720925,25816,38935
2023-04,Export,iron_steel_72,721012,88350,126993
2023-04,Export,iron_steel_72,721020,8576,86
2023-04,Export,iron_steel_72,721049,197922,167636
2023-04,Export,iron_steel_72,721061,30906,24587
2023-04,Export,iron_steel_72,721070,3340,210
2023-04,Export,iron_steel_72,721090,631455,177222
2023-04,Export,iron_steel_72,721230,18074,277
2023-04,Export,iron_steel_72,721240,13686,1027
2023-04,Export,iron_steel_72,721250,1177540,57768
2023-04,Export,iron_steel_72,721260,69218,17327
2023-04,Export,iron_steel_72,721320,10704,548
2023-04,Export,iron_steel_72,721391,11524,39
2023-04,Export,iron_steel_72,721550,55829,65599
2023-04,Export,iron_steel_72,721590,133678,52638
2023-04,Export,iron_steel_72,721610,19286,19286
2023-04,Export,iron_steel_72,721621,11928,11148
2023-04,Export,iron_steel_72,721633,24837,0
2023-04,Export,iron_steel_72,721691,33022,32152
2023-04,Export,iron_steel_72,721699,154855,74048
2023-04,Export,iron_steel_72,721710,173727,81226
2023-04,Export,iron_steel_72,721720,68225,44708
2023-04,Export,iron_steel_72,721810,472867,2489
2023-04,Export,iron_steel_72,721911,6000,700
2023-04,Export,iron_steel_72,721931,19863,6780
2023-04,Export,iron_steel_72,722100,355676,14449
2023-04,Export,iron_steel_72,722300,3035509,76726
2023-04,Export,iron_steel_72,722410,1584429,129621
2023-04,Export,iron_steel_72,722511,16000,10550
2023-04,Export,iron_steel_72,722530,38852,41960
2023-04,Export,iron_steel_73,730110,8610,337
2023-04,Export,iron_steel_73,730120,430151,14732
2023-04,Export,iron_steel_73,730210,148366,125796
2023-04,Export,iron_steel_73,730230,248201,66323
2023-04,Export,iron_steel_73,730290,4738,1868
2023-04,Export,iron_steel_73,730300,7000,7
2023-04,Export,iron_steel_73,730419,495334,541639
2023-04,Export,iron_steel_73,730439,289319,104126
2023-04,Export,iron_steel_73,730511,13440,7286
2023-04,Export,iron_steel_73,730512,143509,66111
2023-04,Export,iron_steel_73,730531,4467,249
2023-04,Export,iron_steel_73,730539,36083,10278
2023-04,Export,iron_steel_73,730590,28966,96
2023-04,Export,iron_steel_73,730619,10902,858
2023-04,Export,iron_steel_73,730630,380946,93923
2023-04,Export,iron_steel_73,730721,1124365,22678
2023-04,Export,iron_steel_73,730791,566114,23371
2023-04,Export,iron_steel_73,730810,1732581,501950
2023-04,Export,iron_steel_73,730820,88312,25733
2023-04,Export,iron_steel_73,730830,524230,20716
2023-04,Export,iron_steel_73,730840,209608,33001
2023-04,Export,iron_steel_73,730890,2032609,206233
2023-04,Export,iron_steel_73,730900,1459042,271861
2023-04,Export,iron_steel_73,731010,947120,107334
2023-04,Export,iron_steel_73,731021,1351547,588752
2023-04,Export,iron_steel_73,731029,2554452,270730
2023-04,Export,iron_steel_73,731100,3142142,337728
2023-04,Export,iron_steel_73,731815,10658743,559101
2023-04,Export,iron_steel_73,731816,6004741,97920
2023-04,Export,iron_steel_73,731822,1680601,174830
2023-04,Export,iron_steel_73,731823,1657142,61704
2023-04,Export,iron_steel_73,732690,30251151,1840666
2023-05,Export,aluminum_76,760110,69901,27085
2023-05,Export,aluminum_76,760120,2916989,680432
2023-05,Export,aluminum_76,760310,558638,126492
2023-05,Export,aluminum_76,760320,83076,2575
2023-05,Export,aluminum_76,760410,421002,21624
2023-05,Export,aluminum_76,760421,473574,19101
2023-05,Export,aluminum_76,760429,5727801,434736
2023-05,Export,aluminum_76,760519,18841,2904
2023-05,Export,aluminum_76,760521,1281401,0
2023-05,Export,aluminum_76,760529,138376,9994
2023-05,Export,aluminum_76,760611,535117,52703
2023-05,Export,aluminum_76,760612,9497173,551055
2023-05,Export,aluminum_76,760691,87796,3620
2023-05,Export,aluminum_76,760692,175566,17282
2023-05,Export,aluminum_76,760711,213283,14497
2023-05,Export,aluminum_76,760719,795306,10744
2023-05,Export,aluminum_76,760720,2290671,208353
2023-05,Export,aluminum_76,760810,30313,623
2023-05,Export,aluminum_76,760820,931327,66247
2023-05,Export,aluminum_76,760900,1364432,59604
2023-05,Export,aluminum_76,761010,129511,11901
2023-05,Export,aluminum_76,761100,20257,4495
2023-05,Export,aluminum_76,761210,132308,5888
2023-05,Export,aluminum_76,761290,699617,17726
2023-05,Export,aluminum_76,761300,2089817,21391
2023-05,Export,aluminum_76,761490,8628,2
2023-05,Export,aluminum_76,761610,2206751,43857
2023-05,Export,aluminum_76,761691,59298,5772
2023-05,Export,aluminum_76,761699,12204328,310199
2023-05,Export,cement_2523,250700,12642792,30732351
2023-05,Export,cement_2523,252329,21733,88624
2023-05,Export,cement_2523,252390,17938,24716
2023-05,Export,fertilizers,280800,10880,19448
2023-05,Export,fertilizers,281410,21482332,66131981
2023-05,Export,fertilizers,281420,452121,260112
2023-05,Export,fertilizers,310210,108489,119477
2023-05,Export,fertilizers,310221,145831,205000
2023-05,Export,fertilizers,310280,8499249,30014388
2023-05,Export,fertilizers,310290,37942,11632
2023-05,Export,fertilizers,310510,116424,18038
2023-05,Export,fertilizers,310520,246502,167756
2023-05,Export,fertilizers,310559,57600,47714
2023-05,Export,fertilizers,310590,229136,52549
2023-05,Export,iron_steel_72,260112,8791200,59400000
2023-05,Export,iron_steel_72,720241,9090,12902
2023-05,Export,iron_steel_72,720390,62679,22770
2023-05,Export,iron_steel_72,720510,422906,118737
2023-05,Export,iron_steel_72,720521,2819045,481646
2023-05,Export,iron_steel_72,720529,1016094,521175
2023-05,Export,iron_steel_72,720610,36558,1656
2023-05,Export,iron_steel_72,720825,10051,12459
2023-05,Export,iron_steel_72,720839,34680,34763
2023-05,Export,iron_steel_72,720890,8178,1385
2023-05,Export,iron_steel_72,720916,11159,14197
2023-05,Export,iron_steel_72,720917,80117,55276
2023-05,Export,iron_steel_72,720925,64476,48268
2023-05,Export,iron_steel_72,720990,7734,6595
2023-05,Export,iron_steel_72,721012,18000,47404
2023-05,Export,iron_steel_72,721020,32850,1326
2023-05,Export,iron_steel_72,721049,410242,489354
2023-05,Export,iron_steel_72,721061,41712,42624
2023-05,Export,iron_steel_72,721070,5112,1309
2023-05,Export,iron_steel_72,721090,628932,177200
2023-05,Export,iron_steel_72,721240,22299,9609
2023-05,Export,iron_steel_72,721250,1213530,204465
2023-05,Export,iron_steel_72,721260,92481,20748
2023-05,Export,iron_steel_72,721320,113051,6013
2023-05,Export,iron_steel_72,721391,23516,3041
2023-05,Export,iron_steel_72,721420,10782,18357
2023-05,Export,iron_steel_72,721550,8629,1929
2023-05,Export,iron_steel_72,721590,412914,206319
2023-05,Export,iron_steel_72,721631,7200,6000
2023-05,Export,iron_steel_72,721632,3200,5481
2023-05,Export,iron_steel_72,721691,56188,51952
2023-05,Export,iron_steel_72,721699,35286,7005
2023-05,Export,iron_steel_72,721710,286330,127646
2023-05,Export,iron_steel_72,721720,17353,8090
2023-05,Export,iron_steel_72,721810,586052,17560
2023-05,Export,iron_steel_72,721911,79784,13616
2023-05,Export,iron_steel_72,721931,18552,5056
2023-05,Export,iron_steel_72,722100,42868,2033
2023-05,Export,iron_steel_72,722300,3647832,65045
2023-05,Export,iron_steel_72,722410,2194974,252763
2023-05,Export,iron_steel_72,722511,431173,197886
2023-05,Export,iron_steel_72,722530,36945,39431
2023-05,Export,iron_steel_72,722550,17604,7029
2023-05,Export,iron_steel_73,730110,11154,15
2023-05,Export,iron_steel_73,730120,522930,97332
2023-05,Export,iron_steel_73,730210,129336,100363
2023-05,Export,iron_steel_73,730290,5289,2086
2023-05,Export,iron_steel_73,730300,59145,9342
2023-05,Export,iron_steel_73,730419,810056,482094
2023-05,Export,iron_steel_73,730439,216634,320090
2023-05,Export,iron_steel_73,730531,38814,20272
2023-05,Export,iron_steel_73,730590,80159,362
2023-05,Export,iron_steel_73,730619,14488,5079
2023-05,Export,iron_steel_73,730630,637744,69192
2023-05,Export,iron_steel_73,730721,867807,22175
2023-05,Export,iron_steel_73,730791,87673,4291
2023-05,Export,iron_steel_73,730810,2720781,369114
2023-05,Export,iron_steel_73,730820,19118,2946
2023-05,Export,iron_steel_73,730830,218121,5525
2023-05,Export,iron_steel_73,730840,29920,3860
2023-05,Export,iron_steel_73,730890,1308833,104050
2023-05,Export,iron_steel_73,730900,5357586,358534
2023-05,Export,iron_steel_73,731010,1229869,73622
2023-05,Export,iron_steel_73,731021,805338,418954
2023-05,Export,iron_steel_73,731029,694201,145173
2023-05,Export,iron_steel_73,731100,6143338,402494
2023-05,Export,iron_steel_73,731815,12842828,671378
2023-05,Export,iron_steel_73,731816,6521351,136892
2023-05,Export,iron_steel_73,731822,1968600,209296
2023-05,Export,iron_steel_73,731823,1962572,86348
2023-05,Export,iron_steel_73,732690,35855065,2287939
2023-06,Export,aluminum_76,760110,299512,122290
2023-06,Export,aluminum_76,760120,4107283,1004081
2023-06,Export,aluminum_76,760310,714456,82481
2023-06,Export,aluminum_76,760320,32056,4468
2023-06,Export,aluminum_76,760410,188774,8729
2023-06,Export,aluminum_76,760421,441826,37709
2023-06,Export,aluminum_76,760429,7234069,485827
2023-06,Export,aluminum_76,760519,31589,5373
2023-06,Export,aluminum_76,760521,831782,0
2023-06,Export,aluminum_76,760529,95233,99
2023-06,Export,aluminum_76,760611,426377,29198
2023-06,Export,aluminum_76,760612,10041670,401698
2023-06,Export,aluminum_76,760691,242823,20658
2023-06,Export,aluminum_76,760692,29440,410
2023-06,Export,aluminum_76,760711,137891,18695
2023-06,Export,aluminum_76,760719,759217,8070
2023-06,Export,aluminum_76,760720,608215,46750
2023-06,Export,aluminum_76,760810,49561,3669
2023-06,Export,aluminum_76,760820,618216,55807
2023-06,Export,aluminum_76,760900,1151297,61477
2023-06,Export,aluminum_76,761010,105012,4303
2023-06,Export,aluminum_76,761100,197120,16001
2023-06,Export,aluminum_76,761210,184845,8727
2023-06,Export,aluminum_76,761290,497099,32035
2023-06,Export,aluminum_76,761300,3068454,38174
2023-06,Export,aluminum_76,761490,13350,86
2023-06,Export,aluminum_76,761610,2548259,43797
2023-06,Export,aluminum_76,761691,65495,4689
2023-06,Export,aluminum_76,761699,14826354,448571
2023-06,Export,cement_2523,250700,7540106,16056102
2023-06,Export,cement_2523,252329,28419,143072
2023-06,Export,fertilizers,280800,55553,31880
2023-06,Export,fertilizers,281410,2590000,14000000
2023-06,Export,fertilizers,281420,9681,2128
2023-06,Export,fertilizers,310210,304131,363018
2023-06,Export,fertilizers,310221,51991,14298
2023-06,Export,fertilizers,310230,5849917,29999574
2023-06,Export,fertilizers,310280,8526186,35002361
2023-06,Export,fertilizers,310510,442952,91777
2023-06,Export,fertilizers,310520,182306,96366
2023-06,Export,fertilizers,310590,131207,37384
2023-06,Export,iron_steel_72,720211,11206,642
2023-06,Export,iron_steel_72,720390,67335524,164427065
2023-06,Export,iron_steel_72,720510,257448,1877
2023-06,Export,iron_steel_72,720521,2398324,256677
2023-06,Export,iron_steel_72,720529,989087,475928
2023-06,Export,iron_steel_72,720917,36763,42567
2023-06,Export,iron_steel_72,720918,4145,692
2023-06,Export,iron_steel_72,720990,6879,590
2023-06,Export,iron_steel_72,721012,27000,70905
2023-06,Export,iron_steel_72,721020,138447,13390
2023-06,Export,iron_steel_72,721049,80000,80000
2023-06,Export,iron_steel_72,721050,251379,298251
2023-06,Export,iron_steel_72,721061,76472,78143
2023-06,Export,iron_steel_72,721069,68010,34617
2023-06,Export,iron_steel_72,721070,16318,4187
2023-06,Export,iron_steel_72,721090,471699,132900
2023-06,Export,iron_steel_72,721230,35100,26455
2023-06,Export,iron_steel_72,721250,2261678,263481
2023-06,Export,iron_steel_72,721320,105555,4880
2023-06,Export,iron_steel_72,721391,73266,2038
2023-06,Export,iron_steel_72,721510,20241,20773
2023-06,Export,iron_steel_72,721550,52347,62712
2023-06,Export,iron_steel_72,721590,158413,24617
2023-06,Export,iron_steel_72,721610,5415,5415
2023-06,Export,iron_steel_72,721650,5184,6905
2023-06,Export,iron_steel_72,721691,51619,50258
2023-06,Export,iron_steel_72,721710,223750,75030
2023-06,Export,iron_steel_72,721720,12801,1627
2023-06,Export,iron_steel_72,721810,1027831,72997
2023-06,Export,iron_steel_72,721911,19352,800
2023-06,Export,iron_steel_72,721931,11996,4095
2023-06,Export,iron_steel_72,722100,209884,20388
2023-06,Export,iron_steel_72,722300,2827846,54028
2023-06,Export,iron_steel_72,722410,1243818,150678
2023-06,Export,iron_steel_72,722550,63422,38020
2023-06,Export,iron_steel_73,730110,15740,27
2023-06,Export,iron_steel_73,730120,1306949,201676
2023-06,Export,iron_steel_73,730210,104274,68397
2023-06,Export,iron_steel_73,730290,9040,414
2023-06,Export,iron_steel_73,730419,258365,103798
2023-06,Export,iron_steel_73,730439,110157,129444
2023-06,Export,iron_steel_73,730511,19213,3521
2023-06,Export,iron_steel_73,730531,18340,12417
2023-06,Export,iron_steel_73,730539,13596,1393
2023-06,Export,iron_steel_73,730619,47716,901
2023-06,Export,iron_steel_73,730630,602177,191035
2023-06,Export,iron_steel_73,730721,858319,13396
2023-06,Export,iron_steel_73,730791,311087,22645
2023-06,Export,iron_steel_73,730810,309213,49320
2023-06,Export,iron_steel_73,730820,192263,48149
2023-06,Export,iron_steel_73,730830,264226,12105
2023-06,Export,iron_steel_73,730840,12808,885
2023-06,Export,iron_steel_73,730890,924573,119342
2023-06,Export,iron_steel_73,730900,935585,110063
2023-06,Export,iron_steel_73,731010,697523,246169
2023-06,Export,iron_steel_73,731021,750287,396764
2023-06,Export,iron_steel_73,731029,790281,23307
2023-06,Export,iron_steel_73,731100,1850236,282801
2023-06,Export,iron_steel_73,731815,12717373,735073
2023-06,Export,iron_steel_73,731816,6582548,141926
2023-06,Export,iron_steel_73,731822,1921462,208564
2023-06,Export,iron_steel_73,731823,2265066,101290
2023-06,Export,iron_steel_73,732690,29605400,1465107
2023-07,Export,aluminum_76,760110,20326,8300
2023-07,Export,aluminum_76,760120,5868825,1894107
2023-07,Export,aluminum_76,760310,808017,117887
2023-07,Export,aluminum_76,760320,13900,5104
2023-07,Export,aluminum_76,760410,121853,4778
2023-07,Export,aluminum_76,760421,280626,26616
2023-07,Export,aluminum_76,760429,4867882,341777
2023-07,Export,aluminum_76,760519,5760,748
2023-07,Export,aluminum_76,760521,97295,0
2023-07,Export,aluminum_76,760529,5858552,3074
2023-07,Export,aluminum_76,760611,619336,116920
2023-07,Export,aluminum_76,760612,10551414,627605
2023-07,Export,aluminum_76,760691,11197,504
2023-07,Export,aluminum_76,760692,48971,658
2023-07,Export,aluminum_76,760711,127783,3103
2023-07,Export,aluminum_76,760719,813697,40002
2023-07,Export,aluminum_76,760720,1716077,133746
2023-07,Export,aluminum_76,760820,1251252,57170
2023-07,Export,aluminum_76,760900,1948433,51882
2023-07,Export,aluminum_76,761010,89383,10712
2023-07,Export,aluminum_76,761100,2771,197
2023-07,Export,aluminum_76,761210,124058,2829
2023-07,Export,aluminum_76,761290,1043641,69618
2023-07,Export,aluminum_76,761300,2205532,39937
2023-07,Export,aluminum_76,761490,12207,1200
2023-07,Export,aluminum_76,761610,2994693,57479
2023-07,Export,aluminum_76,761691,44599,1629
2023-07,Export,aluminum_76,761699,15537725,500088
2023-07,Export,cement_2523,250700,11910263,27586741
2023-07,Export,cement_2523,252321,11169,21804
2023-07,Export,cement_2523,252329,5024,36900
2023-07,Export,cement_2523,252330,27365,45100
2023-07,Export,cement_2523,252390,31476,29544
2023-07,Export,fertilizers,280800,20621,19905
2023-07,Export,fertilizers,281410,8627415,14283543
2023-07,Export,fertilizers,281420,85664,51913944
2023-07,Export,fertilizers,283421,3079,1412
2023-07,Export,fertilizers,310210,243681,320402
2023-07,Export,fertilizers,310221,62952,20000
2023-07,Export,fertilizers,310280,20271228,92063092
2023-07,Export,fertilizers,310290,104829,7080
2023-07,Export,fertilizers,310510,78545,21362
2023-07,Export,fertilizers,310520,171875,87124
2023-07,Export,fertilizers,310590,313970,61431
2023-07,Export,iron_steel_72,720211,2717,0
2023-07,Export,iron_steel_72,720390,10586745,27498040
2023-07,Export,iron_steel_72,720510,320570,24057
2023-07,Export,iron_steel_72,720521,2536992,384607
2023-07,Export,iron_steel_72,720529,1022765,523260
2023-07,Export,iron_steel_72,720825,18680,2268
2023-07,Export,iron_steel_72,720827,58000,70970
2023-07,Export,iron_steel_72,720851,6040,1310
2023-07,Export,iron_steel_72,720852,3418,712
2023-07,Export,iron_steel_72,720890,6480,1098
2023-07,Export,iron_steel_72,720917,57399,66460
2023-07,Export,iron_steel_72,720918,33857,4268
2023-07,Export,iron_steel_72,721020,52473,1102
2023-07,Export,iron_steel_72,721041,20915,18333
2023-07,Export,iron_steel_72,721049,302817,306642
2023-07,Export,iron_steel_72,721061,43511,44462
2023-07,Export,iron_steel_72,721070,20958,5234
2023-07,Export,iron_steel_72,721090,165294,2722
2023-07,Export,iron_steel_72,721210,10313,1406
2023-07,Export,iron_steel_72,721240,17600,9142
2023-07,Export,iron_steel_72,721250,628740,82119
2023-07,Export,iron_steel_72,721260,199192,49070
2023-07,Export,iron_steel_72,721320,106136,4533
2023-07,Export,iron_steel_72,721510,3735,442
2023-07,Export,iron_steel_72,721550,47413,925
2023-07,Export,iron_steel_72,721590,257856,45727
2023-07,Export,iron_steel_72,721610,23882,19937
2023-07,Export,iron_steel_72,721661,28967,16517
2023-07,Export,iron_steel_72,721691,80814,78685
2023-07,Export,iron_steel_72,721699,221474,9333
2023-07,Export,iron_steel_72,721710,27593,29337
2023-07,Export,iron_steel_72,721810,750409,2891
2023-07,Export,iron_steel_72,721911,212417,6161
2023-07,Export,iron_steel_72,721931,8577,2928
2023-07,Export,iron_steel_72,722100,935420,38909
2023-07,Export,iron_steel_72,722300,2878944,31672
2023-07,Export,iron_steel_72,722410,2338836,180885
2023-07,Export,iron_steel_72,722511,1105981,288346
2023-07,Export,iron_steel_73,730120,593814,75985
2023-07,Export,iron_steel_73,730210,55741,24640
2023-07,Export,iron_steel_73,730230,4230,1130
2023-07,Export,iron_steel_73,730290,6868,389
2023-07,Export,iron_steel_73,730300,9822,19
2023-07,Export,iron_steel_73,730419,50396,5814
2023-07,Export,iron_steel_73,730439,156717,165084
2023-07,Export,iron_steel_73,730590,47287,209
2023-07,Export,iron_steel_73,730619,502005,126360
2023-07,Export,iron_steel_73,730630,331786,52160
2023-07,Export,iron_steel_73,730721,848332,14558
2023-07,Export,iron_steel_73,730791,330074,32275
2023-07,Export,iron_steel_73,730810,43594,11024
2023-07,Export,iron_steel_73,730820,103772,7483
2023-07,Export,iron_steel_73,730830,79660,2107
2023-07,Export,iron_steel_73,730840,127164,30873
2023-07,Export,iron_steel_73,730890,1322519,240039
2023-07,Export,iron_steel_73,730900,3132012,108304
2023-07,Export,iron_steel_73,731010,635891,52124
2023-07,Export,iron_steel_73,731021,1164143,647161
2023-07,Export,iron_steel_73,731029,1467714,129369
2023-07,Export,iron_steel_73,731100,1910605,293787
2023-07,Export,iron_steel_73,731815,12580322,452625
2023-07,Export,iron_steel_73,731816,5613258,108744
2023-07,Export,iron_steel_73,731822,1569370,171247
2023-07,Export,iron_steel_73,731823,1624287,53246
2023-07,Export,iron_steel_73,732690,25676226,1349719
2023-08,Export,aluminum_76,760110,51826,21161
2023-08,Export,aluminum_76,760120,4671514,1127641
2023-08,Export,aluminum_76,760310,1086059,117248
2023-08,Export,aluminum_76,760320,32887,826
2023-08,Export,aluminum_76,760410,311920,15338
2023-08,Export,aluminum_76,760421,218943,12284
2023-08,Export,aluminum_76,760429,5396079,409550
2023-08,Export,aluminum_76,760519,11251,1412
2023-08,Export,aluminum_76,760521,590598,0
2023-08,Export,aluminum_76,760529,126485,2433
2023-08,Export,aluminum_76,760611,232691,29682
2023-08,Export,aluminum_76,760612,10417624,736933
2023-08,Export,aluminum_76,760691,63123,5477
2023-08,Export,aluminum_76,760692,29832,282
2023-08,Export,aluminum_76,760711,212851,8964
2023-08,Export,aluminum_76,760719,777292,28414
2023-08,Export,aluminum_76,760720,1792257,97215
2023-08,Export,aluminum_76,760820,779088,57207
2023-08,Export,aluminum_76,760900,1093798,26908
2023-08,Export,aluminum_76,761010,171543,16111
2023-08,Export,aluminum_76,761100,12750,726
2023-08,Export,aluminum_76,761210,86819,1894
2023-08,Export,aluminum_76,761290,2379206,43184
2023-08,Export,aluminum_76,761300,1974936,24470
2023-08,Export,aluminum_76,761490,4450,32
2023-08,Export,aluminum_76,761610,3489936,102348
2023-08,Export,aluminum_76,761691,190607,16421
2023-08,Export,aluminum_76,761699,20428265,758662
2023-08,Export,cement_2523,250700,9143048,21831841
2023-08,Export,cement_2523,252329,13014,74825
2023-08,Export,cement_2523,252390,27411,34861
2023-08,Export,fertilizers,281410,6178471,32021400
2023-08,Export,fertilizers,281420,154474,120392
2023-08,Export,fertilizers,283421,11340,33888
2023-08,Export,fertilizers,310210,198015,279217
2023-08,Export,fertilizers,310221,61683,20000
2023-08,Export,fertilizers,310280,8980784,43004980
2023-08,Export,fertilizers,310290,29425,5401
2023-08,Export,fertilizers,310510,352295,45975
2023-08,Export,fertilizers,310520,297589,114325
2023-08,Export,fertilizers,310540,8130,1046
2023-08,Export,fertilizers,310590,169632,51387
2023-08,Export,iron_steel_72,260112,9978025,100453870
2023-08,Export,iron_steel_72,720211,8149,671
2023-08,Export,iron_steel_72,720390,41077240,104808510
2023-08,Export,iron_steel_72,720510,396905,46024
2023-08,Export,iron_steel_72,720521,1102410,168464
2023-08,Export,iron_steel_72,720529,516698,302765
2023-08,Export,iron_steel_72,720810,9332,8683
2023-08,Export,iron_steel_72,720851,14763,16654
2023-08,Export,iron_steel_72,720852,5282,1070
2023-08,Export,iron_steel_72,720853,5212,8098
2023-08,Export,iron_steel_72,720890,13508,257
2023-08,Export,iron_steel_72,720917,37191,43062
2023-08,Export,iron_steel_72,720918,54915,6963
2023-08,Export,iron_steel_72,720925,3920,5912
2023-08,Export,iron_steel_72,720990,22782,13209
2023-08,Export,iron_steel_72,721020,102138,7399
2023-08,Export,iron_steel_72,721049,142975,144874
2023-08,Export,iron_steel_72,721061,19782,20215
2023-08,Export,iron_steel_72,721090,103623,21018
2023-08,Export,iron_steel_72,721240,9972,569
2023-08,Export,iron_steel_72,721250,689423,149991
2023-08,Export,iron_steel_72,721260,40158,1762
2023-08,Export,iron_steel_72,721320,30915,1535
2023-08,Export,iron_steel_72,721391,20950,173
2023-08,Export,iron_steel_72,721550,75979,90591
2023-08,Export,iron_steel_72,721590,275146,31872
2023-08,Export,iron_steel_72,721632,4000,6851
2023-08,Export,iron_steel_72,721650,2685,3576
2023-08,Export,iron_steel_72,721669,134968,170723
2023-08,Export,iron_steel_72,721691,87688,85377
2023-08,Export,iron_steel_72,721699,26685,3242
2023-08,Export,iron_steel_72,721710,516574,42658
2023-08,Export,iron_steel_72,721810,854868,31358
2023-08,Export,iron_steel_72,721931,4908,517
2023-08,Export,iron_steel_72,722100,123752,12982
2023-08,Export,iron_steel_72,722300,3212147,67647
2023-08,Export,iron_steel_72,722410,798073,113577
2023-08,Export,iron_steel_72,722511,784875,205629
2023-08,Export,iron_steel_72,722550,29254,3387
2023-08,Export,iron_steel_73,730110,4574,850
2023-08,Export,iron_steel_73,730120,714263,49357
2023-08,Export,iron_steel_73,730210,116553,73334
2023-08,Export,iron_steel_73,730290,3219,161
2023-08,Export,iron_steel_73,730300,42404,2863
2023-08,Export,iron_steel_73,730419,732944,659187
2023-08,Export,iron_steel_73,730439,110719,45652
2023-08,Export,iron_steel_73,730531,66338,43190
2023-08,Export,iron_steel_73,730619,37216,2811
2023-08,Export,iron_steel_73,730630,474528,94993
2023-08,Export,iron_steel_73,730721,1155277,19510
2023-08,Export,iron_steel_73,730791,139277,7379
2023-08,Export,iron_steel_73,730810,43828,11270
2023-08,Export,iron_steel_73,730820,178585,63453
2023-08,Export,iron_steel_73,730830,102445,7038
2023-08,Export,iron_steel_73,730840,47624,8080
2023-08,Export,iron_steel_73,730890,1606423,377161
2023-08,Export,iron_steel_73,730900,252275,60949
2023-08,Export,iron_steel_73,731010,1064619,81996
2023-08,Export,iron_steel_73,731021,928449,406879
2023-08,Export,iron_steel_73,731029,651936,28910
2023-08,Export,iron_steel_73,731100,2242323,416276
2023-08,Export,iron_steel_73,731815,12936391,583663
2023-08,Export,iron_steel_73,731816,7441017,172363
2023-08,Export,iron_steel_73,731822,1807060,191799
2023-08,Export,iron_steel_73,731823,2173256,88579
2023-08,Export,iron_steel_73,732690,34525278,1788390
2023-09,Export,aluminum_76,760110,63049,22156
2023-09,Export,aluminum_76,760120,2809828,696183
2023-09,Export,aluminum_76,760310,1081828,120285
2023-09,Export,aluminum_76,760320,10060,2987
2023-09,Export,aluminum_76,760410,167192,17896
2023-09,Export,aluminum_76,760421,164117,25877
2023-09,Export,aluminum_76,760429,5932704,356733
2023-09,Export,aluminum_76,760511,3420,103
2023-09,Export,aluminum_76,760519,3068,489
2023-09,Export,aluminum_76,760521,432528,2529
2023-09,Export,aluminum_76,760529,140700,4106
2023-09,Export,aluminum_76,760611,210434,45627
2023-09,Export,aluminum_76,760612,10492922,541195
2023-09,Export,aluminum_76,760691,7557,116
2023-09,Export,aluminum_76,760692,71884,2007
2023-09,Export,aluminum_76,760711,184810,12900
2023-09,Export,aluminum_76,760719,737924,16488
2023-09,Export,aluminum_76,760720,935314,37169
2023-09,Export,aluminum_76,760810,32071,3028
2023-09,Export,aluminum_76,760820,1525105,99172
2023-09,Export,aluminum_76,760900,1982220,106197
2023-09,Export,aluminum_76,761010,26763,2202
2023-09,Export,aluminum_76,761100,168000,1826
2023-09,Export,aluminum_76,761210,34870,0
2023-09,Export,aluminum_76,761290,703461,52465
2023-09,Export,aluminum_76,761300,1873372,35682
2023-09,Export,aluminum_76,761490,10494,416
2023-09,Export,aluminum_76,761610,1936208,32800
2023-09,Export,aluminum_76,761691,55352,3628
2023-09,Export,aluminum_76,761699,26477433,860607
2023-09,Export,cement_2523,250700,8624523,17730156
2023-09,Export,cement_2523,252321,47626,50692
2023-09,Export,cement_2523,252329,3030,2630
2023-09,Export,cement_2523,252390,414788,249325
2023-09,Export,fertilizers,281410,2496850,7764087
2023-09,Export,fertilizers,281420,229423,130596
2023-09,Export,fertilizers,283421,20412,44340
2023-09,Export,fertilizers,310210,419787,479000
2023-09,Export,fertilizers,310221,53569,21000
2023-09,Export,fertilizers,310230,7200000,30000000
2023-09,Export,fertilizers,310280,8165253,43000684
2023-09,Export,fertilizers,310290,31171,4000
2023-09,Export,fertilizers,310510,124449,47550
2023-09,Export,fertilizers,310520,225638,77141
2023-09,Export,fertilizers,310540,1720637,4027980
2023-09,Export,fertilizers,310590,331768,54089
2023-09,Export,hydrogen_2804,280410,10057,4260
2023-09,Export,iron_steel_72,260112,4355193,44898900
2023-09,Export,iron_steel_72,720211,11206,1039
2023-09,Export,iron_steel_72,720310,12269734,79159580
2023-09,Export,iron_steel_72,720510,11894,0
2023-09,Export,iron_steel_72,720521,1031492,235704
2023-09,Export,iron_steel_72,720529,914844,466681
2023-09,Export,iron_steel_72,720851,92392,98424
2023-09,Export,iron_steel_72,720852,70785,74149
2023-09,Export,iron_steel_72,720890,6130,1038
2023-09,Export,iron_steel_72,720917,27680,28813
2023-09,Export,iron_steel_72,720925,11375,4191
2023-09,Export,iron_steel_72,721012,506693,572137
2023-09,Export,iron_steel_72,721020,115368,2344
2023-09,Export,iron_steel_72,721041,203140,41440
2023-09,Export,iron_steel_72,721049,38090,22336
2023-09,Export,iron_steel_72,721050,118043,137774
2023-09,Export,iron_steel_72,721061,15780,16126
2023-09,Export,iron_steel_72,721090,120646,6066
2023-09,Export,iron_steel_72,721240,7551,2057
2023-09,Export,iron_steel_72,721250,683857,76329
2023-09,Export,iron_steel_72,721260,183945,43704
2023-09,Export,iron_steel_72,721320,29618,634
2023-09,Export,iron_steel_72,721391,11060,153
2023-09,Export,iron_steel_72,721510,94043,96517
2023-09,Export,iron_steel_72,721590,39027,16183
2023-09,Export,iron_steel_72,721610,78418,70740
2023-09,Export,iron_steel_72,721640,6776,1247
2023-09,Export,iron_steel_72,721691,106829,104014
2023-09,Export,iron_steel_72,721699,76576,3091
2023-09,Export,iron_steel_72,721710,113348,38179
2023-09,Export,iron_steel_72,721810,1081482,41185
2023-09,Export,iron_steel_72,721911,82985,3970
2023-09,Export,iron_steel_72,721931,14295,4879
2023-09,Export,iron_steel_72,722100,738028,16404
2023-09,Export,iron_steel_72,722300,3011641,62210
2023-09,Export,iron_steel_72,722410,2379441,103695
2023-09,Export,iron_steel_72,722511,1273949,412322
2023-09,Export,iron_steel_72,722550,10585,699
2023-09,Export,iron_steel_73,730120,484579,39597
2023-09,Export,iron_steel_73,730210,58145,27835
2023-09,Export,iron_steel_73,730290,87700,34585
2023-09,Export,iron_steel_73,730300,63854,3709
2023-09,Export,iron_steel_73,730419,593370,557369
2023-09,Export,iron_steel_73,730439,491109,241609
2023-09,Export,iron_steel_73,730511,9500,33
2023-09,Export,iron_steel_73,730531,14328,0
2023-09,Export,iron_steel_73,730619,6820,963
2023-09,Export,iron_steel_73,730630,448894,102637
2023-09,Export,iron_steel_73,730721,863238,14693
2023-09,Export,iron_steel_73,730791,1208766,47799
2023-09,Export,iron_steel_73,730810,998327,252452
2023-09,Export,iron_steel_73,730820,715252,133182
2023-09,Export,iron_steel_73,730830,177229,6533
2023-09,Export,iron_steel_73,730840,40607,6740
2023-09,Export,iron_steel_73,730890,1776403,284349
2023-09,Export,iron_steel_73,730900,3580905,126611
2023-09,Export,iron_steel_73,731010,304054,29595
2023-09,Export,iron_steel_73,731021,860269,418253
2023-09,Export,iron_steel_73,731029,556645,24434
2023-09,Export,iron_steel_73,731100,1919611,213296
2023-09,Export,iron_steel_73,731815,22397501,619866
2023-09,Export,iron_steel_73,731816,6581890,124202
2023-09,Export,iron_steel_73,731822,1919116,197014
2023-09,Export,iron_steel_73,731823,2029211,80357
2023-09,Export,iron_steel_73,732690,30734865,1740115
2023-10,Export,aluminum_76,760110,66425,19859
2023-10,Export,aluminum_76,760120,2559265,554308
2023-10,Export,aluminum_76,760310,301686,44583
2023-10,Export,aluminum_76,760320,7100,6518
2023-10,Export,aluminum_76,760410,213020,7843
2023-10,Export,aluminum_76,760421,323590,29480
2023-10,Export,aluminum_76,760429,8515232,522171
2023-10,Export,aluminum_76,760511,5750,13
2023-10,Export,aluminum_76,760521,768822,0
2023-10,Export,aluminum_76,760529,229986,7586
2023-10,Export,aluminum_76,760611,213152,34845
2023-10,Export,aluminum_76,760612,9189097,556414
2023-10,Export,aluminum_76,760691,6340,8
2023-10,Export,aluminum_76,760692,283033,33560
2023-10,Export,aluminum_76,760711,127407,5169
2023-10,Export,aluminum_76,760719,425964,9978
2023-10,Export,aluminum_76,760720,1845488,118706
2023-10,Export,aluminum_76,760810,6853,100
2023-10,Export,aluminum_76,760820,738254,67663
2023-10,Export,aluminum_76,760900,1547011,72964
2023-10,Export,aluminum_76,761010,184337,5219
2023-10,Export,aluminum_76,761100,504000,12760
2023-10,Export,aluminum_76,761210,66467,13266
2023-10,Export,aluminum_76,761290,822042,68747
2023-10,Export,aluminum_76,761300,1644071,25190
2023-10,Export,aluminum_76,761410,2562,640
2023-10,Export,aluminum_76,761490,23955,1665
2023-10,Export,aluminum_76,761610,1793308,17786
2023-10,Export,aluminum_76,761691,63998,1267
2023-10,Export,aluminum_76,761699,15782248,468689
2023-10,Export,cement_2523,250700,9886183,21756402
2023-10,Export,cement_2523,252329,8786,64575
2023-10,Export,fertilizers,280800,39319,9734
2023-10,Export,fertilizers,281410,5768103,12806716
2023-10,Export,fertilizers,281420,281836,194124
2023-10,Export,fertilizers,310210,222329,274455
2023-10,Export,fertilizers,310221,117024,197298
2023-10,Export,fertilizers,310230,6251982,25007929
2023-10,Export,fertilizers,310280,24991812,141749548
2023-10,Export,fertilizers,310290,21736,3000
2023-10,Export,fertilizers,310510,120548,37654
2023-10,Export,fertilizers,310520,198804,63385
2023-10,Export,fertilizers,310530,3700,1000
2023-10,Export,fertilizers,310540,2807884,10799560
2023-10,Export,fertilizers,310590,396746,67777
2023-10,Export,iron_steel_72,260112,12950700,138417560
2023-10,Export,iron_steel_72,720211,2716,0
2023-10,Export,iron_steel_72,720260,236385,17945
2023-10,Export,iron_steel_72,720390,6351987,16498670
2023-10,Export,iron_steel_72,720510,288200,27662
2023-10,Export,iron_steel_72,720521,890589,162996
2023-10,Export,iron_steel_72,720529,1209892,635697
2023-10,Export,iron_steel_72,720610,180074,33666
2023-10,Export,iron_steel_72,720826,3046,4349
2023-10,Export,iron_steel_72,720838,38500,15268
2023-10,Export,iron_steel_72,720840,20311,20392
2023-10,Export,iron_steel_72,720852,5803,1316
2023-10,Export,iron_steel_72,720853,9368,1848
2023-10,Export,iron_steel_72,720854,41525,18528
2023-10,Export,iron_steel_72,720890,12900,2185
2023-10,Export,iron_steel_72,720917,37507,39188
2023-10,Export,iron_steel_72,720918,30264,4021
2023-10,Export,iron_steel_72,720990,11214,2888
2023-10,Export,iron_steel_72,721012,252802,334027
2023-10,Export,iron_steel_72,721020,32560,3606
2023-10,Export,iron_steel_72,721049,73344,74319
2023-10,Export,iron_steel_72,721070,10328,2617
2023-10,Export,iron_steel_72,721090,99021,19975
2023-10,Export,iron_steel_72,721230,30579,16316
2023-10,Export,iron_steel_72,721240,11022,5725
2023-10,Export,iron_steel_72,721250,441022,85719
2023-10,Export,iron_steel_72,721260,225860,45279
2023-10,Export,iron_steel_72,721320,121499,8993
2023-10,Export,iron_steel_72,721391,11850,2236
2023-10,Export,iron_steel_72,721510,42064,38516
2023-10,Export,iron_steel_72,721550,5549,5318
2023-10,Export,iron_steel_72,721590,193845,93325
2023-10,Export,iron_steel_72,721632,18440,20809
2023-10,Export,iron_steel_72,721650,44000,58607
2023-10,Export,iron_steel_72,721691,58288,56752
2023-10,Export,iron_steel_72,721699,77604,6034
2023-10,Export,iron_steel_72,721710,277881,66677
2023-10,Export,iron_steel_72,721720,6206,785
2023-10,Export,iron_steel_72,721810,865038,7088
2023-10,Export,iron_steel_72,721911,144226,4262
2023-10,Export,iron_steel_72,721931,2810,102
2023-10,Export,iron_steel_72,722100,497753,40292
2023-10,Export,iron_steel_72,722300,3066865,41354
2023-10,Export,iron_steel_72,722410,1911574,282287
2023-10,Export,iron_steel_72,722511,1127115,422248
2023-10,Export,iron_steel_73,730110,6882,0
2023-10,Export,iron_steel_73,730120,656458,118062
2023-10,Export,iron_steel_73,730210,81988,19854
2023-10,Export,iron_steel_73,730300,13566,185
2023-10,Export,iron_steel_73,730419,1106116,1135174
2023-10,Export,iron_steel_73,730439,80357,25241
2023-10,Export,iron_steel_73,730512,32027,14891
2023-10,Export,iron_steel_73,730520,2600,1130
2023-10,Export,iron_steel_73,730539,37730,10529
2023-10,Export,iron_steel_73,730590,30421,104
2023-10,Export,iron_steel_73,730619,262982,132857
2023-10,Export,iron_steel_73,730630,536378,80774
2023-10,Export,iron_steel_73,730721,1093922,22124
2023-10,Export,iron_steel_73,730791,171126,16279
2023-10,Export,iron_steel_73,730810,263240,62916
2023-10,Export,iron_steel_73,730820,560330,81285
2023-10,Export,iron_steel_73,730830,175742,4787
2023-10,Export,iron_steel_73,730840,423117,70602
2023-10,Export,iron_steel_73,730890,963248,87167
2023-10,Export,iron_steel_73,730900,2535382,68588
2023-10,Export,iron_steel_73,731010,1000573,72038
2023-10,Export,iron_steel_73,731021,748000,418880
2023-10,Export,iron_steel_73,731029,410318,19604
2023-10,Export,iron_steel_73,731100,6240019,286191
2023-10,Export,iron_steel_73,731815,15840086,781276
2023-10,Export,iron_steel_73,731816,6042471,109768
2023-10,Export,iron_steel_73,731822,1872539,221102
2023-10,Export,iron_steel_73,731823,2020429,70756
2023-10,Export,iron_steel_73,732690,33782673,1947626
2023-11,Export,aluminum_76,760110,58721,19101
2023-11,Export,aluminum_76,760120,2263526,564958
2023-11,Export,aluminum_76,760310,201687,17914
2023-11,Export,aluminum_76,760320,15620,5215
2023-11,Export,aluminum_76,760410,123263,4309
2023-11,Export,aluminum_76,760421,152305,10722
2023-11,Export,aluminum_76,760429,3911471,273951
2023-11,Export,aluminum_76,760519,34206,3227
2023-11,Export,aluminum_76,760521,442050,0
2023-11,Export,aluminum_76,760529,138649,1826
2023-11,Export,aluminum_76,760611,167008,13449
2023-11,Export,aluminum_76,760612,8635408,471326
2023-11,Export,aluminum_76,760692,43882,3145
2023-11,Export,aluminum_76,760711,122941,5560
2023-11,Export,aluminum_76,760719,830704,16311
2023-11,Export,aluminum_76,760720,1117997,60071
2023-11,Export,aluminum_76,760820,1189052,80302
2023-11,Export,aluminum_76,760900,1123983,47874
2023-11,Export,aluminum_76,761010,273584,4869
2023-11,Export,aluminum_76,761210,72275,815
2023-11,Export,aluminum_76,761290,788666,208932
2023-11,Export,aluminum_76,761300,1851788,27391
2023-11,Export,aluminum_76,761490,777130,17431
2023-11,Export,aluminum_76,761610,1868288,33976
2023-11,Export,aluminum_76,761691,64133,3045
2023-11,Export,aluminum_76,761699,17817993,653915
2023-11,Export,cement_2523,250700,9407805,23717302
2023-11,Export,cement_2523,252329,22488,165025
2023-11,Export,cement_2523,252390,61941,114924
2023-11,Export,fertilizers,280800,69711,20453
2023-11,Export,fertilizers,281410,8836046,12677763
2023-11,Export,fertilizers,281420,224299,161340
2023-11,Export,fertilizers,310210,141943,59445
2023-11,Export,fertilizers,310280,14713663,85656203
2023-11,Export,fertilizers,310290,171463,4000
2023-11,Export,fertilizers,310510,220716,21383
2023-11,Export,fertilizers,310520,574078,287446
2023-11,Export,fertilizers,310590,123670,58922
2023-11,Export,iron_steel_72,720110,41297,69432
2023-11,Export,iron_steel_72,720211,2716,215
2023-11,Export,iron_steel_72,720390,66382078,195129360
2023-11,Export,iron_steel_72,720510,177858,0
2023-11,Export,iron_steel_72,720521,807575,93335
2023-11,Export,iron_steel_72,720529,681659,330488
2023-11,Export,iron_steel_72,720851,50959,57486
2023-11,Export,iron_steel_72,720890,26679,3039
2023-11,Export,iron_steel_72,720990,3150,206
2023-11,Export,iron_steel_72,721012,226048,256836
2023-11,Export,iron_steel_72,721020,394672,33196
2023-11,Export,iron_steel_72,721030,13385,11633
2023-11,Export,iron_steel_72,721049,75690,46081
2023-11,Export,iron_steel_72,721050,83715,96053
2023-11,Export,iron_steel_72,721090,94457,19711
2023-11,Export,iron_steel_72,721210,105000,22481
2023-11,Export,iron_steel_72,721240,18691,9709
2023-11,Export,iron_steel_72,721250,647935,101715
2023-11,Export,iron_steel_72,721260,61608,15677
2023-11,Export,iron_steel_72,721320,10313,0
2023-11,Export,iron_steel_72,721391,27399,229
2023-11,Export,iron_steel_72,721510,39063,40091
2023-11,Export,iron_steel_72,721590,36889,15257
2023-11,Export,iron_steel_72,721610,79652,5925
2023-11,Export,iron_steel_72,721691,57695,56175
2023-11,Export,iron_steel_72,721699,93306,7675
2023-11,Export,iron_steel_72,721710,163770,63199
2023-11,Export,iron_steel_72,721720,35683,4436
2023-11,Export,iron_steel_72,721810,1132318,93138
2023-11,Export,iron_steel_72,721911,22707,425
2023-11,Export,iron_steel_72,721931,40291,8811
2023-11,Export,iron_steel_72,722100,354517,8770
2023-11,Export,iron_steel_72,722300,3046198,89479
2023-11,Export,iron_steel_72,722410,3286097,353606
2023-11,Export,iron_steel_72,722511,1219418,383232
2023-11,Export,iron_steel_72,722550,69900,72451
2023-11,Export,iron_steel_73,730110,77296,27705
2023-11,Export,iron_steel_73,730120,1073800,65914
2023-11,Export,iron_steel_73,730210,69042,29602
2023-11,Export,iron_steel_73,730230,3480,499
2023-11,Export,iron_steel_73,730290,6826,2179
2023-11,Export,iron_steel_73,730300,18038,5335
2023-11,Export,iron_steel_73,730419,54220,52782
2023-11,Export,iron_steel_73,730439,46599,15107
2023-11,Export,iron_steel_73,730531,15450,9833
2023-11,Export,iron_steel_73,730539,18424,3430
2023-11,Export,iron_steel_73,730630,574461,167216
2023-11,Export,iron_steel_73,730721,1256191,25205
2023-11,Export,iron_steel_73,730791,406020,37530
2023-11,Export,iron_steel_73,730820,837293,209267
2023-11,Export,iron_steel_73,730830,128673,18333
2023-11,Export,iron_steel_73,730840,254280,66111
2023-11,Export,iron_steel_73,730890,1392843,212790
2023-11,Export,iron_steel_73,730900,2089858,209058
2023-11,Export,iron_steel_73,731010,447131,80452
2023-11,Export,iron_steel_73,731021,662900,368434
2023-11,Export,iron_steel_73,731029,735051,45235
2023-11,Export,iron_steel_73,731100,1407040,106808
2023-11,Export,iron_steel_73,731815,14239637,691385
2023-11,Export,iron_steel_73,731816,8242988,174476
2023-11,Export,iron_steel_73,731822,2669850,207072
2023-11,Export,iron_steel_73,731823,1797044,67677
2023-11,Export,iron_steel_73,732690,31127717,1785349
2023-12,Export,aluminum_76,760110,180439,73674
2023-12,Export,aluminum_76,760120,2023833,402461
2023-12,Export,aluminum_76,760310,420340,84560
2023-12,Export,aluminum_76,760320,62346,11543
2023-12,Export,aluminum_76,760410,147520,2570
2023-12,Export,aluminum_76,760421,163736,11682
2023-12,Export,aluminum_76,760429,2648328,255384
2023-12,Export,aluminum_76,760519,2957,386
2023-12,Export,aluminum_76,760521,341343,0
2023-12,Export,aluminum_76,760529,323109,4861
2023-12,Export,aluminum_76,760611,460043,63017
2023-12,Export,aluminum_76,760612,10980465,521982
2023-12,Export,aluminum_76,760691,9509,535
2023-12,Export,aluminum_76,760692,78123,6650
2023-12,Export,aluminum_76,760711,212646,18353
2023-12,Export,aluminum_76,760719,856995,16186
2023-12,Export,aluminum_76,760720,1666363,95732
2023-12,Export,aluminum_76,760810,6452,74
2023-12,Export,aluminum_76,760820,1443925,48066
2023-12,Export,aluminum_76,760900,1938712,110868
2023-12,Export,aluminum_76,761010,50904,4388
2023-12,Export,aluminum_76,761100,68537,1231
2023-12,Export,aluminum_76,761290,872427,107723
2023-12,Export,aluminum_76,761300,1378322,21169
2023-12,Export,aluminum_76,761610,2414489,44708
2023-12,Export,aluminum_76,761691,202124,16619
2023-12,Export,aluminum_76,761699,14126183,432722
2023-12,Export,cement_2523,250700,8769000,22394130
2023-12,Export,cement_2523,252330,24863,43050
2023-12,Export,fertilizers,280800,32912,9597
2023-12,Export,fertilizers,281410,227647,31581
2023-12,Export,fertilizers,281420,294716,169876
2023-12,Export,fertilizers,283421,90739,37672
2023-12,Export,fertilizers,310210,111932,157022
2023-12,Export,fertilizers,310221,177361,154000
2023-12,Export,fertilizers,310280,6673817,42631336
2023-12,Export,fertilizers,310290,57493,12370
2023-12,Export,fertilizers,310510,146454,24301
2023-12,Export,fertilizers,310520,1263624,788750
2023-12,Export,fertilizers,310530,34369,95000
2023-12,Export,fertilizers,310540,3232,2000
2023-12,Export,fertilizers,310590,607781,201816
2023-12,Export,iron_steel_72,720211,2716,228
2023-12,Export,iron_steel_72,720310,14504160,88000000
2023-12,Export,iron_steel_72,720510,235199,36
2023-12,Export,iron_steel_72,720521,605903,69573
2023-12,Export,iron_steel_72,720529,1951974,1350703
2023-12,Export,iron_steel_72,720825,495709,36543
2023-12,Export,iron_steel_72,720851,148523,164070
2023-12,Export,iron_steel_72,720852,155107,49194
2023-12,Export,iron_steel_72,720917,102214,50278
2023-12,Export,iron_steel_72,720918,8500,7606
2023-12,Export,iron_steel_72,721012,100147,107011
2023-12,Export,iron_steel_72,721020,60039,2851
2023-12,Export,iron_steel_72,721030,105064,20945
2023-12,Export,iron_steel_72,721049,98316,99622
2023-12,Export,iron_steel_72,721061,17882,11161
2023-12,Export,iron_steel_72,721070,5310,135
2023-12,Export,iron_steel_72,721090,95199,19444
2023-12,Export,iron_steel_72,721210,9712,793
2023-12,Export,iron_steel_72,721220,71905,19079
2023-12,Export,iron_steel_72,721250,448502,51643
2023-12,Export,iron_steel_72,721260,171223,42311
2023-12,Export,iron_steel_72,721391,9850,6
2023-12,Export,iron_steel_72,721550,18408,20001
2023-12,Export,iron_steel_72,721590,77208,22589
2023-12,Export,iron_steel_72,721610,12782,7256
2023-12,Export,iron_steel_72,721621,3729,1145
2023-12,Export,iron_steel_72,721632,30798,52747
2023-12,Export,iron_steel_72,721640,14599,4687
2023-12,Export,iron_steel_72,721691,160283,156061
2023-12,Export,iron_steel_72,721699,42800,9399
2023-12,Export,iron_steel_72,721710,306011,146861
2023-12,Export,iron_steel_72,721810,1064810,40380
2023-12,Export,iron_steel_72,721911,124743,2685
2023-12,Export,iron_steel_72,721931,14331,4891
2023-12,Export,iron_steel_72,722300,3535823,26156
2023-12,Export,iron_steel_72,722410,34994,475
2023-12,Export,iron_steel_72,722511,1360155,458480
2023-12,Export,iron_steel_72,722550,17894,12311
2023-12,Export,iron_steel_73,730110,7552,188
2023-12,Export,iron_steel_73,730120,913473,135206
2023-12,Export,iron_steel_73,730210,82544,2645
2023-12,Export,iron_steel_73,730290,8322,2020
2023-12,Export,iron_steel_73,730300,4648,9
2023-12,Export,iron_steel_73,730419,187661,152460
2023-12,Export,iron_steel_73,730439,74346,21273
2023-12,Export,iron_steel_73,730511,6674,2443
2023-12,Export,iron_steel_73,730531,15534,334
2023-12,Export,iron_steel_73,730539,14000,4930
2023-12,Export,iron_steel_73,730590,89751,451
2023-12,Export,iron_steel_73,730619,5221,457
2023-12,Export,iron_steel_73,730630,297000,40729
2023-12,Export,iron_steel_73,730721,1779089,28769
2023-12,Export,iron_steel_73,730791,335695,32366
2023-12,Export,iron_steel_73,730810,483405,116112
2023-12,Export,iron_steel_73,730820,56907,18657
2023-12,Export,iron_steel_73,730830,555501,51792
2023-12,Export,iron_steel_73,730840,48549,6059
2023-12,Export,iron_steel_73,730890,945932,127841
2023-12,Export,iron_steel_73,730900,3180642,312288
2023-12,Export,iron_steel_73,731010,835718,80294
2023-12,Export,iron_steel_73,731021,694960,389914
2023-12,Export,iron_steel_73,731029,2545516,103002
2023-12,Export,iron_steel_73,731100,2063793,340830
2023-12,Export,iron_steel_73,731815,9883119,524710
2023-12,Export,iron_steel_73,731816,6261238,124802
2023-12,Export,iron_steel_73,731822,1733874,191091
2023-12,Export,iron_steel_73,731823,2750183,121013
2023-12,Export,iron_steel_73,732690,29286745,1699893
2024-01,Export,aluminum_76,760110,73659,30074
2024-01,Export,aluminum_76,760120,4085787,894720
2024-01,Export,aluminum_76,760310,293629,27037
2024-01,Export,aluminum_76,760410,188608,8069
2024-01,Export,aluminum_76,760421,90520,5075
2024-01,Export,aluminum_76,760429,4281645,346901
2024-01,Export,aluminum_76,760519,64529,13406
2024-01,Export,aluminum_76,760521,779004,0
2024-01,Export,aluminum_76,760529,90523,8
2024-01,Export,aluminum_76,760611,322818,28024
2024-01,Export,aluminum_76,760612,15461707,939100
2024-01,Export,aluminum_76,760691,16790,1826
2024-01,Export,aluminum_76,760692,155874,35715
2024-01,Export,aluminum_76,760711,119050,2822
2024-01,Export,aluminum_76,760719,452781,22747
2024-01,Export,aluminum_76,760720,1613674,71741
2024-01,Export,aluminum_76,760820,876637,69736
2024-01,Export,aluminum_76,760900,1565785,71233
2024-01,Export,aluminum_76,761010,13837,1381
2024-01,Export,aluminum_76,761100,15916,1736
2024-01,Export,aluminum_76,761290,2218395,187946
2024-01,Export,aluminum_76,761300,2138952,29868
2024-01,Export,aluminum_76,761490,8779,1167
2024-01,Export,aluminum_76,761610,1658162,30899
2024-01,Export,aluminum_76,761691,63836,6979
2024-01,Export,aluminum_76,761699,20456375,771569
2024-01,Export,cement_2523,250700,10688567,22396351
2024-01,Export,cement_2523,252390,269580,4283974
2024-01,Export,fertilizers,280800,32912,9597
2024-01,Export,fertilizers,281410,10230867,33858922
2024-01,Export,fertilizers,281420,334008,184800
2024-01,Export,fertilizers,310210,106589,390000
2024-01,Export,fertilizers,310221,111215,31398
2024-01,Export,fertilizers,310229,44208,18238
2024-01,Export,fertilizers,310280,8296426,42755109
2024-01,Export,fertilizers,310290,76536,32316
2024-01,Export,fertilizers,310510,280160,44950
2024-01,Export,fertilizers,310520,937198,335114
2024-01,Export,fertilizers,310559,94139,42180
2024-01,Export,fertilizers,310590,986696,131084
2024-01,Export,hydrogen_2804,280410,50486,48335
2024-01,Export,iron_steel_72,720510,484507,21811
2024-01,Export,iron_steel_72,720521,826259,182852
2024-01,Export,iron_steel_72,720529,706337,372775
2024-01,Export,iron_steel_72,720825,9279,1499
2024-01,Export,iron_steel_72,720851,60227,67942
2024-01,Export,iron_steel_72,720915,2896,4574
2024-01,Export,iron_steel_72,720917,97400,35686
2024-01,Export,iron_steel_72,720918,95772,12141
2024-01,Export,iron_steel_72,720926,6200,1869
2024-01,Export,iron_steel_72,720990,14188,12100
2024-01,Export,iron_steel_72,721020,76283,3003
2024-01,Export,iron_steel_72,721049,103518,104911
2024-01,Export,iron_steel_72,721050,16060,15570
2024-01,Export,iron_steel_72,721061,19782,20215
2024-01,Export,iron_steel_72,721090,98412,19822
2024-01,Export,iron_steel_72,721240,18843,9788
2024-01,Export,iron_steel_72,721250,1151664,126330
2024-01,Export,iron_steel_72,721260,82339,20931
2024-01,Export,iron_steel_72,721310,8171,8224
2024-01,Export,iron_steel_72,721320,41094,682
2024-01,Export,iron_steel_72,721391,72728,6313
2024-01,Export,iron_steel_72,721550,5196,1141
2024-01,Export,iron_steel_72,721590,49864,16426
2024-01,Export,iron_steel_72,721691,143267,91969
2024-01,Export,iron_steel_72,721699,229991,28513
2024-01,Export,iron_steel_72,721710,488723,119694
2024-01,Export,iron_steel_72,721720,6206,995
2024-01,Export,iron_steel_72,721810,1142530,64349
2024-01,Export,iron_steel_72,721911,197609,16568
2024-01,Export,iron_steel_72,721931,7405,769
2024-01,Export,iron_steel_72,722100,210300,5424
2024-01,Export,iron_steel_72,722300,2900420,55666
2024-01,Export,iron_steel_72,722410,2411861,380368
2024-01,Export,iron_steel_72,722511,934604,257767
2024-01,Export,iron_steel_73,730110,23948,503
2024-01,Export,iron_steel_73,730120,521190,67162
2024-01,Export,iron_steel_73,730210,64203,29741
2024-01,Export,iron_steel_73,730230,5220,598
2024-01,Export,iron_steel_73,730290,25264,7413
2024-01,Export,iron_steel_73,730300,6366,28
2024-01,Export,iron_steel_73,730419,12312,883
2024-01,Export,iron_steel_73,730439,121919,30931
2024-01,Export,iron_steel_73,730590,8935,20
2024-01,Export,iron_steel_73,730619,271165,135436
2024-01,Export,iron_steel_73,730630,396155,93920
2024-01,Export,iron_steel_73,730721,904700,12893
2024-01,Export,iron_steel_73,730791,319158,20872
2024-01,Export,iron_steel_73,730820,114550,31140
2024-01,Export,iron_steel_73,730830,764018,15021
2024-01,Export,iron_steel_73,730840,84809,17370
2024-01,Export,iron_steel_73,730890,927409,66649
2024-01,Export,iron_steel_73,730900,2972047,112847
2024-01,Export,iron_steel_73,731010,1183864,97554
2024-01,Export,iron_steel_73,731021,817455,445553
2024-01,Export,iron_steel_73,731029,430511,26630
2024-01,Export,iron_steel_73,731100,2122934,326379
2024-01,Export,iron_steel_73,731815,14637300,649860
2024-01,Export,iron_steel_73,731816,6605421,89666
2024-01,Export,iron_steel_73,731822,2098818,234345
2024-01,Export,iron_steel_73,731823,2611010,102168
2024-01,Export,iron_steel_73,732690,31769898,1938848
2024-02,Export,aluminum_76,760110,45733,17046
2024-02,Export,aluminum_76,760120,4585963,1301375
2024-02,Export,aluminum_76,760310,446024,33862
2024-02,Export,aluminum_76,760320,22168,9425
2024-02,Export,aluminum_76,760410,244726,25985
2024-02,Export,aluminum_76,760421,165510,12850
2024-02,Export,aluminum_76,760429,4556342,335923
2024-02,Export,aluminum_76,760519,14835,4008
2024-02,Export,aluminum_76,760521,931786,230
2024-02,Export,aluminum_76,760529,77111,3083
2024-02,Export,aluminum_76,760611,450850,15525
2024-02,Export,aluminum_76,760612,9870213,688182
2024-02,Export,aluminum_76,760691,60021,554
2024-02,Export,aluminum_76,760692,89663,11483
2024-02,Export,aluminum_76,760711,217121,10926
2024-02,Export,aluminum_76,760719,786822,41535
2024-02,Export,aluminum_76,760720,1658452,108124
2024-02,Export,aluminum_76,760810,71761,12800
2024-02,Export,aluminum_76,760820,746862,48011
2024-02,Export,aluminum_76,760900,1813989,66131
2024-02,Export,aluminum_76,761010,76126,8325
2024-02,Export,aluminum_76,761100,23350,175
2024-02,Export,aluminum_76,761210,49751,1759
2024-02,Export,aluminum_76,761290,1023585,148369
2024-02,Export,aluminum_76,761300,2427359,170571
2024-02,Export,aluminum_76,761410,19729,4927
2024-02,Export,aluminum_76,761610,3706075,94481
2024-02,Export,aluminum_76,761691,289313,25263
2024-02,Export,aluminum_76,761699,23132288,913963
2024-02,Export,cement_2523,250700,14299081,35874931
2024-02,Export,cement_2523,252321,36103,65412
2024-02,Export,cement_2523,252390,93963,224135
2024-02,Export,fertilizers,280800,36900,9661
2024-02,Export,fertilizers,281410,106574,21670
2024-02,Export,fertilizers,281420,494554,286492
2024-02,Export,fertilizers,310210,99787,97511
2024-02,Export,fertilizers,310280,2954124,20590991
2024-02,Export,fertilizers,310290,174448,69781
2024-02,Export,fertilizers,310510,49462,9192
2024-02,Export,fertilizers,310520,601127,268009
2024-02,Export,fertilizers,310530,15872,14988
2024-02,Export,fertilizers,310540,160535,375650
2024-02,Export,fertilizers,310590,708479,150093
2024-02,Export,hydrogen_2804,280410,80229,73686
2024-02,Export,iron_steel_72,260112,15934473,108939990
2024-02,Export,iron_steel_72,720211,6923,501
2024-02,Export,iron_steel_72,720310,13830934,79033910
2024-02,Export,iron_steel_72,720390,11668,3221
2024-02,Export,iron_steel_72,720510,228137,10996
2024-02,Export,iron_steel_72,720521,1254277,188963
2024-02,Export,iron_steel_72,720529,973848,529946
2024-02,Export,iron_steel_72,720610,3780,5
2024-02,Export,iron_steel_72,720810,33045,47703
2024-02,Export,iron_steel_72,720851,2785,521
2024-02,Export,iron_steel_72,720852,93882,104809
2024-02,Export,iron_steel_72,720854,10346,4001
2024-02,Export,iron_steel_72,720890,3960,671
2024-02,Export,iron_steel_72,720915,9673,15277
2024-02,Export,iron_steel_72,720916,4525,1253
2024-02,Export,iron_steel_72,720917,110585,40517
2024-02,Export,iron_steel_72,720926,11621,907
2024-02,Export,iron_steel_72,720990,7350,6269
2024-02,Export,iron_steel_72,721012,222023,245815
2024-02,Export,iron_steel_72,721020,76972,2382
2024-02,Export,iron_steel_72,721030,21421,4332
2024-02,Export,iron_steel_72,721049,573238,1111540
2024-02,Export,iron_steel_72,721050,71295,51850
2024-02,Export,iron_steel_72,721061,9741,9954
2024-02,Export,iron_steel_72,721069,56255,123870
2024-02,Export,iron_steel_72,721070,12064,3806
2024-02,Export,iron_steel_72,721220,9450,17179
2024-02,Export,iron_steel_72,721240,39769,20658
2024-02,Export,iron_steel_72,721250,182055,24356
2024-02,Export,iron_steel_72,721260,63340,15625
2024-02,Export,iron_steel_72,721391,589556,597
2024-02,Export,iron_steel_72,721399,4950,4269
2024-02,Export,iron_steel_72,721510,5586,1072
2024-02,Export,iron_steel_72,721550,30840,23731
2024-02,Export,iron_steel_72,721590,58549,25239
2024-02,Export,iron_steel_72,721631,37800,31500
2024-02,Export,iron_steel_72,721650,70683,92005
2024-02,Export,iron_steel_72,721661,2515,502
2024-02,Export,iron_steel_72,721691,72667,70752
2024-02,Export,iron_steel_72,721710,334341,58496
2024-02,Export,iron_steel_72,721720,3077,1221
2024-02,Export,iron_steel_72,721810,583401,51157
2024-02,Export,iron_steel_72,721911,38928,967
2024-02,Export,iron_steel_72,721931,17226,5879
2024-02,Export,iron_steel_72,722100,325876,9166
2024-02,Export,iron_steel_72,722300,4442068,67864
2024-02,Export,iron_steel_72,722410,2872633,596259
2024-02,Export,iron_steel_72,722511,722520,218279
2024-02,Export,iron_steel_72,722550,86063,50324
2024-02,Export,iron_steel_73,730110,81962,25674
2024-02,Export,iron_steel_73,730120,1170209,135887
2024-02,Export,iron_steel_73,730210,207454,59873
2024-02,Export,iron_steel_73,730290,48045,10249
2024-02,Export,iron_steel_73,730300,2650,2
2024-02,Export,iron_steel_73,730419,233019,75544
2024-02,Export,iron_steel_73,730439,204777,62115
2024-02,Export,iron_steel_73,730590,53012,598
2024-02,Export,iron_steel_73,730619,301178,413172
2024-02,Export,iron_steel_73,730630,262625,50540
2024-02,Export,iron_steel_73,730721,1121711,20703
2024-02,Export,iron_steel_73,730791,391577,54618
2024-02,Export,iron_steel_73,730810,544596,99270
2024-02,Export,iron_steel_73,730820,79420,14881
2024-02,Export,iron_steel_73,730830,370163,12444
2024-02,Export,iron_steel_73,730840,236426,35912
2024-02,Export,iron_steel_73,730890,1740441,313579
2024-02,Export,iron_steel_73,730900,840392,50598
2024-02,Export,iron_steel_73,731010,935535,168957
2024-02,Export,iron_steel_73,731021,1006312,546840
2024-02,Export,iron_steel_73,731029,463734,127856
2024-02,Export,iron_steel_73,731100,3130567,530954
2024-02,Export,iron_steel_73,731815,19936700,923926
2024-02,Export,iron_steel_73,731816,8704661,156803
2024-02,Export,iron_steel_73,731822,2891646,245410
2024-02,Export,iron_steel_73,731823,2938007,115012
2024-02,Export,iron_steel_73,732690,35731098,2057762
2024-03,Export,aluminum_76,760110,55259,19710
2024-03,Export,aluminum_76,760120,7888460,2105054
2024-03,Export,aluminum_76,760310,540979,53177
2024-03,Export,aluminum_76,760320,35047,20087
2024-03,Export,aluminum_76,760410,283285,17919
2024-03,Export,aluminum_76,760421,293923,15350
2024-03,Export,aluminum_76,760429,5119565,382375
2024-03,Export,aluminum_76,760519,93460,17820
2024-03,Export,aluminum_76,760521,945170,0
2024-03,Export,aluminum_76,760529,160932,12045
2024-03,Export,aluminum_76,760611,398948,36169
2024-03,Export,aluminum_76,760612,10155749,744127
2024-03,Export,aluminum_76,760692,89210,10661
2024-03,Export,aluminum_76,760711,274581,15170
2024-03,Export,aluminum_76,760719,560729,29205
2024-03,Export,aluminum_76,760720,2651523,197315
2024-03,Export,aluminum_76,760810,8241,1017
2024-03,Export,aluminum_76,760820,1156812,54122
2024-03,Export,aluminum_76,760900,1184918,60737
2024-03,Export,aluminum_76,761010,755954,21417
2024-03,Export,aluminum_76,761100,10800,100
2024-03,Export,aluminum_76,761210,50963,183
2024-03,Export,aluminum_76,761290,808573,143415
2024-03,Export,aluminum_76,761300,2489081,34432
2024-03,Export,aluminum_76,761610,2613243,36643
2024-03,Export,aluminum_76,761691,262527,21060
2024-03,Export,aluminum_76,761699,22844547,821443
2024-03,Export,cement_2523,250700,12197588,32964902
2024-03,Export,cement_2523,252310,9588,6619
2024-03,Export,cement_2523,252390,104088,167538
2024-03,Export,fertilizers,280800,62738,17221
2024-03,Export,fertilizers,281410,4597182,13807824
2024-03,Export,fertilizers,281420,623889,342512
2024-03,Export,fertilizers,283421,20424,43860
2024-03,Export,fertilizers,310210,363883,417730
2024-03,Export,fertilizers,310221,325117,48240
2024-03,Export,fertilizers,310229,20016,10418
2024-03,Export,fertilizers,310290,104748,23437
2024-03,Export,fertilizers,310510,278568,25731
2024-03,Export,fertilizers,310520,857150,7131733
2024-03,Export,fertilizers,310540,490500,1222840
2024-03,Export,fertilizers,310590,1160620,169513
2024-03,Export,hydrogen_2804,280410,75729,72712
2024-03,Export,iron_steel_72,260112,30122952,245305145
2024-03,Export,iron_steel_72,720110,79800,49540
2024-03,Export,iron_steel_72,720211,2832,0
2024-03,Export,iron_steel_72,720390,11120917,60113070
2024-03,Export,iron_steel_72,720510,298234,118
2024-03,Export,iron_steel_72,720521,1425701,195805
2024-03,Export,iron_steel_72,720529,1030102,511424
2024-03,Export,iron_steel_72,720610,46552,2132
2024-03,Export,iron_steel_72,720810,3988,1361
2024-03,Export,iron_steel_72,720825,70600,31563
2024-03,Export,iron_steel_72,720838,38500,15268
2024-03,Export,iron_steel_72,720839,6480,10505
2024-03,Export,iron_steel_72,720890,4034,6
2024-03,Export,iron_steel_72,720916,5951,4191
2024-03,Export,iron_steel_72,720917,80874,29631
2024-03,Export,iron_steel_72,720925,4712,3876
2024-03,Export,iron_steel_72,720926,15200,4797
2024-03,Export,iron_steel_72,721012,31261,42483
2024-03,Export,iron_steel_72,721020,14365,926
2024-03,Export,iron_steel_72,721030,37188,16059
2024-03,Export,iron_steel_72,721049,127413,129107
2024-03,Export,iron_steel_72,721050,13725,28717
2024-03,Export,iron_steel_72,721061,19782,20215
2024-03,Export,iron_steel_72,721069,5208,2651
2024-03,Export,iron_steel_72,721070,9426,2617
2024-03,Export,iron_steel_72,721090,253325,36545
2024-03,Export,iron_steel_72,721220,10500,14120
2024-03,Export,iron_steel_72,721250,1721161,215961
2024-03,Export,iron_steel_72,721260,101865,24411
2024-03,Export,iron_steel_72,721320,4800,272
2024-03,Export,iron_steel_72,721391,13818,47
2024-03,Export,iron_steel_72,721510,11782,5744
2024-03,Export,iron_steel_72,721550,89638,22788
2024-03,Export,iron_steel_72,721590,204308,102127
2024-03,Export,iron_steel_72,721610,4373,4373
2024-03,Export,iron_steel_72,721621,3120,2916
2024-03,Export,iron_steel_72,721691,26940,26229
2024-03,Export,iron_steel_72,721699,96272,16479
2024-03,Export,iron_steel_72,721710,381035,120274
2024-03,Export,iron_steel_72,721810,1455956,49532
2024-03,Export,iron_steel_72,721911,89629,2551
2024-03,Export,iron_steel_72,721931,17353,5923
2024-03,Export,iron_steel_72,722100,279727,7438
2024-03,Export,iron_steel_72,722300,4437830,38428
2024-03,Export,iron_steel_72,722410,215323,61179
2024-03,Export,iron_steel_72,722511,988568,354983
2024-03,Export,iron_steel_72,722530,23975,26438
2024-03,Export,iron_steel_72,722550,58933,33663
2024-03,Export,iron_steel_73,730110,2985,8
2024-03,Export,iron_steel_73,730120,732586,144369
2024-03,Export,iron_steel_73,730210,97359,25688
2024-03,Export,iron_steel_73,730419,207206,153289
2024-03,Export,iron_steel_73,730439,272060,86297
2024-03,Export,iron_steel_73,730531,15450,10461
2024-03,Export,iron_steel_73,730590,22095,845
2024-03,Export,iron_steel_73,730619,14506,1995
2024-03,Export,iron_steel_73,730630,533690,88779
2024-03,Export,iron_steel_73,730721,1312880,34545
2024-03,Export,iron_steel_73,730791,384807,14415
2024-03,Export,iron_steel_73,730820,462775,160545
2024-03,Export,iron_steel_73,730830,210774,15694
2024-03,Export,iron_steel_73,730840,83879,7496
2024-03,Export,iron_steel_73,730890,1486329,93906
2024-03,Export,iron_steel_73,730900,643878,47485
2024-03,Export,iron_steel_73,731010,1239574,79974
2024-03,Export,iron_steel_73,731021,1172129,665605
2024-03,Export,iron_steel_73,731029,841361,32949
2024-03,Export,iron_steel_73,731100,5595744,939886
2024-03,Export,iron_steel_73,731815,15030863,731278
2024-03,Export,iron_steel_73,731816,7047647,136585
2024-03,Export,iron_steel_73,731822,2031446,220971
2024-03,Export,iron_steel_73,731823,3531510,136856
2024-03,Export,iron_steel_73,732690,38031300,2027047
2024-04,Export,aluminum_76,760110,41841,17083
2024-04,Export,aluminum_76,760120,5196029,1240910
2024-04,Export,aluminum_76,760310,466640,48403
2024-04,Export,aluminum_76,760320,26802,7139
2024-04,Export,aluminum_76,760410,312429,17606
2024-04,Export,aluminum_76,760421,276122,32071
2024-04,Export,aluminum_76,760429,5012792,344944
2024-04,Export,aluminum_76,760519,173748,34262
2024-04,Export,aluminum_76,760521,880940,0
2024-04,Export,aluminum_76,760529,25145,2711
2024-04,Export,aluminum_76,760611,177416,20097
2024-04,Export,aluminum_76,760612,10906628,743401
2024-04,Export,aluminum_76,760692,31403,1624
2024-04,Export,aluminum_76,760711,166699,13592
2024-04,Export,aluminum_76,760719,685651,68804
2024-04,Export,aluminum_76,760720,968935,89792
2024-04,Export,aluminum_76,760810,19502,955
2024-04,Export,aluminum_76,760820,774388,71427
2024-04,Export,aluminum_76,760900,1796001,128951
2024-04,Export,aluminum_76,761010,35465,1019
2024-04,Export,aluminum_76,761100,8300,150
2024-04,Export,aluminum_76,761210,58813,1785
2024-04,Export,aluminum_76,761290,1029186,174675
2024-04,Export,aluminum_76,761300,2683842,37927
2024-04,Export,aluminum_76,761490,11807,542
2024-04,Export,aluminum_76,761610,2201570,40670
2024-04,Export,aluminum_76,761691,41567,2721
2024-04,Export,aluminum_76,761699,15878910,481339
2024-04,Export,cement_2523,250700,9046388,14771311
2024-04,Export,cement_2523,252329,11454,84050
2024-04,Export,cement_2523,252390,10528,9225
2024-04,Export,fertilizers,280800,112614,21101
2024-04,Export,fertilizers,281410,8335147,22392410
2024-04,Export,fertilizers,281420,392925,221588
2024-04,Export,fertilizers,283421,15536,25892
2024-04,Export,fertilizers,310210,553494,520724
2024-04,Export,fertilizers,310221,230760,548099
2024-04,Export,fertilizers,310290,91190,31488
2024-04,Export,fertilizers,310510,196345,60434
2024-04,Export,fertilizers,310520,697359,273232
2024-04,Export,fertilizers,310530,15873,15077
2024-04,Export,fertilizers,310540,480000,1200000
2024-04,Export,fertilizers,310559,49676,59297
2024-04,Export,fertilizers,310590,965206,136097
2024-04,Export,hydrogen_2804,280410,12258,3016
2024-04,Export,iron_steel_72,720110,9940,2022
2024-04,Export,iron_steel_72,720390,42083280,104926908
2024-04,Export,iron_steel_72,720510,604625,42822
2024-04,Export,iron_steel_72,720521,1240706,345774
2024-04,Export,iron_steel_72,720529,930961,498970
2024-04,Export,iron_steel_72,720610,15283,615
2024-04,Export,iron_steel_72,720851,17035,19217
2024-04,Export,iron_steel_72,720852,25260,7669
2024-04,Export,iron_steel_72,720853,6410,2858
2024-04,Export,iron_steel_72,720890,7485,1638
2024-04,Export,iron_steel_72,720916,5219,1420
2024-04,Export,iron_steel_72,720918,29677,4686
2024-04,Export,iron_steel_72,720926,2650,2417
2024-04,Export,iron_steel_72,721012,393019,449756
2024-04,Export,iron_steel_72,721020,10027,1491
2024-04,Export,iron_steel_72,721030,5670,3783
2024-04,Export,iron_steel_72,721049,72147,69806
2024-04,Export,iron_steel_72,721061,19782,20215
2024-04,Export,iron_steel_72,721070,9637,2617
2024-04,Export,iron_steel_72,721090,123455,20733
2024-04,Export,iron_steel_72,721240,54360,28236
2024-04,Export,iron_steel_72,721250,2243847,277999
2024-04,Export,iron_steel_72,721260,64965,12930
2024-04,Export,iron_steel_72,721391,15220,127
2024-04,Export,iron_steel_72,721510,10710,0
2024-04,Export,iron_steel_72,721550,84881,0
2024-04,Export,iron_steel_72,721590,61725,29755
2024-04,Export,iron_steel_72,721691,101077,98413
2024-04,Export,iron_steel_72,721699,50328,8812
2024-04,Export,iron_steel_72,721710,216393,52337
2024-04,Export,iron_steel_72,721720,39850,4946
2024-04,Export,iron_steel_72,721810,3958229,1193582
2024-04,Export,iron_steel_72,721911,30535,1906
2024-04,Export,iron_steel_72,721931,19474,3915
2024-04,Export,iron_steel_72,722100,384639,8379
2024-04,Export,iron_steel_72,722300,3425238,59130
2024-04,Export,iron_steel_72,722410,1120226,169810
2024-04,Export,iron_steel_72,722511,633441,210269
2024-04,Export,iron_steel_73,730120,508463,204282
2024-04,Export,iron_steel_73,730210,9362,452
2024-04,Export,iron_steel_73,730419,185851,43924
2024-04,Export,iron_steel_73,730439,227918,71846
2024-04,Export,iron_steel_73,730619,32287,2281
2024-04,Export,iron_steel_73,730630,304436,47665
2024-04,Export,iron_steel_73,730721,1013506,13617
2024-04,Export,iron_steel_73,730791,95002,2316
2024-04,Export,iron_steel_73,730810,244856,64256
2024-04,Export,iron_steel_73,730820,1500276,135639
2024-04,Export,iron_steel_73,730830,97341,9990
2024-04,Export,iron_steel_73,730840,131410,38571
2024-04,Export,iron_steel_73,730890,1466638,289236
2024-04,Export,iron_steel_73,730900,867970,57181
2024-04,Export,iron_steel_73,731010,829726,17457
2024-04,Export,iron_steel_73,731021,1008284,537504
2024-04,Export,iron_steel_73,731029,855695,110081
2024-04,Export,iron_steel_73,731100,4894685,1104862
2024-04,Export,iron_steel_73,731815,14405835,638662
2024-04,Export,iron_steel_73,731816,6430817,107449
2024-04,Export,iron_steel_73,731822,2668191,187716
2024-04,Export,iron_steel_73,731823,2618356,93884
2024-04,Export,iron_steel_73,732690,29851485,1632335
2024-05,Export,aluminum_76,760110,148249,60530
2024-05,Export,aluminum_76,760120,4683612,828160
2024-05,Export,aluminum_76,760310,671790,65973
2024-05,Export,aluminum_76,760320,17144,382
2024-05,Export,aluminum_76,760410,187303,3680
2024-05,Export,aluminum_76,760421,299936,22396
2024-05,Export,aluminum_76,760429,5671744,510588
2024-05,Export,aluminum_76,760519,247197,32269
2024-05,Export,aluminum_76,760521,390574,0
2024-05,Export,aluminum_76,760529,108876,7504
2024-05,Export,aluminum_76,760611,108790,8924
2024-05,Export,aluminum_76,760612,13438330,757010
2024-05,Export,aluminum_76,760691,12363,1242
2024-05,Export,aluminum_76,760692,54890,8015
2024-05,Export,aluminum_76,760711,125743,10368
2024-05,Export,aluminum_76,760719,714996,17318
2024-05,Export,aluminum_76,760720,2025857,179843
2024-05,Export,aluminum_76,760810,6900,996
2024-05,Export,aluminum_76,760820,1067353,53927
2024-05,Export,aluminum_76,760900,1627643,93909
2024-05,Export,aluminum_76,761010,176469,20276
2024-05,Export,aluminum_76,761100,43569,5783
2024-05,Export,aluminum_76,761210,51005,183
2024-05,Export,aluminum_76,761290,1268741,216428
2024-05,Export,aluminum_76,761300,2629949,37922
2024-05,Export,aluminum_76,761410,67764,16921
2024-05,Export,aluminum_76,761490,20610,85
2024-05,Export,aluminum_76,761610,2853217,60919
2024-05,Export,aluminum_76,761691,140897,12416
2024-05,Export,aluminum_76,761699,17854452,653687
2024-05,Export,cement_2523,250700,14146297,36553672
2024-05,Export,cement_2523,252321,32543,50945
2024-05,Export,cement_2523,252329,6109,45100
2024-05,Export,cement_2523,252330,50935,78925
2024-05,Export,cement_2523,252390,44076,49693
2024-05,Export,fertilizers,280800,53179,3056
2024-05,Export,fertilizers,281410,9227392,26541483
2024-05,Export,fertilizers,281420,111934,48112
2024-05,Export,fertilizers,283421,26859,5492
2024-05,Export,fertilizers,310210,892881,620743
2024-05,Export,fertilizers,310221,62340,13000
2024-05,Export,fertilizers,310230,2835,4000
2024-05,Export,fertilizers,310290,26083,4211
2024-05,Export,fertilizers,310510,62927,21716
2024-05,Export,fertilizers,310520,465813,167321
2024-05,Export,fertilizers,310540,505208,1324603
2024-05,Export,fertilizers,310590,659378,101475
2024-05,Export,iron_steel_72,260112,4108000,69835932
2024-05,Export,iron_steel_72,720110,8333,29319
2024-05,Export,iron_steel_72,720241,2595,3684
2024-05,Export,iron_steel_72,720310,13916608,88079800
2024-05,Export,iron_steel_72,720510,384253,23429
2024-05,Export,iron_steel_72,720521,1363739,407960
2024-05,Export,iron_steel_72,720529,1370501,845710
2024-05,Export,iron_steel_72,720610,3742,163
2024-05,Export,iron_steel_72,720840,4862,4881
2024-05,Export,iron_steel_72,720851,44189,31867
2024-05,Export,iron_steel_72,720890,164429,67900
2024-05,Export,iron_steel_72,720915,4080,6443
2024-05,Export,iron_steel_72,720916,4871,1321
2024-05,Export,iron_steel_72,720917,25374,29380
2024-05,Export,iron_steel_72,720918,49614,7804
2024-05,Export,iron_steel_72,720925,5250,3792
2024-05,Export,iron_steel_72,721012,22613,49529
2024-05,Export,iron_steel_72,721020,20566,22731
2024-05,Export,iron_steel_72,721041,65729,18598
2024-05,Export,iron_steel_72,721049,213358,161435
2024-05,Export,iron_steel_72,721050,90000,243762
2024-05,Export,iron_steel_72,721061,2547,2603
2024-05,Export,iron_steel_72,721090,111389,19840
2024-05,Export,iron_steel_72,721240,19151,9948
2024-05,Export,iron_steel_72,721250,1761399,290454
2024-05,Export,iron_steel_72,721260,20121,10760
2024-05,Export,iron_steel_72,721320,2843,83
2024-05,Export,iron_steel_72,721391,32976,146
2024-05,Export,iron_steel_72,721420,28684,26892
2024-05,Export,iron_steel_72,721510,3724,728
2024-05,Export,iron_steel_72,721550,42415,0
2024-05,Export,iron_steel_72,721590,50707,19788
2024-05,Export,iron_steel_72,721610,6275,6275
2024-05,Export,iron_steel_72,721631,7995,3348
2024-05,Export,iron_steel_72,721632,42547,72869
2024-05,Export,iron_steel_72,721633,79353,34183
2024-05,Export,iron_steel_72,721669,4938,6246
2024-05,Export,iron_steel_72,721691,44931,43746
2024-05,Export,iron_steel_72,721699,365504,66736
2024-05,Export,iron_steel_72,721710,212096,55351
2024-05,Export,iron_steel_72,721810,897031,48099
2024-05,Export,iron_steel_72,721911,41260,18744
2024-05,Export,iron_steel_72,721931,91174,8029
2024-05,Export,iron_steel_72,722100,12550,59
2024-05,Export,iron_steel_72,722300,4027953,87469
2024-05,Export,iron_steel_72,722410,2909042,424801
2024-05,Export,iron_steel_72,722511,974591,350594
2024-05,Export,iron_steel_73,730110,6244,390
2024-05,Export,iron_steel_73,730120,930618,85695
2024-05,Export,iron_steel_73,730210,37276,75
2024-05,Export,iron_steel_73,730290,44977,16243
2024-05,Export,iron_steel_73,730300,2545,40
2024-05,Export,iron_steel_73,730419,203785,73373
2024-05,Export,iron_steel_73,730439,637589,205559
2024-05,Export,iron_steel_73,730519,44300,12370
2024-05,Export,iron_steel_73,730520,349447,47825
2024-05,Export,iron_steel_73,730531,139840,48651
2024-05,Export,iron_steel_73,730590,48182,291
2024-05,Export,iron_steel_73,730619,154088,77843
2024-05,Export,iron_steel_73,730630,417691,107698
2024-05,Export,iron_steel_73,730721,1252552,19310
2024-05,Export,iron_steel_73,730791,117584,7735
2024-05,Export,iron_steel_73,730810,3757,966
2024-05,Export,iron_steel_73,730820,33020,11734
2024-05,Export,iron_steel_73,730830,192787,8824
2024-05,Export,iron_steel_73,730840,61532,21285
2024-05,Export,iron_steel_73,730890,1264749,108103
2024-05,Export,iron_steel_73,730900,711175,88398
2024-05,Export,iron_steel_73,731010,396712,46988
2024-05,Export,iron_steel_73,731021,948448,526587
2024-05,Export,iron_steel_73,731029,375631,46228
2024-05,Export,iron_steel_73,731100,4422718,642362
2024-05,Export,iron_steel_73,731815,15439197,592551
2024-05,Export,iron_steel_73,731816,8226986,138925
2024-05,Export,iron_steel_73,731822,2154789,207051
2024-05,Export,iron_steel_73,731823,3165546,116331
2024-05,Export,iron_steel_73,732690,29730372,1574912
2024-06,Export,aluminum_76,760110,73657,28495
2024-06,Export,aluminum_76,760120,2656220,736970
2024-06,Export,aluminum_76,760310,532215,59093
2024-06,Export,aluminum_76,760320,33933,4894
2024-06,Export,aluminum_76,760410,289055,14263
2024-06,Export,aluminum_76,760421,135773,7545
2024-06,Export,aluminum_76,760429,6582037,467179
2024-06,Export,aluminum_76,760511,5022,126
2024-06,Export,aluminum_76,760519,211987,35969
2024-06,Export,aluminum_76,760521,678334,0
2024-06,Export,aluminum_76,760529,17503,2186
2024-06,Export,aluminum_76,760611,142202,15581
2024-06,Export,aluminum_76,760612,11313536,718485
2024-06,Export,aluminum_76,760692,51140,3502
2024-06,Export,aluminum_76,760711,97340,18660
2024-06,Export,aluminum_76,760719,259328,14238
2024-06,Export,aluminum_76,760720,1936939,159486
2024-06,Export,aluminum_76,760810,21174,2447
2024-06,Export,aluminum_76,760820,1290017,75674
2024-06,Export,aluminum_76,760900,1291059,53073
2024-06,Export,aluminum_76,761010,374514,10678
2024-06,Export,aluminum_76,761100,29833,939
2024-06,Export,aluminum_76,761210,46868,1245
2024-06,Export,aluminum_76,761290,2322967,123020
2024-06,Export,aluminum_76,761300,2972998,41628
2024-06,Export,aluminum_76,761490,11056,9
2024-06,Export,aluminum_76,761610,4022478,89616
2024-06,Export,aluminum_76,761691,235633,19511
2024-06,Export,aluminum_76,761699,13826014,454451
2024-06,Export,cement_2523,250700,8970340,15669238
2024-06,Export,cement_2523,252390,34092,11321
2024-06,Export,fertilizers,280800,38856,20222
2024-06,Export,fertilizers,281410,9502649,28576400
2024-06,Export,fertilizers,281420,244700,112944
2024-06,Export,fertilizers,310210,751901,497141
2024-06,Export,fertilizers,310221,71573,20297
2024-06,Export,fertilizers,310280,11796100,84005551
2024-06,Export,fertilizers,310290,46555,55898
2024-06,Export,fertilizers,310510,264201,115640
2024-06,Export,fertilizers,310520,376293,285405
2024-06,Export,fertilizers,310540,2142551,275400
2024-06,Export,fertilizers,310590,534732,112015
2024-06,Export,hydrogen_2804,280410,25243,24499
2024-06,Export,iron_steel_72,720241,2595,3684
2024-06,Export,iron_steel_72,720390,8590,1035
2024-06,Export,iron_steel_72,720510,22020,522
2024-06,Export,iron_steel_72,720521,1026907,126518
2024-06,Export,iron_steel_72,720529,1804776,1319169
2024-06,Export,iron_steel_72,720826,20363,21577
2024-06,Export,iron_steel_72,720836,25000,21646
2024-06,Export,iron_steel_72,720851,6620,39
2024-06,Export,iron_steel_72,720890,61541,37035
2024-06,Export,iron_steel_72,720916,3372,971
2024-06,Export,iron_steel_72,720917,7811,4820
2024-06,Export,iron_steel_72,720918,93935,14785
2024-06,Export,iron_steel_72,720925,4130,5395
2024-06,Export,iron_steel_72,721012,258208,381311
2024-06,Export,iron_steel_72,721020,63378,2784
2024-06,Export,iron_steel_72,721049,97767,99066
2024-06,Export,iron_steel_72,721050,32129,52573
2024-06,Export,iron_steel_72,721061,70651,23549
2024-06,Export,iron_steel_72,721220,74042,34223
2024-06,Export,iron_steel_72,721230,30248,14338
2024-06,Export,iron_steel_72,721240,34200,9038
2024-06,Export,iron_steel_72,721250,2751484,383612
2024-06,Export,iron_steel_72,721260,247524,33116
2024-06,Export,iron_steel_72,721320,71550,2624
2024-06,Export,iron_steel_72,721391,5625,2
2024-06,Export,iron_steel_72,721420,33475,32792
2024-06,Export,iron_steel_72,721510,76018,74420
2024-06,Export,iron_steel_72,721550,90545,1552
2024-06,Export,iron_steel_72,721590,50304,24987
2024-06,Export,iron_steel_72,721621,20990,19617
2024-06,Export,iron_steel_72,721631,293897,244914
2024-06,Export,iron_steel_72,721632,127300,149079
2024-06,Export,iron_steel_72,721633,2870,1207
2024-06,Export,iron_steel_72,721650,44989,59924
2024-06,Export,iron_steel_72,721691,197133,79964
2024-06,Export,iron_steel_72,721699,165708,44806
2024-06,Export,iron_steel_72,721710,184203,68977
2024-06,Export,iron_steel_72,721720,2899,3144
2024-06,Export,iron_steel_72,721810,5437155,1605972
2024-06,Export,iron_steel_72,721931,4997,531
2024-06,Export,iron_steel_72,722100,584455,42183
2024-06,Export,iron_steel_72,722300,3604224,38849
2024-06,Export,iron_steel_72,722410,1081412,154530
2024-06,Export,iron_steel_72,722511,612489,203891
2024-06,Export,iron_steel_72,722550,5643,5849
2024-06,Export,iron_steel_73,730110,6772,1076
2024-06,Export,iron_steel_73,730120,495993,198608
2024-06,Export,iron_steel_73,730210,72360,27225
2024-06,Export,iron_steel_73,730230,14865,3322
2024-06,Export,iron_steel_73,730300,8000,1602
2024-06,Export,iron_steel_73,730419,77415,29120
2024-06,Export,iron_steel_73,730439,282786,299512
2024-06,Export,iron_steel_73,730511,7745,2002
2024-06,Export,iron_steel_73,730531,15450,9833
2024-06,Export,iron_steel_73,730630,337925,86370
2024-06,Export,iron_steel_73,730721,952024,19240
2024-06,Export,iron_steel_73,730791,225979,27338
2024-06,Export,iron_steel_73,730810,603475,117970
2024-06,Export,iron_steel_73,730820,118775,27593
2024-06,Export,iron_steel_73,730830,26862,1431
2024-06,Export,iron_steel_73,730840,132141,22750
2024-06,Export,iron_steel_73,730890,1370927,180567
2024-06,Export,iron_steel_73,730900,1268185,78489
2024-06,Export,iron_steel_73,731010,635280,55174
2024-06,Export,iron_steel_73,731021,843145,516008
2024-06,Export,iron_steel_73,731029,4966005,75548
2024-06,Export,iron_steel_73,731100,3612273,863223
2024-06,Export,iron_steel_73,731815,14670749,439328
2024-06,Export,iron_steel_73,731816,8010954,116076
2024-06,Export,iron_steel_73,731822,2920031,248137
2024-06,Export,iron_steel_73,731823,3254394,136163
2024-06,Export,iron_steel_73,732690,31160206,1662831
2024-07,Export,aluminum_76,760110,16154,3424
2024-07,Export,aluminum_76,760120,2829421,392421
2024-07,Export,aluminum_76,760310,856149,61009
2024-07,Export,aluminum_76,760320,35580,3299
2024-07,Export,aluminum_76,760410,236700,7140
2024-07,Export,aluminum_76,760421,181544,14710
2024-07,Export,aluminum_76,760429,6666847,405924
2024-07,Export,aluminum_76,760519,266155,49490
2024-07,Export,aluminum_76,760521,1432810,0
2024-07,Export,aluminum_76,760529,89016,8651
2024-07,Export,aluminum_76,760611,617556,34574
2024-07,Export,aluminum_76,760612,10832871,706669
2024-07,Export,aluminum_76,760691,47823,2564
2024-07,Export,aluminum_76,760692,87586,9588
2024-07,Export,aluminum_76,760711,780334,42070
2024-07,Export,aluminum_76,760719,294908,5783
2024-07,Export,aluminum_76,760720,1946787,175519
2024-07,Export,aluminum_76,760810,13764,497
2024-07,Export,aluminum_76,760820,613165,23494
2024-07,Export,aluminum_76,760900,1873673,89558
2024-07,Export,aluminum_76,761010,60130,9516
2024-07,Export,aluminum_76,761100,117472,24266
2024-07,Export,aluminum_76,761290,1217301,208514
2024-07,Export,aluminum_76,761300,2186203,25212
2024-07,Export,aluminum_76,761490,15716,1339
2024-07,Export,aluminum_76,761610,3101367,84177
2024-07,Export,aluminum_76,761691,46120,1713
2024-07,Export,aluminum_76,761699,13242146,385693
2024-07,Export,cement_2523,250700,16547390,46416271
2024-07,Export,cement_2523,252330,23029,14656
2024-07,Export,cement_2523,252390,30824,10296
2024-07,Export,fertilizers,281410,607411,5061520
2024-07,Export,fertilizers,281420,12053,1064
2024-07,Export,fertilizers,310210,335593,357180
2024-07,Export,fertilizers,310221,93087,244000
2024-07,Export,fertilizers,310280,6385195,43640164
2024-07,Export,fertilizers,310290,139769,67559
2024-07,Export,fertilizers,310510,139798,73835
2024-07,Export,fertilizers,310520,502129,313065
2024-07,Export,fertilizers,310559,96000,80000
2024-07,Export,fertilizers,310590,302925,73886
2024-07,Export,hydrogen_2804,280410,12258,3016
2024-07,Export,iron_steel_72,720510,781980,41956
2024-07,Export,iron_steel_72,720521,561527,81317
2024-07,Export,iron_steel_72,720529,396710,181787
2024-07,Export,iron_steel_72,720610,12435,488
2024-07,Export,iron_steel_72,720826,3080,943
2024-07,Export,iron_steel_72,720839,36037,83450
2024-07,Export,iron_steel_72,720851,4526,488
2024-07,Export,iron_steel_72,720890,12583,858
2024-07,Export,iron_steel_72,720917,14740,17067
2024-07,Export,iron_steel_72,720918,27796,4384
2024-07,Export,iron_steel_72,720925,8925,7122
2024-07,Export,iron_steel_72,721012,316984,494863
2024-07,Export,iron_steel_72,721020,5485,192
2024-07,Export,iron_steel_72,721041,15000,6510
2024-07,Export,iron_steel_72,721049,46290,76698
2024-07,Export,iron_steel_72,721061,39564,40427
2024-07,Export,iron_steel_72,721070,23069,5447
2024-07,Export,iron_steel_72,721090,224246,39536
2024-07,Export,iron_steel_72,721240,101119,26269
2024-07,Export,iron_steel_72,721250,893181,180181
2024-07,Export,iron_steel_72,721260,163785,40260
2024-07,Export,iron_steel_72,721391,25610,610
2024-07,Export,iron_steel_72,721550,50071,1591
2024-07,Export,iron_steel_72,721590,297979,43378
2024-07,Export,iron_steel_72,721631,392573,327144
2024-07,Export,iron_steel_72,721633,30830,12946
2024-07,Export,iron_steel_72,721669,3509,4439
2024-07,Export,iron_steel_72,721691,66169,64425
2024-07,Export,iron_steel_72,721699,119738,7296
2024-07,Export,iron_steel_72,721710,4234618,133731
2024-07,Export,iron_steel_72,721810,3493437,989677
2024-07,Export,iron_steel_72,721931,42898,12871
2024-07,Export,iron_steel_72,722100,68097,14496
2024-07,Export,iron_steel_72,722300,2754461,51463
2024-07,Export,iron_steel_72,722410,2720858,287904
2024-07,Export,iron_steel_72,722511,977106,529674
2024-07,Export,iron_steel_72,722530,6342,6993
2024-07,Export,iron_steel_72,722550,3377,1077
2024-07,Export,iron_steel_73,730120,1435040,368374
2024-07,Export,iron_steel_73,730210,42944,15038
2024-07,Export,iron_steel_73,730230,12180,1333
2024-07,Export,iron_steel_73,730290,13804,368
2024-07,Export,iron_steel_73,730300,5159,158
2024-07,Export,iron_steel_73,730419,121330,70100
2024-07,Export,iron_steel_73,730439,593497,522189
2024-07,Export,iron_steel_73,730590,49583,199
2024-07,Export,iron_steel_73,730630,351590,109244
2024-07,Export,iron_steel_73,730721,731594,17807
2024-07,Export,iron_steel_73,730791,241211,24552
2024-07,Export,iron_steel_73,730820,14519,5159
2024-07,Export,iron_steel_73,730830,177689,12306
2024-07,Export,iron_steel_73,730840,280975,49903
2024-07,Export,iron_steel_73,730890,1134818,250655
2024-07,Export,iron_steel_73,730900,170949,29514
2024-07,Export,iron_steel_73,731010,296252,52388
2024-07,Export,iron_steel_73,731021,1020010,616694
2024-07,Export,iron_steel_73,731029,467858,63360
2024-07,Export,iron_steel_73,731100,3422545,147142
2024-07,Export,iron_steel_73,731815,13756386,613689
2024-07,Export,iron_steel_73,731816,7516926,148453
2024-07,Export,iron_steel_73,731822,2341471,245987
2024-07,Export,iron_steel_73,731823,3822818,183909
2024-07,Export,iron_steel_73,732690,31124322,1776886
2024-08,Export,aluminum_76,760110,23546,7599
2024-08,Export,aluminum_76,760120,4460640,800061
2024-08,Export,aluminum_76,760310,1102763,144695
2024-08,Export,aluminum_76,760320,25958,3300
2024-08,Export,aluminum_76,760410,154327,5083
2024-08,Export,aluminum_76,760421,270587,37638
2024-08,Export,aluminum_76,760429,5020780,366876
2024-08,Export,aluminum_76,760519,25439,1534
2024-08,Export,aluminum_76,760521,869751,0
2024-08,Export,aluminum_76,760611,327338,45236
2024-08,Export,aluminum_76,760612,8853498,511064
2024-08,Export,aluminum_76,760691,9845,39
2024-08,Export,aluminum_76,760692,34769,5806
2024-08,Export,aluminum_76,760711,193948,8164
2024-08,Export,aluminum_76,760719,350006,14213
2024-08,Export,aluminum_76,760720,1251310,125584
2024-08,Export,aluminum_76,760810,74482,3250
2024-08,Export,aluminum_76,760820,844855,105045
2024-08,Export,aluminum_76,760900,2079316,155722
2024-08,Export,aluminum_76,761010,298607,11789
2024-08,Export,aluminum_76,761100,275856,1517
2024-08,Export,aluminum_76,761290,589136,65688
2024-08,Export,aluminum_76,761300,2478262,33850
2024-08,Export,aluminum_76,761410,3499,362
2024-08,Export,aluminum_76,761610,2838700,71867
2024-08,Export,aluminum_76,761691,155279,11092
2024-08,Export,aluminum_76,761699,16718373,469768
2024-08,Export,cement_2523,250700,10786002,23786481
2024-08,Export,cement_2523,252310,7168,2025
2024-08,Export,cement_2523,252321,14223,21460
2024-08,Export,cement_2523,252330,32729,39975
2024-08,Export,cement_2523,252390,38316,81129
2024-08,Export,fertilizers,280800,36801,16522
2024-08,Export,fertilizers,281410,9223553,25169540
2024-08,Export,fertilizers,281420,22308,3192
2024-08,Export,fertilizers,310210,151866,42000
2024-08,Export,fertilizers,310221,469633,38776
2024-08,Export,fertilizers,310280,7807627,48038068
2024-08,Export,fertilizers,310290,59144,59603
2024-08,Export,fertilizers,310510,3989,1778
2024-08,Export,fertilizers,310520,259973,125608
2024-08,Export,fertilizers,310540,3233,2000
2024-08,Export,fertilizers,310559,108000,132000
2024-08,Export,fertilizers,310590,280630,64383
2024-08,Export,hydrogen_2804,280410,22408,7413
2024-08,Export,iron_steel_72,260112,14562454,138693972
2024-08,Export,iron_steel_72,720211,58800,19760
2024-08,Export,iron_steel_72,720390,39916834,104752100
2024-08,Export,iron_steel_72,720510,25292,0
2024-08,Export,iron_steel_72,720521,1186086,396669
2024-08,Export,iron_steel_72,720529,686154,423550
2024-08,Export,iron_steel_72,720610,11735,511
2024-08,Export,iron_steel_72,720810,3306,321
2024-08,Export,iron_steel_72,720826,3046,4349
2024-08,Export,iron_steel_72,720827,45252,0
2024-08,Export,iron_steel_72,720851,15788,329
2024-08,Export,iron_steel_72,720852,6230,0
2024-08,Export,iron_steel_72,720890,80726,44646
2024-08,Export,iron_steel_72,720916,6400,8142
2024-08,Export,iron_steel_72,721012,6480,3180
2024-08,Export,iron_steel_72,721020,67083,9975
2024-08,Export,iron_steel_72,721049,162968,165133
2024-08,Export,iron_steel_72,721050,54000,52355
2024-08,Export,iron_steel_72,721069,6488,3302
2024-08,Export,iron_steel_72,721230,236318,17363
2024-08,Export,iron_steel_72,721240,18848,6786
2024-08,Export,iron_steel_72,721250,2106478,242407
2024-08,Export,iron_steel_72,721260,97764,25336
2024-08,Export,iron_steel_72,721391,8822,17
2024-08,Export,iron_steel_72,721550,96754,5444
2024-08,Export,iron_steel_72,721590,159037,37522
2024-08,Export,iron_steel_72,721621,5315,3397
2024-08,Export,iron_steel_72,721633,4992,1960
2024-08,Export,iron_steel_72,721640,7646,4703
2024-08,Export,iron_steel_72,721691,108221,84438
2024-08,Export,iron_steel_72,721699,211833,94226
2024-08,Export,iron_steel_72,721710,159353,62975
2024-08,Export,iron_steel_72,721720,7246,7858
2024-08,Export,iron_steel_72,721810,1064834,101306
2024-08,Export,iron_steel_72,721911,4479,165
2024-08,Export,iron_steel_72,721931,8731,2052
2024-08,Export,iron_steel_72,722100,1378650,37233
2024-08,Export,iron_steel_72,722300,2739237,46893
2024-08,Export,iron_steel_72,722410,887987,138943
2024-08,Export,iron_steel_72,722511,1628822,378882
2024-08,Export,iron_steel_72,722530,22217,8921
2024-08,Export,iron_steel_72,722550,26850,4338
2024-08,Export,iron_steel_73,730110,7426,29
2024-08,Export,iron_steel_73,730120,2082515,272679
2024-08,Export,iron_steel_73,730210,52016,26994
2024-08,Export,iron_steel_73,730290,12650,8001
2024-08,Export,iron_steel_73,730300,7933,19
2024-08,Export,iron_steel_73,730419,748399,220982
2024-08,Export,iron_steel_73,730439,758037,657427
2024-08,Export,iron_steel_73,730531,26891,17115
2024-08,Export,iron_steel_73,730590,18614,100
2024-08,Export,iron_steel_73,730619,52427,23655
2024-08,Export,iron_steel_73,730630,188168,51661
2024-08,Export,iron_steel_73,730721,985397,26281
2024-08,Export,iron_steel_73,730791,466152,14217
2024-08,Export,iron_steel_73,730810,10770,2770
2024-08,Export,iron_steel_73,730820,124288,41754
2024-08,Export,iron_steel_73,730830,130753,6112
2024-08,Export,iron_steel_73,730840,10202,2139
2024-08,Export,iron_steel_73,730890,981626,269830
2024-08,Export,iron_steel_73,730900,930150,78482
2024-08,Export,iron_steel_73,731010,420735,113227
2024-08,Export,iron_steel_73,731021,1408800,784369
2024-08,Export,iron_steel_73,731029,132127,4986
2024-08,Export,iron_steel_73,731100,8140893,430050
2024-08,Export,iron_steel_73,731815,13499759,590334
2024-08,Export,iron_steel_73,731816,12001401,242906
2024-08,Export,iron_steel_73,731822,2171464,228628
2024-08,Export,iron_steel_73,731823,2791189,150936
2024-08,Export,iron_steel_73,732690,30155294,1566881
2024-09,Export,aluminum_76,760110,12257,5005
2024-09,Export,aluminum_76,760120,2216421,548988
2024-09,Export,aluminum_76,760310,2145393,341178
2024-09,Export,aluminum_76,760320,42893,14470
2024-09,Export,aluminum_76,760410,199389,3267
2024-09,Export,aluminum_76,760421,209979,22169
2024-09,Export,aluminum_76,760429,4592519,302891
2024-09,Export,aluminum_76,760519,45583,335
2024-09,Export,aluminum_76,760521,965912,0
2024-09,Export,aluminum_76,760529,141523,16369
2024-09,Export,aluminum_76,760611,428003,26944
2024-09,Export,aluminum_76,760612,9073263,993652
2024-09,Export,aluminum_76,760691,8779,1788
2024-09,Export,aluminum_76,760692,355463,52661
2024-09,Export,aluminum_76,760711,178880,16237
2024-09,Export,aluminum_76,760719,372230,14445
2024-09,Export,aluminum_76,760720,951761,86211
2024-09,Export,aluminum_76,760810,96921,3628
2024-09,Export,aluminum_76,760820,816478,72865
2024-09,Export,aluminum_76,760900,1336138,75805
2024-09,Export,aluminum_76,761010,1235273,50975
2024-09,Export,aluminum_76,761210,15546,601
2024-09,Export,aluminum_76,761290,971251,74994
2024-09,Export,aluminum_76,761300,1854718,27437
2024-09,Export,aluminum_76,761490,5000,23
2024-09,Export,aluminum_76,761610,2589381,40483
2024-09,Export,aluminum_76,761691,76962,7903
2024-09,Export,aluminum_76,761699,12305414,331865
2024-09,Export,cement_2523,250700,11223649,28794893
2024-09,Export,cement_2523,252310,4000,1025
2024-09,Export,cement_2523,252321,3898,1025
2024-09,Export,cement_2523,252329,36680,119419
2024-09,Export,cement_2523,252390,40971,60261
2024-09,Export,fertilizers,280800,15596,9528
2024-09,Export,fertilizers,281410,335475,54254
2024-09,Export,fertilizers,281420,157385,87408
2024-09,Export,fertilizers,283421,11340,24480
2024-09,Export,fertilizers,310210,141728,160408
2024-09,Export,fertilizers,310221,92808,18029
2024-09,Export,fertilizers,310229,4680,1000
2024-09,Export,fertilizers,310280,7810055,48050050
2024-09,Export,fertilizers,310290,3084,1000
2024-09,Export,fertilizers,310510,274216,32677
2024-09,Export,fertilizers,310520,399901,111404
2024-09,Export,fertilizers,310590,592091,100280
2024-09,Export,iron_steel_72,260112,1737641,25426420
2024-09,Export,iron_steel_72,720510,182567,19919
2024-09,Export,iron_steel_72,720521,1132584,488334
2024-09,Export,iron_steel_72,720529,586545,291258
2024-09,Export,iron_steel_72,720825,7393,322
2024-09,Export,iron_steel_72,720836,5571,0
2024-09,Export,iron_steel_72,720837,6906,5347
2024-09,Export,iron_steel_72,720851,100136,106007
2024-09,Export,iron_steel_72,720852,61061,24308
2024-09,Export,iron_steel_72,720853,11135,6439
2024-09,Export,iron_steel_72,720890,113828,76280
2024-09,Export,iron_steel_72,721012,115000,132777
2024-09,Export,iron_steel_72,721020,30199,589
2024-09,Export,iron_steel_72,721030,25043,16656
2024-09,Export,iron_steel_72,721049,107411,102256
2024-09,Export,iron_steel_72,721061,7642,7809
2024-09,Export,iron_steel_72,721069,12560,6393
2024-09,Export,iron_steel_72,721070,11759,686
2024-09,Export,iron_steel_72,721090,75177,22083
2024-09,Export,iron_steel_72,721240,30754,15975
2024-09,Export,iron_steel_72,721250,886048,178381
2024-09,Export,iron_steel_72,721260,44165,10152
2024-09,Export,iron_steel_72,721310,3046,4906
2024-09,Export,iron_steel_72,721320,42869,3679
2024-09,Export,iron_steel_72,721391,31535,22
2024-09,Export,iron_steel_72,721399,6961,2283
2024-09,Export,iron_steel_72,721420,2625,2128
2024-09,Export,iron_steel_72,721510,18619,19109
2024-09,Export,iron_steel_72,721550,143155,55890
2024-09,Export,iron_steel_72,721590,67753,31630
2024-09,Export,iron_steel_72,721669,7560,1451
2024-09,Export,iron_steel_72,721691,48728,47443
2024-09,Export,iron_steel_72,721699,118097,58343
2024-09,Export,iron_steel_72,721710,239595,74907
2024-09,Export,iron_steel_72,721810,556493,21505
2024-09,Export,iron_steel_72,721911,80955,2367
2024-09,Export,iron_steel_72,721931,282083,32695
2024-09,Export,iron_steel_72,722100,694906,52297
2024-09,Export,iron_steel_72,722300,3295446,40758
2024-09,Export,iron_steel_72,722410,375795,53732
2024-09,Export,iron_steel_72,722511,1531329,549170
2024-09,Export,iron_steel_72,722530,966849,409858
2024-09,Export,iron_steel_72,722550,15604,11678
2024-09,Export,iron_steel_73,730120,758559,86391
2024-09,Export,iron_steel_73,730210,85128,20930
2024-09,Export,iron_steel_73,730300,36205,6724
2024-09,Export,iron_steel_73,730419,151528,20674
2024-09,Export,iron_steel_73,730439,1967667,513653
2024-09,Export,iron_steel_73,730590,4550,296
2024-09,Export,iron_steel_73,730619,5925,1718
2024-09,Export,iron_steel_73,730630,410435,53043
2024-09,Export,iron_steel_73,730721,732385,14191
2024-09,Export,iron_steel_73,730791,117872,18055
2024-09,Export,iron_steel_73,730810,320482,58570
2024-09,Export,iron_steel_73,730830,205476,11243
2024-09,Export,iron_steel_73,730840,55207,9021
2024-09,Export,iron_steel_73,730890,2195597,513358
2024-09,Export,iron_steel_73,730900,95525,4010
2024-09,Export,iron_steel_73,731010,536058,39181
2024-09,Export,iron_steel_73,731021,1019900,567920
2024-09,Export,iron_steel_73,731029,1512253,22573
2024-09,Export,iron_steel_73,731100,3692935,190655
2024-09,Export,iron_steel_73,731815,14302809,661064
2024-09,Export,iron_steel_73,731816,7624114,199650
2024-09,Export,iron_steel_73,731822,2261084,258044
2024-09,Export,iron_steel_73,731823,2708348,153843
2024-09,Export,iron_steel_73,732690,30939367,1464800
2024-10,Export,aluminum_76,760110,49837,20348
2024-10,Export,aluminum_76,760120,4362468,760627
2024-10,Export,aluminum_76,760310,2325944,269649
2024-10,Export,aluminum_76,760320,10640,4187
2024-10,Export,aluminum_76,760410,232082,6763
2024-10,Export,aluminum_76,760421,198004,17527
2024-10,Export,aluminum_76,760429,4924727,325512
2024-10,Export,aluminum_76,760519,29362,6200
2024-10,Export,aluminum_76,760521,980444,4
2024-10,Export,aluminum_76,760529,141149,11575
2024-10,Export,aluminum_76,760611,125093,18455
2024-10,Export,aluminum_76,760612,9194220,307868
2024-10,Export,aluminum_76,760691,24469,1248
2024-10,Export,aluminum_76,760692,16420,602
2024-10,Export,aluminum_76,760711,69530,6305
2024-10,Export,aluminum_76,760719,318825,10473
2024-10,Export,aluminum_76,760720,1890915,165926
2024-10,Export,aluminum_76,760810,30370,3880
2024-10,Export,aluminum_76,760820,542011,23795
2024-10,Export,aluminum_76,760900,1906618,137172
2024-10,Export,aluminum_76,761010,127759,3321
2024-10,Export,aluminum_76,761100,300122,3530
2024-10,Export,aluminum_76,761210,17205,244
2024-10,Export,aluminum_76,761290,1409507,69596
2024-10,Export,aluminum_76,761300,2761077,33786
2024-10,Export,aluminum_76,761490,12266,59
2024-10,Export,aluminum_76,761610,3095375,55290
2024-10,Export,aluminum_76,761691,436190,31234
2024-10,Export,aluminum_76,761699,13370645,368455
2024-10,Export,cement_2523,250700,8202342,22088599
2024-10,Export,cement_2523,252321,14887,20205
2024-10,Export,cement_2523,252329,39774,88961
2024-10,Export,fertilizers,280800,79835,9859
2024-10,Export,fertilizers,281410,230894,31621
2024-10,Export,fertilizers,281420,126843,39980
2024-10,Export,fertilizers,310210,539634,595414
2024-10,Export,fertilizers,310221,119591,39308
2024-10,Export,fertilizers,310280,16284659,90534108
2024-10,Export,fertilizers,310290,1402671,121244
2024-10,Export,fertilizers,310510,193653,41370
2024-10,Export,fertilizers,310520,505977,256852
2024-10,Export,fertilizers,310590,409307,150284
2024-10,Export,hydrogen_2804,280410,25197,24281
2024-10,Export,iron_steel_72,260112,12078169,89998403
2024-10,Export,iron_steel_72,720241,2979,4229
2024-10,Export,iron_steel_72,720310,1654440,10079270
2024-10,Export,iron_steel_72,720390,33376303,91984260
2024-10,Export,iron_steel_72,720510,241874,56
2024-10,Export,iron_steel_72,720521,948232,327682
2024-10,Export,iron_steel_72,720529,811004,389212
2024-10,Export,iron_steel_72,720810,2507,3619
2024-10,Export,iron_steel_72,720825,2745,3675
2024-10,Export,iron_steel_72,720836,4900,0
2024-10,Export,iron_steel_72,720851,85497,87710
2024-10,Export,iron_steel_72,720852,198704,221831
2024-10,Export,iron_steel_72,720890,12291,2082
2024-10,Export,iron_steel_72,720916,51724,53461
2024-10,Export,iron_steel_72,721012,268216,267010
2024-10,Export,iron_steel_72,721020,5255,370
2024-10,Export,iron_steel_72,721049,14959,10025
2024-10,Export,iron_steel_72,721050,289545,348248
2024-10,Export,iron_steel_72,721061,19782,20215
2024-10,Export,iron_steel_72,721070,3340,255
2024-10,Export,iron_steel_72,721090,4500,2168
2024-10,Export,iron_steel_72,721210,18144,18486
2024-10,Export,iron_steel_72,721230,2670,3
2024-10,Export,iron_steel_72,721240,81491,38154
2024-10,Export,iron_steel_72,721250,375013,38889
2024-10,Export,iron_steel_72,721260,236197,56896
2024-10,Export,iron_steel_72,721391,7250,56
2024-10,Export,iron_steel_72,721399,4445,3833
2024-10,Export,iron_steel_72,721510,12915,13255
2024-10,Export,iron_steel_72,721550,52991,25415
2024-10,Export,iron_steel_72,721590,275520,102939
2024-10,Export,iron_steel_72,721610,5663,1194
2024-10,Export,iron_steel_72,721631,18349,8468
2024-10,Export,iron_steel_72,721632,18683,31998
2024-10,Export,iron_steel_72,721640,23750,21591
2024-10,Export,iron_steel_72,721650,3965,2207
2024-10,Export,iron_steel_72,721691,72096,47326
2024-10,Export,iron_steel_72,721699,131801,8482
2024-10,Export,iron_steel_72,721710,381275,82515
2024-10,Export,iron_steel_72,721720,31265,3865
2024-10,Export,iron_steel_72,721810,876704,29752
2024-10,Export,iron_steel_72,721931,4022,157
2024-10,Export,iron_steel_72,722100,353520,11497
2024-10,Export,iron_steel_72,722300,3347207,61946
2024-10,Export,iron_steel_72,722410,520559,99326
2024-10,Export,iron_steel_72,722511,1095599,390090
2024-10,Export,iron_steel_72,722550,4674,4845
2024-10,Export,iron_steel_73,730120,522603,40459
2024-10,Export,iron_steel_73,730210,168805,60010
2024-10,Export,iron_steel_73,730290,2970,92
2024-10,Export,iron_steel_73,730300,10931,26
2024-10,Export,iron_steel_73,730419,404103,160857
2024-10,Export,iron_steel_73,730439,779691,710069
2024-10,Export,iron_steel_73,730531,15450,10461
2024-10,Export,iron_steel_73,730539,3100,1091
2024-10,Export,iron_steel_73,730590,17669,1923
2024-10,Export,iron_steel_73,730619,10678,1379
2024-10,Export,iron_steel_73,730630,351526,51637
2024-10,Export,iron_steel_73,730721,1173795,25061
2024-10,Export,iron_steel_73,730791,244958,14681
2024-10,Export,iron_steel_73,730810,135609,13015
2024-10,Export,iron_steel_73,730820,1212756,116073
2024-10,Export,iron_steel_73,730830,344430,22096
2024-10,Export,iron_steel_73,730840,23894,6681
2024-10,Export,iron_steel_73,730890,2842330,195965
2024-10,Export,iron_steel_73,730900,2397246,74308
2024-10,Export,iron_steel_73,731010,254328,28805
2024-10,Export,iron_steel_73,731021,619451,345054
2024-10,Export,iron_steel_73,731029,568512,32381
2024-10,Export,iron_steel_73,731100,6625593,435333
2024-10,Export,iron_steel_73,731815,13801862,562587
2024-10,Export,iron_steel_73,731816,9414960,192176
2024-10,Export,iron_steel_73,731822,2014257,195212
2024-10,Export,iron_steel_73,731823,5139681,306417
2024-10,Export,iron_steel_73,732690,34173526,1770737
2024-11,Export,aluminum_76,760110,16574,23128
2024-11,Export,aluminum_76,760120,3678211,662221
2024-11,Export,aluminum_76,760310,2006113,324172
2024-11,Export,aluminum_76,760320,31200,8605
2024-11,Export,aluminum_76,760410,236235,3166
2024-11,Export,aluminum_76,760421,619537,87359
2024-11,Export,aluminum_76,760429,5280764,453925
2024-11,Export,aluminum_76,760521,413769,0
2024-11,Export,aluminum_76,760529,155360,2420
2024-11,Export,aluminum_76,760611,138031,14440
2024-11,Export,aluminum_76,760612,13059119,554219
2024-11,Export,aluminum_76,760692,39905,4426
2024-11,Export,aluminum_76,760711,189974,10892
2024-11,Export,aluminum_76,760719,373389,13535
2024-11,Export,aluminum_76,760720,1638419,131843
2024-11,Export,aluminum_76,760810,38180,528
2024-11,Export,aluminum_76,760820,719906,68596
2024-11,Export,aluminum_76,760900,1764127,105978
2024-11,Export,aluminum_76,761010,78284,8179
2024-11,Export,aluminum_76,761100,32678,335
2024-11,Export,aluminum_76,761210,29600,756
2024-11,Export,aluminum_76,761290,624815,148519
2024-11,Export,aluminum_76,761300,3021676,71589
2024-11,Export,aluminum_76,761610,2823059,51327
2024-11,Export,aluminum_76,761691,96276,11793
2024-11,Export,aluminum_76,761699,13269404,405074
2024-11,Export,cement_2523,250700,11140082,32096356
2024-11,Export,cement_2523,252329,31901,39469
2024-11,Export,cement_2523,252330,29065,19051
2024-11,Export,fertilizers,280800,83884,22137
2024-11,Export,fertilizers,281410,102602,21610
2024-11,Export,fertilizers,281420,178451,93996
2024-11,Export,fertilizers,283421,11340,24480
2024-11,Export,fertilizers,310210,915824,1100309
2024-11,Export,fertilizers,310221,5852,2000
2024-11,Export,fertilizers,310230,35049,22000
2024-11,Export,fertilizers,310280,17478556,91754947
2024-11,Export,fertilizers,310290,100060,88549
2024-11,Export,fertilizers,310510,600445,158412
2024-11,Export,fertilizers,310520,1088584,733806
2024-11,Export,fertilizers,310530,6600,1000
2024-11,Export,fertilizers,310590,746355,194503
2024-11,Export,hydrogen_2804,280410,2046461,97903
2024-11,Export,iron_steel_72,720510,357636,60656
2024-11,Export,iron_steel_72,720521,835552,386478
2024-11,Export,iron_steel_72,720529,818916,382004
2024-11,Export,iron_steel_72,720810,2710,3312
2024-11,Export,iron_steel_72,720851,92600,84070
2024-11,Export,iron_steel_72,720852,238282,203142
2024-11,Export,iron_steel_72,720853,11186,2695
2024-11,Export,iron_steel_72,720854,34359,10490
2024-11,Export,iron_steel_72,720890,75127,43505
2024-11,Export,iron_steel_72,720926,8434,1414
2024-11,Export,iron_steel_72,721012,417461,467165
2024-11,Export,iron_steel_72,721020,40132,1125
2024-11,Export,iron_steel_72,721049,162890,133993
2024-11,Export,iron_steel_72,721050,6457,6259
2024-11,Export,iron_steel_72,721090,892727,4121
2024-11,Export,iron_steel_72,721230,71890,1815
2024-11,Export,iron_steel_72,721240,88143,45785
2024-11,Export,iron_steel_72,721250,154355,18887
2024-11,Export,iron_steel_72,721260,61809,15054
2024-11,Export,iron_steel_72,721310,4916,2451
2024-11,Export,iron_steel_72,721320,3354,48
2024-11,Export,iron_steel_72,721391,4591,3
2024-11,Export,iron_steel_72,721550,43867,17419
2024-11,Export,iron_steel_72,721590,11857,4895
2024-11,Export,iron_steel_72,721621,4489,914
2024-11,Export,iron_steel_72,721640,2736,476
2024-11,Export,iron_steel_72,721691,125313,103934
2024-11,Export,iron_steel_72,721699,608669,148866
2024-11,Export,iron_steel_72,721710,209069,77101
2024-11,Export,iron_steel_72,721810,956114,41544
2024-11,Export,iron_steel_72,721931,46853,12907
2024-11,Export,iron_steel_72,722100,83157,3453
2024-11,Export,iron_steel_72,722300,2703460,51551
2024-11,Export,iron_steel_72,722410,1493489,180872
2024-11,Export,iron_steel_72,722511,2899147,1005092
2024-11,Export,iron_steel_72,722530,346893,205021
2024-11,Export,iron_steel_73,730110,7340,91
2024-11,Export,iron_steel_73,730120,295606,21094
2024-11,Export,iron_steel_73,730210,48121,13246
2024-11,Export,iron_steel_73,730290,153760,20093
2024-11,Export,iron_steel_73,730300,30285,13644
2024-11,Export,iron_steel_73,730419,450627,207677
2024-11,Export,iron_steel_73,730439,869775,950347
2024-11,Export,iron_steel_73,730531,22862,6224
2024-11,Export,iron_steel_73,730590,61883,313
2024-11,Export,iron_steel_73,730619,13546,4517
2024-11,Export,iron_steel_73,730630,211654,42824
2024-11,Export,iron_steel_73,730721,1232912,26101
2024-11,Export,iron_steel_73,730791,275850,9541
2024-11,Export,iron_steel_73,730810,972052,185912
2024-11,Export,iron_steel_73,730820,583645,201495
2024-11,Export,iron_steel_73,730830,413707,14357
2024-11,Export,iron_steel_73,730840,227926,55869
2024-11,Export,iron_steel_73,730890,1184635,138784
2024-11,Export,iron_steel_73,730900,557755,80072
2024-11,Export,iron_steel_73,731010,372595,29454
2024-11,Export,iron_steel_73,731021,2470962,821676
2024-11,Export,iron_steel_73,731029,285752,17140
2024-11,Export,iron_steel_73,731100,6440035,257230
2024-11,Export,iron_steel_73,731815,11440652,355358
2024-11,Export,iron_steel_73,731816,9256218,284164
2024-11,Export,iron_steel_73,731822,3093182,267061
2024-11,Export,iron_steel_73,731823,4059694,203990
2024-11,Export,iron_steel_73,732690,44849835,2842753
2024-12,Export,aluminum_76,760110,107876,51345
2024-12,Export,aluminum_76,760120,4177960,863038
2024-12,Export,aluminum_76,760310,1466783,192526
2024-12,Export,aluminum_76,760320,28025,15444
2024-12,Export,aluminum_76,760410,233803,6079
2024-12,Export,aluminum_76,760421,181539,13898
2024-12,Export,aluminum_76,760429,4141766,336900
2024-12,Export,aluminum_76,760521,219589,1982
2024-12,Export,aluminum_76,760529,56551,6892
2024-12,Export,aluminum_76,760611,148807,23431
2024-12,Export,aluminum_76,760612,10807444,356222
2024-12,Export,aluminum_76,760691,12990,704
2024-12,Export,aluminum_76,760692,23941,2196
2024-12,Export,aluminum_76,760711,251526,18047
2024-12,Export,aluminum_76,760719,602538,24183
2024-12,Export,aluminum_76,760720,1357126,112152
2024-12,Export,aluminum_76,760810,191586,5860
2024-12,Export,aluminum_76,760820,1237047,79822
2024-12,Export,aluminum_76,760900,1532059,53104
2024-12,Export,aluminum_76,761010,60769,4154
2024-12,Export,aluminum_76,761100,59000,1650
2024-12,Export,aluminum_76,761290,728984,135572
2024-12,Export,aluminum_76,761300,1976420,22776
2024-12,Export,aluminum_76,761490,5950,1192
2024-12,Export,aluminum_76,761610,2834945,48905
2024-12,Export,aluminum_76,761691,81101,7670
2024-12,Export,aluminum_76,761699,14116623,379590
2024-12,Export,cement_2523,250700,9367802,23104329
2024-12,Export,cement_2523,252321,19627,17409
2024-12,Export,cement_2523,252329,11326,18197
2024-12,Export,cement_2523,252330,23028,14656
2024-12,Export,cement_2523,252390,40201,29766
2024-12,Export,fertilizers,280800,189692,274876
2024-12,Export,fertilizers,281410,446552,2443060
2024-12,Export,fertilizers,281420,172902,94616
2024-12,Export,fertilizers,310210,889760,1069141
2024-12,Export,fertilizers,310221,101233,20077
2024-12,Export,fertilizers,310290,409178,184829
2024-12,Export,fertilizers,310510,247123,49397
2024-12,Export,fertilizers,310520,795981,490692
2024-12,Export,fertilizers,310530,65413,182000
2024-12,Export,fertilizers,310540,1404792,4652862
2024-12,Export,fertilizers,310551,137592,521000
2024-12,Export,fertilizers,310590,2853965,5067766
2024-12,Export,hydrogen_2804,280410,75729,72762
2024-12,Export,iron_steel_72,720390,2679,1035
2024-12,Export,iron_steel_72,720510,269457,2329
2024-12,Export,iron_steel_72,720521,817475,510953
2024-12,Export,iron_steel_72,720529,291534,160291
2024-12,Export,iron_steel_72,720826,3021,4313
2024-12,Export,iron_steel_72,720836,3931,0
2024-12,Export,iron_steel_72,720851,32078,29123
2024-12,Export,iron_steel_72,720890,5280,1093
2024-12,Export,iron_steel_72,720918,20978,3352
2024-12,Export,iron_steel_72,721012,84707,100481
2024-12,Export,iron_steel_72,721049,89739,75322
2024-12,Export,iron_steel_72,721050,6736,6529
2024-12,Export,iron_steel_72,721061,69000,10000
2024-12,Export,iron_steel_72,721090,1789062,20366
2024-12,Export,iron_steel_72,721250,1464456,127320
2024-12,Export,iron_steel_72,721260,132438,32881
2024-12,Export,iron_steel_72,721320,199414,1600
2024-12,Export,iron_steel_72,721590,104060,40945
2024-12,Export,iron_steel_72,721661,2565,1416
2024-12,Export,iron_steel_72,721691,43037,35695
2024-12,Export,iron_steel_72,721699,3289,30
2024-12,Export,iron_steel_72,721710,324458,169537
2024-12,Export,iron_steel_72,721720,8688,1171
2024-12,Export,iron_steel_72,721810,866311,80961
2024-12,Export,iron_steel_72,721931,2783,63
2024-12,Export,iron_steel_72,722100,417438,13646
2024-12,Export,iron_steel_72,722300,2526426,37297
2024-12,Export,iron_steel_72,722410,880942,105506
2024-12,Export,iron_steel_72,722511,2028227,824088
2024-12,Export,iron_steel_72,722530,134959,93007
2024-12,Export,iron_steel_72,722550,7395,835
2024-12,Export,iron_steel_73,730110,30624,10344
2024-12,Export,iron_steel_73,730120,2279245,107524
2024-12,Export,iron_steel_73,730210,89279,24819
2024-12,Export,iron_steel_73,730300,6102,14
2024-12,Export,iron_steel_73,730419,200027,49287
2024-12,Export,iron_steel_73,730439,243251,149679
2024-12,Export,iron_steel_73,730511,11686,4705
2024-12,Export,iron_steel_73,730520,266198,26348
2024-12,Export,iron_steel_73,730590,22131,103
2024-12,Export,iron_steel_73,730619,51948,18717
2024-12,Export,iron_steel_73,730630,390790,101841
2024-12,Export,iron_steel_73,730721,1203043,17032
2024-12,Export,iron_steel_73,730791,547545,11510
2024-12,Export,iron_steel_73,730820,43929,0
2024-12,Export,iron_steel_73,730830,781419,153373
2024-12,Export,iron_steel_73,730840,54735,3146
2024-12,Export,iron_steel_73,730890,2024792,302468
2024-12,Export,iron_steel_73,730900,1591780,91794
2024-12,Export,iron_steel_73,731010,293336,9945
2024-12,Export,iron_steel_73,731021,495880,244417
2024-12,Export,iron_steel_73,731029,309775,22726
2024-12,Export,iron_steel_73,731100,1347574,61992
2024-12,Export,iron_steel_73,731815,12365069,498781
2024-12,Export,iron_steel_73,731816,7256823,148337
2024-12,Export,iron_steel_73,731822,2847107,219617
2024-12,Export,iron_steel_73,731823,3697924,228996
2024-12,Export,iron_steel_73,732690,31962867,2336762
2025-01,Export,aluminum_76,760110,2680,1276
2025-01,Export,aluminum_76,760120,3233096,709695
2025-01,Export,aluminum_76,760310,1842202,172481
2025-01,Export,aluminum_76,760320,47012,50950
2025-01,Export,aluminum_76,760410,195899,3198
2025-01,Export,aluminum_76,760421,332819,95054
2025-01,Export,aluminum_76,760429,4695761,349717
2025-01,Export,aluminum_76,760521,1592375,5
2025-01,Export,aluminum_76,760529,8521,715
2025-01,Export,aluminum_76,760611,260056,56746
2025-01,Export,aluminum_76,760612,9792658,285352
2025-01,Export,aluminum_76,760692,50541,4338
2025-01,Export,aluminum_76,760711,67205,4923
2025-01,Export,aluminum_76,760719,409739,11984
2025-01,Export,aluminum_76,760720,1195779,99566
2025-01,Export,aluminum_76,760810,116769,3804
2025-01,Export,aluminum_76,760820,570956,50726
2025-01,Export,aluminum_76,760900,2413981,152860
2025-01,Export,aluminum_76,761010,89205,6393
2025-01,Export,aluminum_76,761100,2625,10
2025-01,Export,aluminum_76,761210,31772,114
2025-01,Export,aluminum_76,761290,1100889,182308
2025-01,Export,aluminum_76,761300,1948356,28032
2025-01,Export,aluminum_76,761410,7602,166
2025-01,Export,aluminum_76,761610,3652919,92425
2025-01,Export,aluminum_76,761691,158491,14067
2025-01,Export,aluminum_76,761699,13077531,348084
2025-01,Export,cement_2523,250700,11313820,29290580
2025-01,Export,cement_2523,252321,45250,42454
2025-01,Export,cement_2523,252329,34860,54592
2025-01,Export,cement_2523,252390,11000,22201
2025-01,Export,fertilizers,280800,48833,14818
2025-01,Export,fertilizers,281410,12387620,26556556
2025-01,Export,fertilizers,281420,188492,83948
2025-01,Export,fertilizers,310210,611265,731962
2025-01,Export,fertilizers,310221,69277,181000
2025-01,Export,fertilizers,310229,39274,21000
2025-01,Export,fertilizers,310290,107462,89118
2025-01,Export,fertilizers,310510,200340,161036
2025-01,Export,fertilizers,310520,1145321,573298
2025-01,Export,fertilizers,310559,67860,71362
2025-01,Export,fertilizers,310590,960484,149809
2025-01,Export,iron_steel_72,720390,36959973,95324000
2025-01,Export,iron_steel_72,720510,156982,40167
2025-01,Export,iron_steel_72,720521,659185,75523
2025-01,Export,iron_steel_72,720529,642192,320258
2025-01,Export,iron_steel_72,720610,185000,3176
2025-01,Export,iron_steel_72,720825,412265,428752
2025-01,Export,iron_steel_72,720836,7772,794
2025-01,Export,iron_steel_72,720851,126009,114401
2025-01,Export,iron_steel_72,720890,18948,3342
2025-01,Export,iron_steel_72,720918,49631,7598
2025-01,Export,iron_steel_72,720926,5234,786
2025-01,Export,iron_steel_72,721011,4720,4067
2025-01,Export,iron_steel_72,721020,60915,1959
2025-01,Export,iron_steel_72,721049,123546,103697
2025-01,Export,iron_steel_72,721061,219804,22471
2025-01,Export,iron_steel_72,721090,1821590,30086
2025-01,Export,iron_steel_72,721240,75369,34530
2025-01,Export,iron_steel_72,721250,242996,28856
2025-01,Export,iron_steel_72,721260,148037,35836
2025-01,Export,iron_steel_72,721391,93514,131
2025-01,Export,iron_steel_72,721550,208020,115726
2025-01,Export,iron_steel_72,721590,62207,15201
2025-01,Export,iron_steel_72,721610,3842,247
2025-01,Export,iron_steel_72,721621,4091,1358
2025-01,Export,iron_steel_72,721631,47875,20639
2025-01,Export,iron_steel_72,721632,45810,68459
2025-01,Export,iron_steel_72,721640,15923,6280
2025-01,Export,iron_steel_72,721691,56775,47089
2025-01,Export,iron_steel_72,721710,278285,68471
2025-01,Export,iron_steel_72,721720,14991,1198
2025-01,Export,iron_steel_72,721810,676467,13432
2025-01,Export,iron_steel_72,721931,17816,4835
2025-01,Export,iron_steel_72,722100,37400,1585
2025-01,Export,iron_steel_72,722300,3845868,49073
2025-01,Export,iron_steel_72,722410,1141536,143543
2025-01,Export,iron_steel_72,722511,2666288,985653
2025-01,Export,iron_steel_72,722530,231596,103220
2025-01,Export,iron_steel_73,730110,4368,1
2025-01,Export,iron_steel_73,730120,651362,144365
2025-01,Export,iron_steel_73,730210,7563,30
2025-01,Export,iron_steel_73,730300,8701,1176
2025-01,Export,iron_steel_73,730419,58419,13451
2025-01,Export,iron_steel_73,730439,319878,98695
2025-01,Export,iron_steel_73,730590,20626,100
2025-01,Export,iron_steel_73,730619,11850,3491
2025-01,Export,iron_steel_73,730630,314994,100155
2025-01,Export,iron_steel_73,730721,1622351,30831
2025-01,Export,iron_steel_73,730791,223984,10464
2025-01,Export,iron_steel_73,730830,927766,17465
2025-01,Export,iron_steel_73,730840,608809,134432
2025-01,Export,iron_steel_73,730890,1291825,139709
2025-01,Export,iron_steel_73,730900,263978,18980
2025-01,Export,iron_steel_73,731010,498673,22355
2025-01,Export,iron_steel_73,731021,959526,429134
2025-01,Export,iron_steel_73,731029,2644747,71969
2025-01,Export,iron_steel_73,731100,2410150,127296
2025-01,Export,iron_steel_73,731815,14923642,501461
2025-01,Export,iron_steel_73,731816,10700537,120598
2025-01,Export,iron_steel_73,731822,2537591,263439
2025-01,Export,iron_steel_73,731823,5820491,348381
2025-01,Export,iron_steel_73,732690,32478400,1201296
2025-02,Export,aluminum_76,760110,23988,13134
2025-02,Export,aluminum_76,760120,4143359,813310
2025-02,Export,aluminum_76,760310,2766295,286341
2025-02,Export,aluminum_76,760320,20649,7578
2025-02,Export,aluminum_76,760410,218505,2122
2025-02,Export,aluminum_76,760421,58827,6792
2025-02,Export,aluminum_76,760429,6863038,495987
2025-02,Export,aluminum_76,760519,38406,5619
2025-02,Export,aluminum_76,760521,914331,0
2025-02,Export,aluminum_76,760529,11161,97
2025-02,Export,aluminum_76,760611,239487,35060
2025-02,Export,aluminum_76,760612,6052150,273893
2025-02,Export,aluminum_76,760691,7654,48
2025-02,Export,aluminum_76,760692,19678,1104
2025-02,Export,aluminum_76,760711,402421,15876
2025-02,Export,aluminum_76,760719,530330,12099
2025-02,Export,aluminum_76,760720,793863,47174
2025-02,Export,aluminum_76,760810,18554,1994
2025-02,Export,aluminum_76,760820,925016,50252
2025-02,Export,aluminum_76,760900,2048557,86341
2025-02,Export,aluminum_76,761010,13010,786
2025-02,Export,aluminum_76,761100,8494,118
2025-02,Export,aluminum_76,761290,1720873,483636
2025-02,Export,aluminum_76,761300,2872341,41211
2025-02,Export,aluminum_76,761490,11484,174
2025-02,Export,aluminum_76,761610,4177177,38963
2025-02,Export,aluminum_76,761691,163541,15125
2025-02,Export,aluminum_76,761699,16322400,349894
2025-02,Export,cement_2523,250700,9563701,22773690
2025-02,Export,cement_2523,252321,22279,21227
2025-02,Export,cement_2523,252329,24347,95072
2025-02,Export,cement_2523,252330,23028,14656
2025-02,Export,fertilizers,280800,116891,30614
2025-02,Export,fertilizers,281410,10966371,25386258
2025-02,Export,fertilizers,281420,381558,217628
2025-02,Export,fertilizers,283421,11340,24480
2025-02,Export,fertilizers,310210,575720,754451
2025-02,Export,fertilizers,310221,67088,12129
2025-02,Export,fertilizers,310230,11340,42000
2025-02,Export,fertilizers,310260,26258,72000
2025-02,Export,fertilizers,310280,11780107,58667347
2025-02,Export,fertilizers,310290,232484,252962
2025-02,Export,fertilizers,310510,140972,245966
2025-02,Export,fertilizers,310520,1230769,1085599
2025-02,Export,fertilizers,310540,13500,31000
2025-02,Export,fertilizers,310559,187291,137303
2025-02,Export,fertilizers,310590,1317154,512600
2025-02,Export,hydrogen_2804,280410,247211,23658
2025-02,Export,iron_steel_72,260112,4873563,53081085
2025-02,Export,iron_steel_72,720510,96814,22565
2025-02,Export,iron_steel_72,720521,468446,144232
2025-02,Export,iron_steel_72,720529,667671,363320
2025-02,Export,iron_steel_72,720825,82600,9623
2025-02,Export,iron_steel_72,720836,7352,0
2025-02,Export,iron_steel_72,720838,144499,185662
2025-02,Export,iron_steel_72,720852,4250,3695
2025-02,Export,iron_steel_72,720890,141925,64003
2025-02,Export,iron_steel_72,720990,24948,15606
2025-02,Export,iron_steel_72,721012,95722,223299
2025-02,Export,iron_steel_72,721020,3684,149
2025-02,Export,iron_steel_72,721030,23426,12550
2025-02,Export,iron_steel_72,721049,80370,57913
2025-02,Export,iron_steel_72,721050,480618,586737
2025-02,Export,iron_steel_72,721070,15416,4188
2025-02,Export,iron_steel_72,721090,1809615,7340
2025-02,Export,iron_steel_72,721220,6125,249
2025-02,Export,iron_steel_72,721250,988422,100609
2025-02,Export,iron_steel_72,721320,229659,10730
2025-02,Export,iron_steel_72,721391,33171,436
2025-02,Export,iron_steel_72,721399,3937,1000
2025-02,Export,iron_steel_72,721550,3724,888
2025-02,Export,iron_steel_72,721590,21043,7033
2025-02,Export,iron_steel_72,721633,120000,107971
2025-02,Export,iron_steel_72,721691,396655,139228
2025-02,Export,iron_steel_72,721710,367044,138416
2025-02,Export,iron_steel_72,721810,392193,11442
2025-02,Export,iron_steel_72,721931,9359,571
2025-02,Export,iron_steel_72,722100,445225,11519
2025-02,Export,iron_steel_72,722300,2142028,34232
2025-02,Export,iron_steel_72,722410,787662,113082
2025-02,Export,iron_steel_72,722511,2203259,774020
2025-02,Export,iron_steel_72,722530,350943,190313
2025-02,Export,iron_steel_73,730120,1929589,147186
2025-02,Export,iron_steel_73,730210,122707,42048
2025-02,Export,iron_steel_73,730240,5751,10
2025-02,Export,iron_steel_73,730290,144925,3256
2025-02,Export,iron_steel_73,730300,4916,10
2025-02,Export,iron_steel_73,730419,399781,76800
2025-02,Export,iron_steel_73,730439,332042,258998
2025-02,Export,iron_steel_73,730520,12501,1672
2025-02,Export,iron_steel_73,730531,3863,257
2025-02,Export,iron_steel_73,730590,222926,10776
2025-02,Export,iron_steel_73,730619,3773,122
2025-02,Export,iron_steel_73,730630,194508,36231
2025-02,Export,iron_steel_73,730721,1252980,10139
2025-02,Export,iron_steel_73,730791,185811,19543
2025-02,Export,iron_steel_73,730810,5200,162
2025-02,Export,iron_steel_73,730820,54551,8
2025-02,Export,iron_steel_73,730830,408971,24786
2025-02,Export,iron_steel_73,730840,292863,82388
2025-02,Export,iron_steel_73,730890,1453519,145544
2025-02,Export,iron_steel_73,730900,603422,82675
2025-02,Export,iron_steel_73,731010,126998,61923
2025-02,Export,iron_steel_73,731021,4825400,735857
2025-02,Export,iron_steel_73,731029,729987,25606
2025-02,Export,iron_steel_73,731100,5189372,260034
2025-02,Export,iron_steel_73,731815,17881050,694381
2025-02,Export,iron_steel_73,731816,10654199,162012
2025-02,Export,iron_steel_73,731822,3738500,363743
2025-02,Export,iron_steel_73,731823,6894902,374559
2025-02,Export,iron_steel_73,732690,32712839,1707584
2025-03,Export,aluminum_76,760110,28389,20297
2025-03,Export,aluminum_76,760120,3597301,746777
2025-03,Export,aluminum_76,760310,2576050,221192
2025-03,Export,aluminum_76,760320,31363,31938
2025-03,Export,aluminum_76,760410,283923,43131
2025-03,Export,aluminum_76,760421,139004,18347
2025-03,Export,aluminum_76,760429,4771599,347491
2025-03,Export,aluminum_76,760519,19000,4506
2025-03,Export,aluminum_76,760521,308918,0
2025-03,Export,aluminum_76,760529,318423,26654
2025-03,Export,aluminum_76,760611,163498,8644
2025-03,Export,aluminum_76,760612,9526308,519098
2025-03,Export,aluminum_76,760691,13214,3176
2025-03,Export,aluminum_76,760692,49288,949
2025-03,Export,aluminum_76,760711,238175,15864
2025-03,Export,aluminum_76,760719,574694,24555
2025-03,Export,aluminum_76,760720,2299693,212419
2025-03,Export,aluminum_76,760810,192981,18219
2025-03,Export,aluminum_76,760820,1158933,102892
2025-03,Export,aluminum_76,760900,1857029,55704
2025-03,Export,aluminum_76,761010,122905,6722
2025-03,Export,aluminum_76,761100,12005,154
2025-03,Export,aluminum_76,761210,28691,103
2025-03,Export,aluminum_76,761290,909940,218321
2025-03,Export,aluminum_76,761300,2919913,38930
2025-03,Export,aluminum_76,761410,14142,1097
2025-03,Export,aluminum_76,761610,3907163,65723
2025-03,Export,aluminum_76,761691,543266,44626
2025-03,Export,aluminum_76,761699,17813979,501771
2025-03,Export,cement_2523,250700,15467910,35926008
2025-03,Export,cement_2523,252329,13322,73958
2025-03,Export,fertilizers,280800,65824,19412
2025-03,Export,fertilizers,281410,13697214,50416921
2025-03,Export,fertilizers,281420,213181,107367
2025-03,Export,fertilizers,310210,425756,528409
2025-03,Export,fertilizers,310221,24768,7174
2025-03,Export,fertilizers,310229,41274,20000
2025-03,Export,fertilizers,310290,125465,99239
2025-03,Export,fertilizers,310510,148568,176421
2025-03,Export,fertilizers,310520,759712,533525
2025-03,Export,fertilizers,310540,224868,516000
2025-03,Export,fertilizers,310559,157833,166003
2025-03,Export,fertilizers,310590,1746638,363970
2025-03,Export,hydrogen_2804,280410,50486,48282
2025-03,Export,iron_steel_72,260112,5900000,51576635
2025-03,Export,iron_steel_72,720110,3673,5055
2025-03,Export,iron_steel_72,720211,5434,228
2025-03,Export,iron_steel_72,720510,216858,45918
2025-03,Export,iron_steel_72,720521,1255576,434933
2025-03,Export,iron_steel_72,720529,888912,510281
2025-03,Export,iron_steel_72,720610,10975,3850
2025-03,Export,iron_steel_72,720825,28930,0
2025-03,Export,iron_steel_72,720836,9744,7523
2025-03,Export,iron_steel_72,720837,104505,112890
2025-03,Export,iron_steel_72,720851,101559,76332
2025-03,Export,iron_steel_72,720852,295510,112287
2025-03,Export,iron_steel_72,720853,14640,2177
2025-03,Export,iron_steel_72,720890,32417,19411
2025-03,Export,iron_steel_72,720918,48124,8527
2025-03,Export,iron_steel_72,721012,63000,174842
2025-03,Export,iron_steel_72,721020,105045,4643
2025-03,Export,iron_steel_72,721049,71983,52875
2025-03,Export,iron_steel_72,721050,6736,4661
2025-03,Export,iron_steel_72,721061,9938,360
2025-03,Export,iron_steel_72,721070,23398,6281
2025-03,Export,iron_steel_72,721090,3367590,91365
2025-03,Export,iron_steel_72,721230,12391,1769
2025-03,Export,iron_steel_72,721240,24211,10524
2025-03,Export,iron_steel_72,721250,221477,41494
2025-03,Export,iron_steel_72,721260,210780,60074
2025-03,Export,iron_steel_72,721320,112772,5631
2025-03,Export,iron_steel_72,721391,5600,1990
2025-03,Export,iron_steel_72,721399,3928,3216
2025-03,Export,iron_steel_72,721510,17427,9314
2025-03,Export,iron_steel_72,721590,214991,43315
2025-03,Export,iron_steel_72,721610,12551,1870
2025-03,Export,iron_steel_72,721640,8324,2436
2025-03,Export,iron_steel_72,721691,53682,32239
2025-03,Export,iron_steel_72,721699,115654,34240
2025-03,Export,iron_steel_72,721710,231160,140845
2025-03,Export,iron_steel_72,721720,336570,214618
2025-03,Export,iron_steel_72,721810,1185256,47657
2025-03,Export,iron_steel_72,721931,17936,3443
2025-03,Export,iron_steel_72,722300,3117406,24749
2025-03,Export,iron_steel_72,722410,1361812,197107
2025-03,Export,iron_steel_72,722511,118314,48028
2025-03,Export,iron_steel_72,722530,171958,79761
2025-03,Export,iron_steel_72,722550,21713,2444
2025-03,Export,iron_steel_73,730110,4915,2900
2025-03,Export,iron_steel_73,730120,973865,86017
2025-03,Export,iron_steel_73,730210,100016,35439
2025-03,Export,iron_steel_73,730300,16577,1669
2025-03,Export,iron_steel_73,730419,227314,63058
2025-03,Export,iron_steel_73,730439,1553174,1797270
2025-03,Export,iron_steel_73,730520,44479,5948
2025-03,Export,iron_steel_73,730539,88665,18523
2025-03,Export,iron_steel_73,730590,47671,1902
2025-03,Export,iron_steel_73,730619,58092,22380
2025-03,Export,iron_steel_73,730630,355702,105128
2025-03,Export,iron_steel_73,730721,1465872,9539
2025-03,Export,iron_steel_73,730791,283980,9233
2025-03,Export,iron_steel_73,730810,23082,13371
2025-03,Export,iron_steel_73,730820,82150,0
2025-03,Export,iron_steel_73,730830,57101,3278
2025-03,Export,iron_steel_73,730840,379418,141444
2025-03,Export,iron_steel_73,730890,1167839,232981
2025-03,Export,iron_steel_73,730900,546875,62833
2025-03,Export,iron_steel_73,731010,425101,13430
2025-03,Export,iron_steel_73,731021,15736848,1714541
2025-03,Export,iron_steel_73,731029,882270,72001
2025-03,Export,iron_steel_73,731100,3124871,214124
2025-03,Export,iron_steel_73,731815,16250622,548607
2025-03,Export,iron_steel_73,731816,8691925,113282
2025-03,Export,iron_steel_73,731822,3113329,270779
2025-03,Export,iron_steel_73,731823,6925908,366497
2025-03,Export,iron_steel_73,732690,39782861,2067875
2025-04,Export,aluminum_76,760110,7750,6798
2025-04,Export,aluminum_76,760120,4759730,896741
2025-04,Export,aluminum_76,760310,1089386,90832
2025-04,Export,aluminum_76,760320,22049,36968
2025-04,Export,aluminum_76,760410,451453,12174
2025-04,Export,aluminum_76,760421,323962,41578
2025-04,Export,aluminum_76,760429,4688938,367868
2025-04,Export,aluminum_76,760521,1397132,0
2025-04,Export,aluminum_76,760529,125587,13084
2025-04,Export,aluminum_76,760611,73286,2141
2025-04,Export,aluminum_76,760612,9506155,534157
2025-04,Export,aluminum_76,760691,49690,4797
2025-04,Export,aluminum_76,760692,100828,5318
2025-04,Export,aluminum_76,760711,397996,15133
2025-04,Export,aluminum_76,760719,685417,22677
2025-04,Export,aluminum_76,760720,1524240,143543
2025-04,Export,aluminum_76,760810,167699,7439
2025-04,Export,aluminum_76,760820,2041449,175888
2025-04,Export,aluminum_76,760900,1929682,59510
2025-04,Export,aluminum_76,761010,1017103,8805
2025-04,Export,aluminum_76,761100,14553,158
2025-04,Export,aluminum_76,761210,7019,128
2025-04,Export,aluminum_76,761290,386787,14505
2025-04,Export,aluminum_76,761300,3233369,43752
2025-04,Export,aluminum_76,761610,2910623,47660
2025-04,Export,aluminum_76,761691,222634,18939
2025-04,Export,aluminum_76,761699,13948281,314843
2025-04,Export,cement_2523,250700,10550460,24565417
2025-04,Export,cement_2523,252310,10536,24800
2025-04,Export,cement_2523,252321,37918,25197
2025-04,Export,cement_2523,252329,16878,53296
2025-04,Export,cement_2523,252390,30576,77472
2025-04,Export,fertilizers,280800,11345,223
2025-04,Export,fertilizers,281410,12100601,25756881
2025-04,Export,fertilizers,281420,441105,248840
2025-04,Export,fertilizers,283421,56354,0
2025-04,Export,fertilizers,310210,697360,863290
2025-04,Export,fertilizers,310221,4344,15000
2025-04,Export,fertilizers,310229,41274,5164
2025-04,Export,fertilizers,310260,39760,109000
2025-04,Export,fertilizers,310290,114939,31934
2025-04,Export,fertilizers,310510,215027,151394
2025-04,Export,fertilizers,310520,1526838,593339
2025-04,Export,fertilizers,310540,196365,451000
2025-04,Export,fertilizers,310559,179091,141645
2025-04,Export,fertilizers,310590,742985,160769
2025-04,Export,iron_steel_72,260112,18781545,121884915
2025-04,Export,iron_steel_72,720110,5010,5055
2025-04,Export,iron_steel_72,720390,29770940,74000000
2025-04,Export,iron_steel_72,720510,237842,131
2025-04,Export,iron_steel_72,720521,1100556,562593
2025-04,Export,iron_steel_72,720529,930063,533320
2025-04,Export,iron_steel_72,720810,7677,6635
2025-04,Export,iron_steel_72,720827,27361,21646
2025-04,Export,iron_steel_72,720836,11166,2789
2025-04,Export,iron_steel_72,720890,4697,1685
2025-04,Export,iron_steel_72,720918,31571,4792
2025-04,Export,iron_steel_72,720926,2775,224
2025-04,Export,iron_steel_72,720990,2925,123
2025-04,Export,iron_steel_72,721020,80159,3073
2025-04,Export,iron_steel_72,721049,141752,103657
2025-04,Export,iron_steel_72,721090,3537003,90280
2025-04,Export,iron_steel_72,721220,15140,9918
2025-04,Export,iron_steel_72,721240,20362,10577
2025-04,Export,iron_steel_72,721250,1696563,202535
2025-04,Export,iron_steel_72,721260,164571,43990
2025-04,Export,iron_steel_72,721310,4500,2650
2025-04,Export,iron_steel_72,721320,13732,529
2025-04,Export,iron_steel_72,721391,6624,2116
2025-04,Export,iron_steel_72,721550,87369,0
2025-04,Export,iron_steel_72,721590,89446,21960
2025-04,Export,iron_steel_72,721632,4725,5164
2025-04,Export,iron_steel_72,721691,89934,54000
2025-04,Export,iron_steel_72,721699,35995,1293
2025-04,Export,iron_steel_72,721710,1360084,183168
2025-04,Export,iron_steel_72,721720,3100,502
2025-04,Export,iron_steel_72,721810,802341,29398
2025-04,Export,iron_steel_72,722100,538208,11575
2025-04,Export,iron_steel_72,722300,2559607,68287
2025-04,Export,iron_steel_72,722410,755646,119017
2025-04,Export,iron_steel_72,722511,1740959,572146
2025-04,Export,iron_steel_72,722530,92853,35274
2025-04,Export,iron_steel_72,722550,24289,3602
2025-04,Export,iron_steel_73,730120,1396529,194421
2025-04,Export,iron_steel_73,730210,66351,22353
2025-04,Export,iron_steel_73,730230,3583,1010
2025-04,Export,iron_steel_73,730290,36902,14552
2025-04,Export,iron_steel_73,730300,9394,184
2025-04,Export,iron_steel_73,730419,540325,298771
2025-04,Export,iron_steel_73,730439,416449,311227
2025-04,Export,iron_steel_73,730531,7342,3140
2025-04,Export,iron_steel_73,730590,491796,6701
2025-04,Export,iron_steel_73,730619,52070,5522
2025-04,Export,iron_steel_73,730630,91049,21014
2025-04,Export,iron_steel_73,730721,1075099,8629
2025-04,Export,iron_steel_73,730791,164704,5068
2025-04,Export,iron_steel_73,730810,146331,27552
2025-04,Export,iron_steel_73,730830,858651,40360
2025-04,Export,iron_steel_73,730840,585664,241057
2025-04,Export,iron_steel_73,730890,1252425,194755
2025-04,Export,iron_steel_73,730900,630947,24727
2025-04,Export,iron_steel_73,731010,323939,117307
2025-04,Export,iron_steel_73,731021,2929714,1500886
2025-04,Export,iron_steel_73,731029,2277060,80583
2025-04,Export,iron_steel_73,731100,5207431,251099
2025-04,Export,iron_steel_73,731815,12928188,547912
2025-04,Export,iron_steel_73,731816,8703001,121979
2025-04,Export,iron_steel_73,731822,2609421,234526
2025-04,Export,iron_steel_73,731823,6864953,312650
2025-04,Export,iron_steel_73,732690,35805362,1808398
2025-05,Export,aluminum_76,760110,8271,7255
2025-05,Export,aluminum_76,760120,5986272,1257467
2025-05,Export,aluminum_76,760310,578944,50703
2025-05,Export,aluminum_76,760320,21721,14265
2025-05,Export,aluminum_76,760410,510150,17834
2025-05,Export,aluminum_76,760421,160436,15585
2025-05,Export,aluminum_76,760429,5018067,432773
2025-05,Export,aluminum_76,760521,294743,0
2025-05,Export,aluminum_76,760529,109634,7872
2025-05,Export,aluminum_76,760611,677246,29610
2025-05,Export,aluminum_76,760612,10454143,391265
2025-05,Export,aluminum_76,760691,27104,6431
2025-05,Export,aluminum_76,760692,152411,11004
2025-05,Export,aluminum_76,760711,51415,2730
2025-05,Export,aluminum_76,760719,645000,20495
2025-05,Export,aluminum_76,760720,1156393,122666
2025-05,Export,aluminum_76,760810,23845,1332
2025-05,Export,aluminum_76,760820,1125104,116424
2025-05,Export,aluminum_76,760900,1820351,69054
2025-05,Export,aluminum_76,761010,10428,339
2025-05,Export,aluminum_76,761290,890521,159401
2025-05,Export,aluminum_76,761300,2273436,27840
2025-05,Export,aluminum_76,761490,50815,2100
2025-05,Export,aluminum_76,761610,2969352,49968
2025-05,Export,aluminum_76,761691,143098,13829
2025-05,Export,aluminum_76,761699,16131744,342136
2025-05,Export,cement_2523,250700,17095811,36895510
2025-05,Export,cement_2523,252321,19737,17020
2025-05,Export,cement_2523,252329,16452,99425
2025-05,Export,cement_2523,252390,58092,47983
2025-05,Export,fertilizers,280800,26072,4414
2025-05,Export,fertilizers,281410,8062466,26540414
2025-05,Export,fertilizers,281420,411237,250428
2025-05,Export,fertilizers,283421,41861,9180
2025-05,Export,fertilizers,310210,462319,500493
2025-05,Export,fertilizers,310221,38107,3060
2025-05,Export,fertilizers,310290,37747,5419
2025-05,Export,fertilizers,310510,8365,158
2025-05,Export,fertilizers,310520,853218,347840
2025-05,Export,fertilizers,310590,940962,171867
2025-05,Export,hydrogen_2804,280410,50486,48299
2025-05,Export,iron_steel_72,720211,2586,228
2025-05,Export,iron_steel_72,720241,10916,19148
2025-05,Export,iron_steel_72,720510,598728,139608
2025-05,Export,iron_steel_72,720521,1179965,515581
2025-05,Export,iron_steel_72,720529,746805,401568
2025-05,Export,iron_steel_72,720610,4158,323
2025-05,Export,iron_steel_72,720826,4250,4503
2025-05,Export,iron_steel_72,720854,33527,8946
2025-05,Export,iron_steel_72,720890,14052,5041
2025-05,Export,iron_steel_72,720918,62962,9659
2025-05,Export,iron_steel_72,720925,4877,1316
2025-05,Export,iron_steel_72,721012,91900,104011
2025-05,Export,iron_steel_72,721020,8851,416
2025-05,Export,iron_steel_72,721030,15323,9235
2025-05,Export,iron_steel_72,721049,270562,198738
2025-05,Export,iron_steel_72,721050,51523,2495
2025-05,Export,iron_steel_72,721090,2655768,55320
2025-05,Export,iron_steel_72,721250,1367721,129293
2025-05,Export,iron_steel_72,721260,163420,47179
2025-05,Export,iron_steel_72,721550,53732,44850
2025-05,Export,iron_steel_72,721590,135695,41171
2025-05,Export,iron_steel_72,721621,8207,6408
2025-05,Export,iron_steel_72,721631,8287,4214
2025-05,Export,iron_steel_72,721633,3783,2176
2025-05,Export,iron_steel_72,721640,86967,56264
2025-05,Export,iron_steel_72,721691,74935,44993
2025-05,Export,iron_steel_72,721699,281820,20422
2025-05,Export,iron_steel_72,721710,234989,75841
2025-05,Export,iron_steel_72,721720,3330,1762
2025-05,Export,iron_steel_72,721810,777785,36189
2025-05,Export,iron_steel_72,722100,660983,21200
2025-05,Export,iron_steel_72,722300,3047549,58083
2025-05,Export,iron_steel_72,722410,2017898,318700
2025-05,Export,iron_steel_72,722511,1085826,385432
2025-05,Export,iron_steel_72,722530,58173,33305
2025-05,Export,iron_steel_72,722550,15806,9433
2025-05,Export,iron_steel_73,730110,8277,15
2025-05,Export,iron_steel_73,730120,670324,69739
2025-05,Export,iron_steel_73,730210,57397,19493
2025-05,Export,iron_steel_73,730290,6179,975
2025-05,Export,iron_steel_73,730300,36382,674
2025-05,Export,iron_steel_73,730419,455778,405695
2025-05,Export,iron_steel_73,730439,589959,607235
2025-05,Export,iron_steel_73,730590,185410,13677
2025-05,Export,iron_steel_73,730619,20406,2859
2025-05,Export,iron_steel_73,730630,392534,76649
2025-05,Export,iron_steel_73,730721,1249323,5625
2025-05,Export,iron_steel_73,730791,98799,8177
2025-05,Export,iron_steel_73,730810,4750,1222
2025-05,Export,iron_steel_73,730830,103500,4195
2025-05,Export,iron_steel_73,730840,533573,151178
2025-05,Export,iron_steel_73,730890,1788121,282417
2025-05,Export,iron_steel_73,730900,211067,32496
2025-05,Export,iron_steel_73,731010,935750,18029
2025-05,Export,iron_steel_73,731021,2938625,1595136
2025-05,Export,iron_steel_73,731029,1128242,29518
2025-05,Export,iron_steel_73,731100,3956949,370894
2025-05,Export,iron_steel_73,731815,18028603,774807
2025-05,Export,iron_steel_73,731816,11599382,153776
2025-05,Export,iron_steel_73,731822,2179948,189032
2025-05,Export,iron_steel_73,731823,6026921,290659
2025-05,Export,iron_steel_73,732690,36157263,1710882
2025-06,Export,aluminum_76,760110,15111,14721
2025-06,Export,aluminum_76,760120,2099650,302459
2025-06,Export,aluminum_76,760310,305178,30535
2025-06,Export,aluminum_76,760320,13628,656
2025-06,Export,aluminum_76,760410,139710,9280
2025-06,Export,aluminum_76,760421,135586,14852
2025-06,Export,aluminum_76,760429,3493316,314396
2025-06,Export,aluminum_76,760519,56402,3579
2025-06,Export,aluminum_76,760521,746831,5678
2025-06,Export,aluminum_76,760529,103386,8501
2025-06,Export,aluminum_76,760611,116828,23373
2025-06,Export,aluminum_76,760612,8478576,466094
2025-06,Export,aluminum_76,760691,2923,10
2025-06,Export,aluminum_76,760692,160066,23036
2025-06,Export,aluminum_76,760711,62765,3788
2025-06,Export,aluminum_76,760719,594833,21865
2025-06,Export,aluminum_76,760720,2042426,195677
2025-06,Export,aluminum_76,760810,34523,2897
2025-06,Export,aluminum_76,760820,1068993,102215
2025-06,Export,aluminum_76,760900,1624375,47711
2025-06,Export,aluminum_76,761010,242111,5469
2025-06,Export,aluminum_76,761100,58894,1131
2025-06,Export,aluminum_76,761290,967122,137304
2025-06,Export,aluminum_76,761300,1792263,24847
2025-06,Export,aluminum_76,761610,2613205,30959
2025-06,Export,aluminum_76,761691,110735,8614
2025-06,Export,aluminum_76,761699,14292193,301998
2025-06,Export,cement_2523,250700,13261647,25729786
2025-06,Export,cement_2523,252321,15506,22900
2025-06,Export,cement_2523,252329,2793,9144
2025-06,Export,cement_2523,252390,9458,11172
2025-06,Export,fertilizers,280800,53519,10176
2025-06,Export,fertilizers,281410,2500000,25000000
2025-06,Export,fertilizers,281420,663585,363472
2025-06,Export,fertilizers,283421,7128,1412
2025-06,Export,fertilizers,310210,382924,368000
2025-06,Export,fertilizers,310221,200653,211596
2025-06,Export,fertilizers,310260,2940,1000
2025-06,Export,fertilizers,310280,11724586,44750856
2025-06,Export,fertilizers,310290,48551,12093
2025-06,Export,fertilizers,310510,28770,9752
2025-06,Export,fertilizers,310520,354633,1317332
2025-06,Export,fertilizers,310590,697180,104252
2025-06,Export,hydrogen_2804,280410,53275,36517
2025-06,Export,iron_steel_72,720510,54504,45886
2025-06,Export,iron_steel_72,720521,455099,80589
2025-06,Export,iron_steel_72,720529,831123,451677
2025-06,Export,iron_steel_72,720836,14265,17210
2025-06,Export,iron_steel_72,720839,49833,55285
2025-06,Export,iron_steel_72,720851,41991,41510
2025-06,Export,iron_steel_72,720890,3642,1499
2025-06,Export,iron_steel_72,721012,36000,102803
2025-06,Export,iron_steel_72,721020,65918,2380
2025-06,Export,iron_steel_72,721050,53535,2473
2025-06,Export,iron_steel_72,721061,7585,465
2025-06,Export,iron_steel_72,721070,26640,17846
2025-06,Export,iron_steel_72,721240,39207,14337
2025-06,Export,iron_steel_72,721250,348364,18843
2025-06,Export,iron_steel_72,721260,53488,13059
2025-06,Export,iron_steel_72,721510,43259,19854
2025-06,Export,iron_steel_72,721550,51165,20323
2025-06,Export,iron_steel_72,721590,44867,10967
2025-06,Export,iron_steel_72,721633,31300,10331
2025-06,Export,iron_steel_72,721640,12756,9660
2025-06,Export,iron_steel_72,721650,4300,657
2025-06,Export,iron_steel_72,721691,345923,74526
2025-06,Export,iron_steel_72,721699,9060,336
2025-06,Export,iron_steel_72,721710,213538,74328
2025-06,Export,iron_steel_72,721720,2780,472
2025-06,Export,iron_steel_72,721810,363149,37828
2025-06,Export,iron_steel_72,721931,3290,172
2025-06,Export,iron_steel_72,722100,333245,13962
2025-06,Export,iron_steel_72,722300,4243107,77710
2025-06,Export,iron_steel_72,722410,1156788,194020
2025-06,Export,iron_steel_72,722511,482568,182251
2025-06,Export,iron_steel_72,722550,10383,7145
2025-06,Export,iron_steel_73,730110,41956,1318
2025-06,Export,iron_steel_73,730120,1485803,121247
2025-06,Export,iron_steel_73,730210,83976,19306
2025-06,Export,iron_steel_73,730290,44660,5273
2025-06,Export,iron_steel_73,730419,419447,196711
2025-06,Export,iron_steel_73,730439,14346,4456
2025-06,Export,iron_steel_73,730539,2890,1014
2025-06,Export,iron_steel_73,730590,40668,207
2025-06,Export,iron_steel_73,730619,29896,1604
2025-06,Export,iron_steel_73,730630,342686,78697
2025-06,Export,iron_steel_73,730721,1217076,6070
2025-06,Export,iron_steel_73,730791,226457,10109
2025-06,Export,iron_steel_73,730810,1334402,256419
2025-06,Export,iron_steel_73,730830,275337,21401
2025-06,Export,iron_steel_73,730840,507070,140065
2025-06,Export,iron_steel_73,730890,3492455,498617
2025-06,Export,iron_steel_73,730900,2402671,77685
2025-06,Export,iron_steel_73,731010,488808,43635
2025-06,Export,iron_steel_73,731021,1463960,793351
2025-06,Export,iron_steel_73,731029,1332383,65414
2025-06,Export,iron_steel_73,731100,4278734,420998
2025-06,Export,iron_steel_73,731815,13412447,543065
2025-06,Export,iron_steel_73,731816,6250931,86208
2025-06,Export,iron_steel_73,731822,2214935,176785
2025-06,Export,iron_steel_73,731823,5836112,260050
2025-06,Export,iron_steel_73,732690,36814802,1733554
2025-07,Export,aluminum_76,760110,12322,4312
2025-07,Export,aluminum_76,760120,2399801,544229
2025-07,Export,aluminum_76,760310,506275,38541
2025-07,Export,aluminum_76,760320,202987,48811
2025-07,Export,aluminum_76,760410,174490,35689
2025-07,Export,aluminum_76,760421,161059,18409
2025-07,Export,aluminum_76,760429,4704617,347764
2025-07,Export,aluminum_76,760529,148654,9724
2025-07,Export,aluminum_76,760611,693408,79415
2025-07,Export,aluminum_76,760612,6625813,382515
2025-07,Export,aluminum_76,760691,786326,12755
2025-07,Export,aluminum_76,760692,61510,2454
2025-07,Export,aluminum_76,760711,65442,7517
2025-07,Export,aluminum_76,760719,627252,27105
2025-07,Export,aluminum_76,760720,1066855,109104
2025-07,Export,aluminum_76,760810,173637,7795
2025-07,Export,aluminum_76,760820,816297,58961
2025-07,Export,aluminum_76,760900,1916598,42848
2025-07,Export,aluminum_76,761010,98458,9427
2025-07,Export,aluminum_76,761100,35975,953
2025-07,Export,aluminum_76,761290,611495,103822
2025-07,Export,aluminum_76,761300,2398398,30330
2025-07,Export,aluminum_76,761490,18609,503
2025-07,Export,aluminum_76,761610,3369766,34993
2025-07,Export,aluminum_76,761691,177550,10005
2025-07,Export,aluminum_76,761699,16463852,370164
2025-07,Export,cement_2523,250700,13357272,30898654
2025-07,Export,cement_2523,252329,882559,5489895
2025-07,Export,cement_2523,252390,25398,214225
2025-07,Export,fertilizers,280800,33160,9894
2025-07,Export,fertilizers,281410,18104008,74565761
2025-07,Export,fertilizers,281420,349614,170734
2025-07,Export,fertilizers,283421,6811,2824
2025-07,Export,fertilizers,310210,637888,716000
2025-07,Export,fertilizers,310221,308207,438400
2025-07,Export,fertilizers,310280,21530931,84306948
2025-07,Export,fertilizers,310290,49235,13203
2025-07,Export,fertilizers,310510,45746,18205
2025-07,Export,fertilizers,310520,312438,241752
2025-07,Export,fertilizers,310559,19656,12294
2025-07,Export,fertilizers,310590,48375,8375
2025-07,Export,hydrogen_2804,280410,134582,85103
2025-07,Export,iron_steel_72,260112,3300000,33000000
2025-07,Export,iron_steel_72,720211,2585,229
2025-07,Export,iron_steel_72,720510,235738,603
2025-07,Export,iron_steel_72,720521,723285,226708
2025-07,Export,iron_steel_72,720529,489172,228878
2025-07,Export,iron_steel_72,720836,3869,0
2025-07,Export,iron_steel_72,720851,13660,11655
2025-07,Export,iron_steel_72,720852,70138,24121
2025-07,Export,iron_steel_72,720853,9257,3209
2025-07,Export,iron_steel_72,720854,3058,992
2025-07,Export,iron_steel_72,720890,5463,3109
2025-07,Export,iron_steel_72,720926,3009,284
2025-07,Export,iron_steel_72,720927,3286,2440
2025-07,Export,iron_steel_72,721020,26010,1213
2025-07,Export,iron_steel_72,721049,89197,65514
2025-07,Export,iron_steel_72,721061,57000,0
2025-07,Export,iron_steel_72,721069,21000,15114
2025-07,Export,iron_steel_72,721090,1784562,14017
2025-07,Export,iron_steel_72,721240,5957,2901
2025-07,Export,iron_steel_72,721250,449807,28084
2025-07,Export,iron_steel_72,721260,227301,47372
2025-07,Export,iron_steel_72,721391,4082,40
2025-07,Export,iron_steel_72,721399,3679,4000
2025-07,Export,iron_steel_72,721590,96348,27457
2025-07,Export,iron_steel_72,721631,70600,59579
2025-07,Export,iron_steel_72,721633,11515,4952
2025-07,Export,iron_steel_72,721691,213068,78256
2025-07,Export,iron_steel_72,721699,3835,55
2025-07,Export,iron_steel_72,721710,244439,81121
2025-07,Export,iron_steel_72,721810,288677,1644
2025-07,Export,iron_steel_72,722100,365744,26681
2025-07,Export,iron_steel_72,722300,2304077,48441
2025-07,Export,iron_steel_72,722410,708706,117904
2025-07,Export,iron_steel_72,722511,1634004,584332
2025-07,Export,iron_steel_72,722550,5824,1000
2025-07,Export,iron_steel_73,730110,10004,71
2025-07,Export,iron_steel_73,730120,1765817,165180
2025-07,Export,iron_steel_73,730210,19889,2320
2025-07,Export,iron_steel_73,730419,111625,24246
2025-07,Export,iron_steel_73,730439,138981,40635
2025-07,Export,iron_steel_73,730511,1477145,131260
2025-07,Export,iron_steel_73,730531,3862,1009
2025-07,Export,iron_steel_73,730590,573227,9465
2025-07,Export,iron_steel_73,730630,121940,25258
2025-07,Export,iron_steel_73,730721,971291,3345
2025-07,Export,iron_steel_73,730791,279746,6734
2025-07,Export,iron_steel_73,730810,12233,3145
2025-07,Export,iron_steel_73,730820,57047,16870
2025-07,Export,iron_steel_73,730830,86354,11293
2025-07,Export,iron_steel_73,730840,14943,2904
2025-07,Export,iron_steel_73,730890,2213577,670471
2025-07,Export,iron_steel_73,730900,1116129,48759
2025-07,Export,iron_steel_73,731010,314486,26950
2025-07,Export,iron_steel_73,731021,1752125,956062
2025-07,Export,iron_steel_73,731029,761130,13406
2025-07,Export,iron_steel_73,731100,5638362,297852
2025-07,Export,iron_steel_73,731815,15221132,391189
2025-07,Export,iron_steel_73,731816,9309290,144501
2025-07,Export,iron_steel_73,731822,2940338,225075
2025-07,Export,iron_steel_73,731823,5834628,288458
2025-07,Export,iron_steel_73,732690,38660446,1503191
2025-08,Export,aluminum_76,760110,18363,11321
2025-08,Export,aluminum_76,760120,3019094,586229
2025-08,Export,aluminum_76,760310,1244780,168321
2025-08,Export,aluminum_76,760320,15392,12505
2025-08,Export,aluminum_76,760410,203867,28188
2025-08,Export,aluminum_76,760421,142000,14042
2025-08,Export,aluminum_76,760429,6194502,431629
2025-08,Export,aluminum_76,760519,4567,399
2025-08,Export,aluminum_76,760521,807710,0
2025-08,Export,aluminum_76,760529,337021,23310
2025-08,Export,aluminum_76,760611,24464,618
2025-08,Export,aluminum_76,760612,6226393,324630
2025-08,Export,aluminum_76,760691,10771,205
2025-08,Export,aluminum_76,760692,114954,10545
2025-08,Export,aluminum_76,760711,59815,9332
2025-08,Export,aluminum_76,760719,546852,19985
2025-08,Export,aluminum_76,760720,1057856,83288
2025-08,Export,aluminum_76,760810,64901,2308
2025-08,Export,aluminum_76,760820,757882,66298
2025-08,Export,aluminum_76,760900,1489673,28225
2025-08,Export,aluminum_76,761010,78942,2766
2025-08,Export,aluminum_76,761100,7800,18
2025-08,Export,aluminum_76,761290,1324960,284601
2025-08,Export,aluminum_76,761300,1922230,22307
2025-08,Export,aluminum_76,761490,22971,30
2025-08,Export,aluminum_76,761610,3491636,40699
2025-08,Export,aluminum_76,761691,79398,1844
2025-08,Export,aluminum_76,761699,19329231,350982
2025-08,Export,cement_2523,250700,12709128,24845181
2025-08,Export,cement_2523,252321,10493,6956
2025-08,Export,cement_2523,252329,13349,83025
2025-08,Export,fertilizers,280800,8735,553
2025-08,Export,fertilizers,281410,11314339,26521510
2025-08,Export,fertilizers,281420,370125,203921
2025-08,Export,fertilizers,283421,118400,24460
2025-08,Export,fertilizers,310210,558083,701378
2025-08,Export,fertilizers,310221,84776,23842
2025-08,Export,fertilizers,310280,9151000,46024194
2025-08,Export,fertilizers,310290,43936,16416
2025-08,Export,fertilizers,310510,65361,7995
2025-08,Export,fertilizers,310520,530897,283033
2025-08,Export,fertilizers,310590,592111,91366
2025-08,Export,iron_steel_72,260112,10917280,80784000
2025-08,Export,iron_steel_72,720310,9723,91080
2025-08,Export,iron_steel_72,720390,36152474,101843750
2025-08,Export,iron_steel_72,720510,1838420,23889
2025-08,Export,iron_steel_72,720521,1107625,352961
2025-08,Export,iron_steel_72,720529,1290094,592731
2025-08,Export,iron_steel_72,720810,4740,4423
2025-08,Export,iron_steel_72,720851,18811,16051
2025-08,Export,iron_steel_72,720852,6490,1099
2025-08,Export,iron_steel_72,720890,110435,49668
2025-08,Export,iron_steel_72,720918,34996,5312
2025-08,Export,iron_steel_72,720926,6120,850
2025-08,Export,iron_steel_72,721020,60702,1438
2025-08,Export,iron_steel_72,721049,296800,217996
2025-08,Export,iron_steel_72,721050,40655,47020
2025-08,Export,iron_steel_72,721061,3420,100
2025-08,Export,iron_steel_72,721069,10235,7366
2025-08,Export,iron_steel_72,721090,75976,19282
2025-08,Export,iron_steel_72,721230,9230,5089
2025-08,Export,iron_steel_72,721240,9046,723
2025-08,Export,iron_steel_72,721250,641841,62329
2025-08,Export,iron_steel_72,721260,90336,25818
2025-08,Export,iron_steel_72,721510,41867,12558
2025-08,Export,iron_steel_72,721590,80878,15835
2025-08,Export,iron_steel_72,721610,5578,2583
2025-08,Export,iron_steel_72,721650,2553,383
2025-08,Export,iron_steel_72,721691,45935,17096
2025-08,Export,iron_steel_72,721699,117010,15298
2025-08,Export,iron_steel_72,721710,512588,206975
2025-08,Export,iron_steel_72,721720,10545,4521
2025-08,Export,iron_steel_72,721810,1096198,76699
2025-08,Export,iron_steel_72,722100,592701,13372
2025-08,Export,iron_steel_72,722300,1821272,30409
2025-08,Export,iron_steel_72,722410,1201046,208173
2025-08,Export,iron_steel_72,722511,1053460,480477
2025-08,Export,iron_steel_72,722550,16270,4428
2025-08,Export,iron_steel_73,730110,14230,1082
2025-08,Export,iron_steel_73,730120,2309252,251537
2025-08,Export,iron_steel_73,730210,67899,16029
2025-08,Export,iron_steel_73,730300,3123,3
2025-08,Export,iron_steel_73,730419,1283777,1709433
2025-08,Export,iron_steel_73,730439,25910,6909
2025-08,Export,iron_steel_73,730590,97811,3281
2025-08,Export,iron_steel_73,730619,95246,38416
2025-08,Export,iron_steel_73,730630,146229,30487
2025-08,Export,iron_steel_73,730721,1562283,4534
2025-08,Export,iron_steel_73,730791,425947,7800
2025-08,Export,iron_steel_73,730810,11971,3078
2025-08,Export,iron_steel_73,730820,4000,255
2025-08,Export,iron_steel_73,730830,209022,19649
2025-08,Export,iron_steel_73,730840,617249,103285
2025-08,Export,iron_steel_73,730890,2190733,600827
2025-08,Export,iron_steel_73,730900,2690124,145323
2025-08,Export,iron_steel_73,731010,206425,5652
2025-08,Export,iron_steel_73,731021,1850150,1012865
2025-08,Export,iron_steel_73,731029,584050,20471
2025-08,Export,iron_steel_73,731100,2566724,189863
2025-08,Export,iron_steel_73,731815,15035315,453002
2025-08,Export,iron_steel_73,731816,7844506,106022
2025-08,Export,iron_steel_73,731822,3337730,236799
2025-08,Export,iron_steel_73,731823,5230937,191753
2025-08,Export,iron_steel_73,732690,36928698,1692844
2025-09,Export,aluminum_76,760110,23026,14995
2025-09,Export,aluminum_76,760120,4538192,803935
2025-09,Export,aluminum_76,760310,515471,51432
2025-09,Export,aluminum_76,760320,16902,2368
2025-09,Export,aluminum_76,760410,116965,866
2025-09,Export,aluminum_76,760421,259723,13958
2025-09,Export,aluminum_76,760429,6530723,453159
2025-09,Export,aluminum_76,760521,1067431,20237
2025-09,Export,aluminum_76,760529,113522,8826
2025-09,Export,aluminum_76,760611,28086,341
2025-09,Export,aluminum_76,760612,5515468,264570
2025-09,Export,aluminum_76,760691,32129,0
2025-09,Export,aluminum_76,760692,82641,4009
2025-09,Export,aluminum_76,760711,84143,6474
2025-09,Export,aluminum_76,760719,196169,7587
2025-09,Export,aluminum_76,760720,931206,66438
2025-09,Export,aluminum_76,760810,47053,2223
2025-09,Export,aluminum_76,760820,1197662,103355
2025-09,Export,aluminum_76,760900,1690875,23774
2025-09,Export,aluminum_76,761010,189850,9909
2025-09,Export,aluminum_76,761210,27885,626
2025-09,Export,aluminum_76,761290,912703,104830
2025-09,Export,aluminum_76,761300,2005416,22725
2025-09,Export,aluminum_76,761490,2950,252
2025-09,Export,aluminum_76,761610,3571774,27440
2025-09,Export,aluminum_76,761691,95517,8753
2025-09,Export,aluminum_76,761699,12585725,262890
2025-09,Export,cement_2523,250700,13321513,37258715
2025-09,Export,cement_2523,252329,5091,32800
2025-09,Export,cement_2523,252390,4200,1025
2025-09,Export,fertilizers,280800,33160,9649
2025-09,Export,fertilizers,281410,10810219,23787884
2025-09,Export,fertilizers,281420,603445,322436
2025-09,Export,fertilizers,283421,11454,2824
2025-09,Export,fertilizers,310210,224648,212999
2025-09,Export,fertilizers,310221,185855,138648
2025-09,Export,fertilizers,310230,3332590,12436810
2025-09,Export,fertilizers,310280,23440790,89012405
2025-09,Export,fertilizers,310290,52295,23462
2025-09,Export,fertilizers,310510,76841,22814
2025-09,Export,fertilizers,310520,439882,181409
2025-09,Export,fertilizers,310540,1214398,3299996
2025-09,Export,fertilizers,310559,49785,13274
2025-09,Export,fertilizers,310590,3272700,3465793
2025-09,Export,hydrogen_2804,280410,53275,36514
2025-09,Export,iron_steel_72,260112,8063500,80635000
2025-09,Export,iron_steel_72,720110,205776,31341
2025-09,Export,iron_steel_72,720510,126459,24186
2025-09,Export,iron_steel_72,720521,1020495,318702
2025-09,Export,iron_steel_72,720529,355256,164125
2025-09,Export,iron_steel_72,720610,8786,363
2025-09,Export,iron_steel_72,720826,3023,2636
2025-09,Export,iron_steel_72,720836,4193,4686
2025-09,Export,iron_steel_72,720838,133814,125151
2025-09,Export,iron_steel_72,720851,42380,33863
2025-09,Export,iron_steel_72,720852,73345,63402
2025-09,Export,iron_steel_72,720853,4975,665
2025-09,Export,iron_steel_72,720890,8995,4361
2025-09,Export,iron_steel_72,720918,60370,9346
2025-09,Export,iron_steel_72,720925,3785,2823
2025-09,Export,iron_steel_72,720926,21995,5867
2025-09,Export,iron_steel_72,721012,18000,47799
2025-09,Export,iron_steel_72,721049,60066,50667
2025-09,Export,iron_steel_72,721050,126293,105951
2025-09,Export,iron_steel_72,721061,10200,7859
2025-09,Export,iron_steel_72,721069,3239,2318
2025-09,Export,iron_steel_72,721090,12552,953
2025-09,Export,iron_steel_72,721230,43046,0
2025-09,Export,iron_steel_72,721250,1449599,122685
2025-09,Export,iron_steel_72,721260,68809,19625
2025-09,Export,iron_steel_72,721391,8159,956
2025-09,Export,iron_steel_72,721510,88720,38271
2025-09,Export,iron_steel_72,721550,3600,1340
2025-09,Export,iron_steel_72,721590,118361,26179
2025-09,Export,iron_steel_72,721631,13921,5840
2025-09,Export,iron_steel_72,721632,4558,1500
2025-09,Export,iron_steel_72,721640,4264,1258
2025-09,Export,iron_steel_72,721691,312052,46290
2025-09,Export,iron_steel_72,721710,90030,60461
2025-09,Export,iron_steel_72,721810,384356,11825
2025-09,Export,iron_steel_72,721911,68754,3194
2025-09,Export,iron_steel_72,722100,356938,6827
2025-09,Export,iron_steel_72,722300,2272493,43446
2025-09,Export,iron_steel_72,722410,1492559,247678
2025-09,Export,iron_steel_72,722511,144920,32673
2025-09,Export,iron_steel_72,722550,2644,371
2025-09,Export,iron_steel_73,730120,1123220,156912
2025-09,Export,iron_steel_73,730210,27638,5216
2025-09,Export,iron_steel_73,730300,8900,2985
2025-09,Export,iron_steel_73,730419,1419655,921921
2025-09,Export,iron_steel_73,730439,292702,61831
2025-09,Export,iron_steel_73,730511,176116,98890
2025-09,Export,iron_steel_73,730590,67912,2069
2025-09,Export,iron_steel_73,730619,115321,24915
2025-09,Export,iron_steel_73,730630,398389,95698
2025-09,Export,iron_steel_73,730721,1042900,2678
2025-09,Export,iron_steel_73,730791,177786,5744
2025-09,Export,iron_steel_73,730820,582791,5251
2025-09,Export,iron_steel_73,730830,276167,24974
2025-09,Export,iron_steel_73,730840,457281,204128
2025-09,Export,iron_steel_73,730890,1128005,262438
2025-09,Export,iron_steel_73,730900,3526271,111463
2025-09,Export,iron_steel_73,731010,1268401,187558
2025-09,Export,iron_steel_73,731021,2071350,1120098
2025-09,Export,iron_steel_73,731029,1213307,63326
2025-09,Export,iron_steel_73,731100,1840826,92961
2025-09,Export,iron_steel_73,731815,15636631,490451
2025-09,Export,iron_steel_73,731816,6396034,68205
2025-09,Export,iron_steel_73,731822,2654839,162830
2025-09,Export,iron_steel_73,731823,6614492,310624
2025-09,Export,iron_steel_73,732690,40925204,1942485
2025-10,Export,aluminum_76,760110,15054,2426
2025-10,Export,aluminum_76,760120,3444740,582875
2025-10,Export,aluminum_76,760310,267283,7525
2025-10,Export,aluminum_76,760320,22709,5738
2025-10,Export,aluminum_76,760410,127253,788
2025-10,Export,aluminum_76,760421,559769,30069
2025-10,Export,aluminum_76,760429,6242795,509595
2025-10,Export,aluminum_76,760511,4097,77
2025-10,Export,aluminum_76,760519,18420,135
2025-10,Export,aluminum_76,760521,1168489,0
2025-10,Export,aluminum_76,760529,61940,6838
2025-10,Export,aluminum_76,760611,162777,15350
2025-10,Export,aluminum_76,760612,4281498,234546
2025-10,Export,aluminum_76,760692,81264,4217
2025-10,Export,aluminum_76,760711,35932,1604
2025-10,Export,aluminum_76,760719,447599,16769
2025-10,Export,aluminum_76,760720,1394887,97702
2025-10,Export,aluminum_76,760810,22372,558
2025-10,Export,aluminum_76,760820,805933,65446
2025-10,Export,aluminum_76,760900,1836143,33485
2025-10,Export,aluminum_76,761010,425080,11055
2025-10,Export,aluminum_76,761100,2711,172
2025-10,Export,aluminum_76,761210,102731,3877
2025-10,Export,aluminum_76,761290,780634,58304
2025-10,Export,aluminum_76,761300,1942845,28463
2025-10,Export,aluminum_76,761410,233165,7810
2025-10,Export,aluminum_76,761610,3205981,23149
2025-10,Export,aluminum_76,761691,91225,8934
2025-10,Export,aluminum_76,761699,17356025,509249
2025-10,Export,cement_2523,250700,10088631,21712122
2025-10,Export,fertilizers,280800,35912,9597
2025-10,Export,fertilizers,281410,11827716,27071330
2025-10,Export,fertilizers,281420,371384,208700
2025-10,Export,fertilizers,283421,5509,1412
2025-10,Export,fertilizers,310210,789348,781715
2025-10,Export,fertilizers,310221,187107,490000
2025-10,Export,fertilizers,310260,37958,104000
2025-10,Export,fertilizers,310280,23919542,85558871
2025-10,Export,fertilizers,310290,58651,23732
2025-10,Export,fertilizers,310510,145342,14815
2025-10,Export,fertilizers,310520,394451,286349
2025-10,Export,fertilizers,310540,385493,1059912
2025-10,Export,fertilizers,310590,1042648,177377
2025-10,Export,hydrogen_2804,280410,52548,18177
2025-10,Export,iron_steel_72,260112,1750000,10075635
2025-10,Export,iron_steel_72,720390,9415,1035
2025-10,Export,iron_steel_72,720510,89771,0
2025-10,Export,iron_steel_72,720521,772120,210127
2025-10,Export,iron_steel_72,720529,516935,265285
2025-10,Export,iron_steel_72,720836,8917,1362
2025-10,Export,iron_steel_72,720839,48567,43408
2025-10,Export,iron_steel_72,720840,16454,18326
2025-10,Export,iron_steel_72,720851,64360,51426
2025-10,Export,iron_steel_72,720852,148955,115618
2025-10,Export,iron_steel_72,720853,7043,1638
2025-10,Export,iron_steel_72,720854,29815,11150
2025-10,Export,iron_steel_72,720890,11650,3348
2025-10,Export,iron_steel_72,720915,16480,11658
2025-10,Export,iron_steel_72,720918,102938,16243
2025-10,Export,iron_steel_72,720925,7700,3358
2025-10,Export,iron_steel_72,720928,2558,3970
2025-10,Export,iron_steel_72,721012,27000,70023
2025-10,Export,iron_steel_72,721020,2997,50
2025-10,Export,iron_steel_72,721049,11299,4680
2025-10,Export,iron_steel_72,721050,92970,107736
2025-10,Export,iron_steel_72,721070,79476,774
2025-10,Export,iron_steel_72,721090,58710,11068
2025-10,Export,iron_steel_72,721210,11228,3980
2025-10,Export,iron_steel_72,721230,3628,587
2025-10,Export,iron_steel_72,721240,13776,6444
2025-10,Export,iron_steel_72,721250,257205,16864
2025-10,Export,iron_steel_72,721260,251292,47127
2025-10,Export,iron_steel_72,721510,58805,8457
2025-10,Export,iron_steel_72,721550,45678,1657
2025-10,Export,iron_steel_72,721590,93927,27195
2025-10,Export,iron_steel_72,721610,7275,1831
2025-10,Export,iron_steel_72,721640,21160,16272
2025-10,Export,iron_steel_72,721650,43946,19917
2025-10,Export,iron_steel_72,721691,36013,12384
2025-10,Export,iron_steel_72,721699,87097,4341
2025-10,Export,iron_steel_72,721710,252329,94758
2025-10,Export,iron_steel_72,721810,579583,60007
2025-10,Export,iron_steel_72,721911,11800,200
2025-10,Export,iron_steel_72,721931,3390,764
2025-10,Export,iron_steel_72,722100,561226,12121
2025-10,Export,iron_steel_72,722300,2894176,45771
2025-10,Export,iron_steel_72,722410,514077,39917
2025-10,Export,iron_steel_72,722511,57903,12458
2025-10,Export,iron_steel_72,722550,21303,2092
2025-10,Export,iron_steel_73,730110,26587,413
2025-10,Export,iron_steel_73,730120,1213738,155464
2025-10,Export,iron_steel_73,730210,65037,15062
2025-10,Export,iron_steel_73,730290,16273,4612
2025-10,Export,iron_steel_73,730300,4018,9
2025-10,Export,iron_steel_73,730419,4011212,1585520
2025-10,Export,iron_steel_73,730439,87267,15529
2025-10,Export,iron_steel_73,730512,7115,2726
2025-10,Export,iron_steel_73,730590,30049,1031
2025-10,Export,iron_steel_73,730619,6728,1149
2025-10,Export,iron_steel_73,730630,236959,64613
2025-10,Export,iron_steel_73,730721,988775,2681
2025-10,Export,iron_steel_73,730791,158421,8094
2025-10,Export,iron_steel_73,730810,14624,1740
2025-10,Export,iron_steel_73,730830,459849,20658
2025-10,Export,iron_steel_73,730840,83274,36148
2025-10,Export,iron_steel_73,730890,853557,137187
2025-10,Export,iron_steel_73,730900,2854025,108637
2025-10,Export,iron_steel_73,731010,183850,28433
2025-10,Export,iron_steel_73,731021,2566263,1283970
2025-10,Export,iron_steel_73,731029,377853,49952
2025-10,Export,iron_steel_73,731100,2462237,208210
2025-10,Export,iron_steel_73,731815,13288079,395282
2025-10,Export,iron_steel_73,731816,8284447,139361
2025-10,Export,iron_steel_73,731822,3481773,176888
2025-10,Export,iron_steel_73,731823,6670602,261241
2025-10,Export,iron_steel_73,732690,48649216,2546044
2025-11,Export,aluminum_76,760110,15111,9841
2025-11,Export,aluminum_76,760120,4758063,704401
2025-11,Export,aluminum_76,760310,596855,53945
2025-11,Export,aluminum_76,760320,75369,15843
2025-11,Export,aluminum_76,760410,67603,3522
2025-11,Export,aluminum_76,760421,170311,12233
2025-11,Export,aluminum_76,760429,5161104,287692
2025-11,Export,aluminum_76,760519,29000,6894
2025-11,Export,aluminum_76,760521,430055,0
2025-11,Export,aluminum_76,760529,46399,4854
2025-11,Export,aluminum_76,760611,161502,24228
2025-11,Export,aluminum_76,760612,6884067,367338
2025-11,Export,aluminum_76,760691,5208,220
2025-11,Export,aluminum_76,760692,114479,4937
2025-11,Export,aluminum_76,760711,101350,10230
2025-11,Export,aluminum_76,760719,267062,10662
2025-11,Export,aluminum_76,760720,1137290,113035
2025-11,Export,aluminum_76,760810,37042,2129
2025-11,Export,aluminum_76,760820,668900,71994
2025-11,Export,aluminum_76,760900,1815932,38634
2025-11,Export,aluminum_76,761010,153090,11993
2025-11,Export,aluminum_76,761290,684013,68444
2025-11,Export,aluminum_76,761300,3608559,53563
2025-11,Export,aluminum_76,761490,14678,107
2025-11,Export,aluminum_76,761610,3109731,49660
2025-11,Export,aluminum_76,761691,65122,3840
2025-11,Export,aluminum_76,761699,13437619,395998
2025-11,Export,cement_2523,250700,10046107,23314951
2025-11,Export,cement_2523,252310,26624,81000
2025-11,Export,cement_2523,252329,2765,4115
2025-11,Export,cement_2523,252390,162412,74773
2025-11,Export,fertilizers,280800,37352,9816
2025-11,Export,fertilizers,281410,11700681,21501941
2025-11,Export,fertilizers,281420,462125,245232
2025-11,Export,fertilizers,310210,578629,596283
2025-11,Export,fertilizers,310221,228353,41529
2025-11,Export,fertilizers,310229,39227,18144
2025-11,Export,fertilizers,310250,19360,4209
2025-11,Export,fertilizers,310260,111844,840000
2025-11,Export,fertilizers,310280,22691852,80303428
2025-11,Export,fertilizers,310290,38063,13300
2025-11,Export,fertilizers,310510,28454,9588
2025-11,Export,fertilizers,310520,982481,558605
2025-11,Export,fertilizers,310540,2961098,8799698
2025-11,Export,fertilizers,310590,947986,195706
2025-11,Export,iron_steel_72,260112,6644780,80057600
2025-11,Export,iron_steel_72,720211,2726,2618
2025-11,Export,iron_steel_72,720390,71624464,197000452
2025-11,Export,iron_steel_72,720510,324226,21331
2025-11,Export,iron_steel_72,720521,668974,99155
2025-11,Export,iron_steel_72,720529,785261,431202
2025-11,Export,iron_steel_72,720827,24159,21260
2025-11,Export,iron_steel_72,720836,5390,0
2025-11,Export,iron_steel_72,720851,382644,305743
2025-11,Export,iron_steel_72,720852,289651,250389
2025-11,Export,iron_steel_72,720853,4420,1179
2025-11,Export,iron_steel_72,720854,18091,16087
2025-11,Export,iron_steel_72,720890,8786,4260
2025-11,Export,iron_steel_72,720915,13091,7545
2025-11,Export,iron_steel_72,720918,63398,9875
2025-11,Export,iron_steel_72,720926,3200,2340
2025-11,Export,iron_steel_72,721020,20368,1164
2025-11,Export,iron_steel_72,721030,84202,44535
2025-11,Export,iron_steel_72,721050,23925,14687
2025-11,Export,iron_steel_72,721061,5085,102
2025-11,Export,iron_steel_72,721069,35186,23388
2025-11,Export,iron_steel_72,721070,28750,2931
2025-11,Export,iron_steel_72,721240,38690,18098
2025-11,Export,iron_steel_72,721250,126163,14465
2025-11,Export,iron_steel_72,721260,1660218,303469
2025-11,Export,iron_steel_72,721320,7674,1415
2025-11,Export,iron_steel_72,721391,5851,79
2025-11,Export,iron_steel_72,721420,8659,3498
2025-11,Export,iron_steel_72,721590,62377,8611
2025-11,Export,iron_steel_72,721610,3173,2034
2025-11,Export,iron_steel_72,721631,17670,7912
2025-11,Export,iron_steel_72,721632,19273,11553
2025-11,Export,iron_steel_72,721691,196711,66067
2025-11,Export,iron_steel_72,721699,112286,4788
2025-11,Export,iron_steel_72,721710,291735,129430
2025-11,Export,iron_steel_72,721720,3517,440
2025-11,Export,iron_steel_72,721810,549952,55687
2025-11,Export,iron_steel_72,721931,6250,208
2025-11,Export,iron_steel_72,722100,45915,1839
2025-11,Export,iron_steel_72,722300,2152854,46783
2025-11,Export,iron_steel_72,722410,169447,19585
2025-11,Export,iron_steel_72,722511,102959,62045
2025-11,Export,iron_steel_72,722550,5312,698
2025-11,Export,iron_steel_73,730110,48933,374
2025-11,Export,iron_steel_73,730120,1346902,134989
2025-11,Export,iron_steel_73,730210,118659,27538
2025-11,Export,iron_steel_73,730300,4013,10
2025-11,Export,iron_steel_73,730419,645483,757205
2025-11,Export,iron_steel_73,730439,3976,1235
2025-11,Export,iron_steel_73,730511,5113061,679994
2025-11,Export,iron_steel_73,730531,3863,0
2025-11,Export,iron_steel_73,730590,17587,97
2025-11,Export,iron_steel_73,730619,23033,520
2025-11,Export,iron_steel_73,730630,123736,33717
2025-11,Export,iron_steel_73,730721,969741,3640
2025-11,Export,iron_steel_73,730791,99133,6404
2025-11,Export,iron_steel_73,730820,73694,9858
2025-11,Export,iron_steel_73,730830,288014,24584
2025-11,Export,iron_steel_73,730840,36368,8598
2025-11,Export,iron_steel_73,730890,1366827,222418
2025-11,Export,iron_steel_73,730900,5553478,347264
2025-11,Export,iron_steel_73,731010,1249033,18139
2025-11,Export,iron_steel_73,731021,3244200,1771199
2025-11,Export,iron_steel_73,731029,261895,36047
2025-11,Export,iron_steel_73,731100,2053383,75356
2025-11,Export,iron_steel_73,731815,15835079,300965
2025-11,Export,iron_steel_73,731816,8636602,96565
2025-11,Export,iron_steel_73,731822,3719597,225532
2025-11,Export,iron_steel_73,731823,4695861,222675
2025-11,Export,iron_steel_73,732690,42211589,1598383
2025-12,Export,aluminum_76,760110,55111,23254
2025-12,Export,aluminum_76,760120,4391317,691977
2025-12,Export,aluminum_76,760310,868132,74576
2025-12,Export,aluminum_76,760320,58884,26147
2025-12,Export,aluminum_76,760410,176303,22902
2025-12,Export,aluminum_76,760421,164100,10522
2025-12,Export,aluminum_76,760429,6245958,463507
2025-12,Export,aluminum_76,760519,94936,5357
2025-12,Export,aluminum_76,760529,38990,3956
2025-12,Export,aluminum_76,760611,669872,31406
2025-12,Export,aluminum_76,760612,10614913,635626
2025-12,Export,aluminum_76,760691,676712,98266
2025-12,Export,aluminum_76,760692,109649,16263
2025-12,Export,aluminum_76,760711,158179,20889
2025-12,Export,aluminum_76,760719,448723,14733
2025-12,Export,aluminum_76,760720,864654,61120
2025-12,Export,aluminum_76,760810,10287,13
2025-12,Export,aluminum_76,760820,715252,51671
2025-12,Export,aluminum_76,760900,2070965,32126
2025-12,Export,aluminum_76,761010,14416,1147
2025-12,Export,aluminum_76,761100,17195,822
2025-12,Export,aluminum_76,761210,48163,1211
2025-12,Export,aluminum_76,761290,661809,189892
2025-12,Export,aluminum_76,761300,1802394,31359
2025-12,Export,aluminum_76,761410,58892,10196
2025-12,Export,aluminum_76,761490,43140,121
2025-12,Export,aluminum_76,761610,3928416,36615
2025-12,Export,aluminum_76,761691,105720,8091
2025-12,Export,aluminum_76,761699,16354559,424101
2025-12,Export,cement_2523,250700,11361379,29298980
2025-12,Export,cement_2523,252329,16900,30793
2025-12,Export,fertilizers,280800,68799,18586
2025-12,Export,fertilizers,281410,13010654,23811920
2025-12,Export,fertilizers,281420,466155,267648
2025-12,Export,fertilizers,310210,694546,779031
2025-12,Export,fertilizers,310221,135508,355000
2025-12,Export,fertilizers,310260,13711,38000
2025-12,Export,fertilizers,310290,106819,6100
2025-12,Export,fertilizers,310510,52162,13967
2025-12,Export,fertilizers,310520,999916,288932
2025-12,Export,fertilizers,310559,17280,3000
2025-12,Export,fertilizers,310590,669219,106007
2025-12,Export,iron_steel_72,260112,1710572,44865414
2025-12,Export,iron_steel_72,720211,2726,2618
2025-12,Export,iron_steel_72,720510,118152,18650
2025-12,Export,iron_steel_72,720521,618502,293548
2025-12,Export,iron_steel_72,720529,707477,405621
2025-12,Export,iron_steel_72,720610,45490,1002
2025-12,Export,iron_steel_72,720851,390044,278459
2025-12,Export,iron_steel_72,720852,182151,83434
2025-12,Export,iron_steel_72,720853,37992,24413
2025-12,Export,iron_steel_72,720854,23902,14241
2025-12,Export,iron_steel_72,720890,5955,2887
2025-12,Export,iron_steel_72,720915,6810,4818
2025-12,Export,iron_steel_72,721011,34450,10615
2025-12,Export,iron_steel_72,721012,101852,61820
2025-12,Export,iron_steel_72,721020,70032,2497
2025-12,Export,iron_steel_72,721049,6397,1931
2025-12,Export,iron_steel_72,721050,2550,1566
2025-12,Export,iron_steel_72,721090,208076,31317
2025-12,Export,iron_steel_72,721250,1462314,129081
2025-12,Export,iron_steel_72,721260,977924,201956
2025-12,Export,iron_steel_72,721391,5000,2
2025-12,Export,iron_steel_72,721420,5094,2705
2025-12,Export,iron_steel_72,721510,21954,6228
2025-12,Export,iron_steel_72,721550,2782,545
2025-12,Export,iron_steel_72,721590,154848,20354
2025-12,Export,iron_steel_72,721610,14344,6372
2025-12,Export,iron_steel_72,721621,9063,4315
2025-12,Export,iron_steel_72,721631,37050,14742
2025-12,Export,iron_steel_72,721632,30000,23077
2025-12,Export,iron_steel_72,721640,19545,6080
2025-12,Export,iron_steel_72,721650,5250,2659
2025-12,Export,iron_steel_72,721661,3003,485
2025-12,Export,iron_steel_72,721669,11694,3345
2025-12,Export,iron_steel_72,721691,86062,26005
2025-12,Export,iron_steel_72,721699,48226,5388
2025-12,Export,iron_steel_72,721710,362832,137791
2025-12,Export,iron_steel_72,721810,479411,37805
2025-12,Export,iron_steel_72,721931,255315,25850
2025-12,Export,iron_steel_72,722300,2349002,50664
2025-12,Export,iron_steel_72,722410,15235,540
2025-12,Export,iron_steel_72,722550,14371,2303
2025-12,Export,iron_steel_73,730110,23462,2063
2025-12,Export,iron_steel_73,730120,896552,128320
2025-12,Export,iron_steel_73,730210,169372,18206
2025-12,Export,iron_steel_73,730300,277746,8760
2025-12,Export,iron_steel_73,730419,177386,159348
2025-12,Export,iron_steel_73,730439,17180,1068
2025-12,Export,iron_steel_73,730520,100530,8008
2025-12,Export,iron_steel_73,730590,295269,5027
2025-12,Export,iron_steel_73,730619,130709,15854
2025-12,Export,iron_steel_73,730630,157435,39557
2025-12,Export,iron_steel_73,730721,981111,5129
2025-12,Export,iron_steel_73,730791,101431,5226
2025-12,Export,iron_steel_73,730830,120373,5149
2025-12,Export,iron_steel_73,730840,14530,3435
2025-12,Export,iron_steel_73,730890,1634059,207863
2025-12,Export,iron_steel_73,730900,1264626,129372
2025-12,Export,iron_steel_73,731010,433754,61296
2025-12,Export,iron_steel_73,731021,2861296,1467577
2025-12,Export,iron_steel_73,731029,3122117,111810
2025-12,Export,iron_steel_73,731100,3511920,176205
2025-12,Export,iron_steel_73,731815,16169089,532171
2025-12,Export,iron_steel_73,731816,8773966,111489
2025-12,Export,iron_steel_73,731822,2547866,163627
2025-12,Export,iron_steel_73,731823,6991633,261970
2025-12,Export,iron_steel_73,732690,39867831,1857993
2026-01,Export,aluminum_76,760110,15111,7961
2026-01,Export,aluminum_76,760120,3809278,576629
2026-01,Export,aluminum_76,760310,280472,21784
2026-01,Export,aluminum_76,760320,24421,13372
2026-01,Export,aluminum_76,760410,20155,474
2026-01,Export,aluminum_76,760421,58172,2180
2026-01,Export,aluminum_76,760429,3513873,271854
2026-01,Export,aluminum_76,760519,59534,5970
2026-01,Export,aluminum_76,760529,50296,6066
2026-01,Export,aluminum_76,760611,149011,12841
2026-01,Export,aluminum_76,760612,12116828,443579
2026-01,Export,aluminum_76,760691,30000,249
2026-01,Export,aluminum_76,760692,97655,3036
2026-01,Export,aluminum_76,760711,269892,12185
2026-01,Export,aluminum_76,760719,426714,18059
2026-01,Export,aluminum_76,760720,788159,55179
2026-01,Export,aluminum_76,760810,91451,9134
2026-01,Export,aluminum_76,760820,533056,37270
2026-01,Export,aluminum_76,760900,2441686,49351
2026-01,Export,aluminum_76,761010,40361,2510
2026-01,Export,aluminum_76,761290,455457,3329
2026-01,Export,aluminum_76,761300,1962516,39726
2026-01,Export,aluminum_76,761490,8540,934
2026-01,Export,aluminum_76,761610,5325791,28941
2026-01,Export,aluminum_76,761691,204388,14649
2026-01,Export,aluminum_76,761699,14300990,369717
2026-01,Export,cement_2523,250700,6551016,11150972
2026-01,Export,fertilizers,281410,142577,11258
2026-01,Export,fertilizers,281420,350013,196708
2026-01,Export,fertilizers,283421,7381,2824
2026-01,Export,fertilizers,310210,238527,2302000
2026-01,Export,fertilizers,310221,209150,37395
2026-01,Export,fertilizers,310260,11114,31000
2026-01,Export,fertilizers,310290,129589,34668
2026-01,Export,fertilizers,310510,10075,324
2026-01,Export,fertilizers,310520,169710,63390
2026-01,Export,fertilizers,310590,613263,118830
2026-01,Export,hydrogen_2804,280410,27269,11814
2026-01,Export,iron_steel_72,260112,6486242,78147490
2026-01,Export,iron_steel_72,720110,21525,4044
2026-01,Export,iron_steel_72,720510,107256,17188
2026-01,Export,iron_steel_72,720521,653568,264594
2026-01,Export,iron_steel_72,720529,759933,425290
2026-01,Export,iron_steel_72,720610,44027,7093
2026-01,Export,iron_steel_72,720851,21784,17268
2026-01,Export,iron_steel_72,720852,90034,56158
2026-01,Export,iron_steel_72,720853,5906,1191
2026-01,Export,iron_steel_72,720890,27555,14588
2026-01,Export,iron_steel_72,720915,9845,6959
2026-01,Export,iron_steel_72,720916,18510,13655
2026-01,Export,iron_steel_72,720917,5972,3172
2026-01,Export,iron_steel_72,720926,2665,1918
2026-01,Export,iron_steel_72,720928,55992,34622
2026-01,Export,iron_steel_72,721020,34756,2060
2026-01,Export,iron_steel_72,721049,16966,10929
2026-01,Export,iron_steel_72,721061,14777,11384
2026-01,Export,iron_steel_72,721090,25747,4371
2026-01,Export,iron_steel_72,721240,6068,150
2026-01,Export,iron_steel_72,721250,533657,45408
2026-01,Export,iron_steel_72,721260,1413969,256127
2026-01,Export,iron_steel_72,721510,5667,2706
2026-01,Export,iron_steel_72,721550,144908,54353
2026-01,Export,iron_steel_72,721590,97778,27259
2026-01,Export,iron_steel_72,721691,75213,23266
2026-01,Export,iron_steel_72,721699,176532,6779
2026-01,Export,iron_steel_72,721710,171440,59187
2026-01,Export,iron_steel_72,721810,1160333,82683
2026-01,Export,iron_steel_72,722100,93447,2008
2026-01,Export,iron_steel_72,722300,2013570,44882
2026-01,Export,iron_steel_72,722410,17250,295
2026-01,Export,iron_steel_72,722511,1414469,446149
2026-01,Export,iron_steel_73,730110,21433,306
2026-01,Export,iron_steel_73,730120,1462454,135812
2026-01,Export,iron_steel_73,730210,101963,12712
2026-01,Export,iron_steel_73,730419,70281,5075
2026-01,Export,iron_steel_73,730439,67917,16327
2026-01,Export,iron_steel_73,730590,641515,19097
2026-01,Export,iron_steel_73,730619,25612,1645
2026-01,Export,iron_steel_73,730630,170856,39639
2026-01,Export,iron_steel_73,730721,884170,3066
2026-01,Export,iron_steel_73,730791,308197,8673
2026-01,Export,iron_steel_73,730810,146226,28287
2026-01,Export,iron_steel_73,730820,53373,0
2026-01,Export,iron_steel_73,730830,41861,2045
2026-01,Export,iron_steel_73,730840,34309,8903
2026-01,Export,iron_steel_73,730890,555855,72659
2026-01,Export,iron_steel_73,730900,250928,26459
2026-01,Export,iron_steel_73,731010,262613,52950
2026-01,Export,iron_steel_73,731021,2508525,1425692
2026-01,Export,iron_steel_73,731029,476185,36670
2026-01,Export,iron_steel_73,731100,1784168,80889
2026-01,Export,iron_steel_73,731815,18354652,471126
2026-01,Export,iron_steel_73,731816,9812031,102587
2026-01,Export,iron_steel_73,731822,2954233,177617
2026-01,Export,iron_steel_73,731823,8377646,289288
2026-01,Export,iron_steel_73,732690,37283603,1551552
2026-02,Export,aluminum_76,760110,9200,4847
2026-02,Export,aluminum_76,760120,4224701,652983
2026-02,Export,aluminum_76,760310,954240,83318
2026-02,Export,aluminum_76,760320,42534,34128
2026-02,Export,aluminum_76,760410,15632,973
2026-02,Export,aluminum_76,760421,148969,7714
2026-02,Export,aluminum_76,760429,4181792,294639
2026-02,Export,aluminum_76,760529,81473,5172
2026-02,Export,aluminum_76,760611,134726,25002
2026-02,Export,aluminum_76,760612,5819481,281423
2026-02,Export,aluminum_76,760691,16600,81
2026-02,Export,aluminum_76,760692,94257,3448
2026-02,Export,aluminum_76,760711,37124,2316
2026-02,Export,aluminum_76,760719,460689,21986
2026-02,Export,aluminum_76,760720,1062959,91701
2026-02,Export,aluminum_76,760810,23750,1007
2026-02,Export,aluminum_76,760820,677472,48289
2026-02,Export,aluminum_76,760900,1800178,36607
2026-02,Export,aluminum_76,761010,44243,4050
2026-02,Export,aluminum_76,761100,16815,981
2026-02,Export,aluminum_76,761290,1608031,110854
2026-02,Export,aluminum_76,761300,2891014,41593
2026-02,Export,aluminum_76,761490,7770,11
2026-02,Export,aluminum_76,761610,4249850,25280
2026-02,Export,aluminum_76,761691,85115,5675
2026-02,Export,aluminum_76,761699,15859927,493173
2026-02,Export,cement_2523,250700,11709859,29738401
2026-02,Export,cement_2523,252390,16587,26510
2026-02,Export,fertilizers,280800,49501,9893
2026-02,Export,fertilizers,281410,132473,11650
2026-02,Export,fertilizers,281420,412953,235868
2026-02,Export,fertilizers,283421,7743,2412
2026-02,Export,fertilizers,310210,169774,309974
2026-02,Export,fertilizers,310221,86911,165155
2026-02,Export,fertilizers,310229,35000,18416
2026-02,Export,fertilizers,310290,37670,5367
2026-02,Export,fertilizers,310510,47090,4006
2026-02,Export,fertilizers,310520,2166108,1095278
2026-02,Export,fertilizers,310559,112666,45545
2026-02,Export,fertilizers,310590,1057570,226325
2026-02,Export,iron_steel_72,720211,2726,2534
2026-02,Export,iron_steel_72,720260,19788,1503
2026-02,Export,iron_steel_72,720310,2800000,40000000
2026-02,Export,iron_steel_72,720510,184843,15696
2026-02,Export,iron_steel_72,720521,788003,119771
2026-02,Export,iron_steel_72,720529,542194,286743
2026-02,Export,iron_steel_72,720836,19940,15128
2026-02,Export,iron_steel_72,720837,9700,6039
2026-02,Export,iron_steel_72,720839,33462,16859
2026-02,Export,iron_steel_72,720851,18232,6670
2026-02,Export,iron_steel_72,720852,175066,65367
2026-02,Export,iron_steel_72,720854,4642,1048
2026-02,Export,iron_steel_72,720890,16821,4943
2026-02,Export,iron_steel_72,720918,90324,13687
2026-02,Export,iron_steel_72,721020,23449,612
2026-02,Export,iron_steel_72,721049,62862,68974
2026-02,Export,iron_steel_72,721090,154151,48897
2026-02,Export,iron_steel_72,721240,59543,26944
2026-02,Export,iron_steel_72,721250,1203702,111113
2026-02,Export,iron_steel_72,721260,1921036,331506
2026-02,Export,iron_steel_72,721320,69500,5788
2026-02,Export,iron_steel_72,721391,18608,144
2026-02,Export,iron_steel_72,721420,6763,1335
2026-02,Export,iron_steel_72,721510,96349,3884
2026-02,Export,iron_steel_72,721550,2821,944
2026-02,Export,iron_steel_72,721590,178850,32906
2026-02,Export,iron_steel_72,721610,5325,1072
2026-02,Export,iron_steel_72,721691,190923,47787
2026-02,Export,iron_steel_72,721710,359519,130138
2026-02,Export,iron_steel_72,721810,1256839,92353
2026-02,Export,iron_steel_72,721911,5804,1466
2026-02,Export,iron_steel_72,721931,7125,1606
2026-02,Export,iron_steel_72,722100,370094,12696
2026-02,Export,iron_steel_72,722300,2830560,61901
2026-02,Export,iron_steel_72,722410,6750,1
2026-02,Export,iron_steel_72,722550,23015,3033
2026-02,Export,iron_steel_73,730110,42049,670
2026-02,Export,iron_steel_73,730120,1560748,131067
2026-02,Export,iron_steel_73,730210,145809,42235
2026-02,Export,iron_steel_73,730230,101903,14867
2026-02,Export,iron_steel_73,730290,11243,4434
2026-02,Export,iron_steel_73,730300,37260,9506
2026-02,Export,iron_steel_73,730419,63754,14394
2026-02,Export,iron_steel_73,730439,36467,6078
2026-02,Export,iron_steel_73,730590,117812,2491
2026-02,Export,iron_steel_73,730619,36481,4420
2026-02,Export,iron_steel_73,730630,84456,13589
2026-02,Export,iron_steel_73,730721,544526,1984
2026-02,Export,iron_steel_73,730791,504033,13408
2026-02,Export,iron_steel_73,730820,27280,3639
2026-02,Export,iron_steel_73,730830,353464,12157
2026-02,Export,iron_steel_73,730840,29028,7775
2026-02,Export,iron_steel_73,730890,1105884,169741
2026-02,Export,iron_steel_73,730900,1367618,40607
2026-02,Export,iron_steel_73,731010,1139365,64295
2026-02,Export,iron_steel_73,731021,1934870,1064189
2026-02,Export,iron_steel_73,731029,304754,19802
2026-02,Export,iron_steel_73,731100,1711625,91004
2026-02,Export,iron_steel_73,731815,17891709,531423
2026-02,Export,iron_steel_73,731816,8797660,111384
2026-02,Export,iron_steel_73,731822,2697372,153072
2026-02,Export,iron_steel_73,731823,15909073,494577
2026-02,Export,iron_steel_73,732690,37300369,1451386
2026-03,Export,aluminum_76,760110,43552000,5882465
2026-03,Export,aluminum_76,760120,5174034,788929
2026-03,Export,aluminum_76,760310,805535,69417
2026-03,Export,aluminum_76,760320,14610,19994
2026-03,Export,aluminum_76,760410,201207,16318
2026-03,Export,aluminum_76,760421,168260,10536
2026-03,Export,aluminum_76,760429,4310510,327178
2026-03,Export,aluminum_76,760519,19992,915
2026-03,Export,aluminum_76,760529,130165,8911
2026-03,Export,aluminum_76,760611,311726,48800
2026-03,Export,aluminum_76,760612,8447721,500305
2026-03,Export,aluminum_76,760691,5000,165
2026-03,Export,aluminum_76,760692,44534,1067
2026-03,Export,aluminum_76,760711,376265,14560
2026-03,Export,aluminum_76,760719,401165,18878
2026-03,Export,aluminum_76,760720,1276944,123624
2026-03,Export,aluminum_76,760810,46839,2647
2026-03,Export,aluminum_76,760820,967851,73118
2026-03,Export,aluminum_76,760900,2608606,48720
2026-03,Export,aluminum_76,761010,163666,7787
2026-03,Export,aluminum_76,761100,5180,280
2026-03,Export,aluminum_76,761290,680834,107155
2026-03,Export,aluminum_76,761300,2320302,27757
2026-03,Export,aluminum_76,761410,10396,982
2026-03,Export,aluminum_76,761490,3400,571
2026-03,Export,aluminum_76,761610,5381344,45339
2026-03,Export,aluminum_76,761691,239085,18029
2026-03,Export,aluminum_76,761699,24364941,645856
2026-03,Export,cement_2523,250700,12418852,27754103
2026-03,Export,cement_2523,252329,23652,184499
2026-03,Export,cement_2523,252330,49727,59450
2026-03,Export,cement_2523,252390,33987,20575
2026-03,Export,fertilizers,280800,49436,21566
2026-03,Export,fertilizers,281410,13394571,25264072
2026-03,Export,fertilizers,281420,381760,207232
2026-03,Export,fertilizers,283421,7743,2062
2026-03,Export,fertilizers,310210,635507,644601
2026-03,Export,fertilizers,310221,232217,51199
2026-03,Export,fertilizers,310229,22550,7046
2026-03,Export,fertilizers,310260,42907,118000
2026-03,Export,fertilizers,310290,103671,37330
2026-03,Export,fertilizers,310510,30943,7258
2026-03,Export,fertilizers,310520,1659648,989825
2026-03,Export,fertilizers,310559,53826,52143
2026-03,Export,fertilizers,310590,1383873,453183
2026-03,Export,iron_steel_72,260112,1575000,45000000
2026-03,Export,iron_steel_72,720110,7000,1011
2026-03,Export,iron_steel_72,720211,2726,2534
2026-03,Export,iron_steel_72,720390,16029156,50050930
2026-03,Export,iron_steel_72,720510,352244,24815
2026-03,Export,iron_steel_72,720521,1278186,365682
2026-03,Export,iron_steel_72,720529,1960057,543492
2026-03,Export,iron_steel_72,720810,2598,1281
2026-03,Export,iron_steel_72,720836,14602,16319
2026-03,Export,iron_steel_72,720839,2685,2519
2026-03,Export,iron_steel_72,720851,188376,144631
2026-03,Export,iron_steel_72,720852,32833,21813
2026-03,Export,iron_steel_72,720854,18659,6590
2026-03,Export,iron_steel_72,720890,6930,3668
2026-03,Export,iron_steel_72,720917,3639,1290
2026-03,Export,iron_steel_72,720926,4200,3021
2026-03,Export,iron_steel_72,721011,7113,1510
2026-03,Export,iron_steel_72,721012,78695,93249
2026-03,Export,iron_steel_72,721020,16621,785
2026-03,Export,iron_steel_72,721049,24015,17160
2026-03,Export,iron_steel_72,721061,4500,136
2026-03,Export,iron_steel_72,721090,243935,42474
2026-03,Export,iron_steel_72,721113,10788,8670
2026-03,Export,iron_steel_72,721230,4816,615
2026-03,Export,iron_steel_72,721240,8904,373
2026-03,Export,iron_steel_72,721250,661748,68168
2026-03,Export,iron_steel_72,721260,2673454,474203
2026-03,Export,iron_steel_72,721391,31549,26740
2026-03,Export,iron_steel_72,721510,43335,20363
2026-03,Export,iron_steel_72,721550,39467,13019
2026-03,Export,iron_steel_72,721590,291669,93995
2026-03,Export,iron_steel_72,721610,20401,6514
2026-03,Export,iron_steel_72,721621,11959,4422
2026-03,Export,iron_steel_72,721631,97421,44214
2026-03,Export,iron_steel_72,721632,13455,10350
2026-03,Export,iron_steel_72,721633,127093,61459
2026-03,Export,iron_steel_72,721640,25769,11154
2026-03,Export,iron_steel_72,721650,13720,8281
2026-03,Export,iron_steel_72,721669,73153,36714
2026-03,Export,iron_steel_72,721691,158196,54387
2026-03,Export,iron_steel_72,721710,244145,81284
2026-03,Export,iron_steel_72,721720,10509,4555
2026-03,Export,iron_steel_72,721810,652242,81372
2026-03,Export,iron_steel_72,721911,7750,152
2026-03,Export,iron_steel_72,721931,47922,10801
2026-03,Export,iron_steel_72,722100,428829,9332
2026-03,Export,iron_steel_72,722300,1754616,41029
2026-03,Export,iron_steel_72,722410,117852,23549
2026-03,Export,iron_steel_72,722550,4533,858
2026-03,Export,iron_steel_73,730110,6995,394
2026-03,Export,iron_steel_73,730120,1633621,184503
2026-03,Export,iron_steel_73,730210,18237,1458
2026-03,Export,iron_steel_73,730290,44047,1798
2026-03,Export,iron_steel_73,730300,8018,11
2026-03,Export,iron_steel_73,730419,100319,14755
2026-03,Export,iron_steel_73,730439,45426,11807
2026-03,Export,iron_steel_73,730539,68000,12258
2026-03,Export,iron_steel_73,730590,317010,13979
2026-03,Export,iron_steel_73,730619,100094,9720
2026-03,Export,iron_steel_73,730630,66343,11034
2026-03,Export,iron_steel_73,730721,1133914,3026
2026-03,Export,iron_steel_73,730791,283745,11282
2026-03,Export,iron_steel_73,730810,280041,53213
2026-03,Export,iron_steel_73,730820,7314,737
2026-03,Export,iron_steel_73,730830,463713,12283
2026-03,Export,iron_steel_73,730840,521161,29085
2026-03,Export,iron_steel_73,730890,1793600,165723
2026-03,Export,iron_steel_73,730900,854989,68716
2026-03,Export,iron_steel_73,731010,376007,61158
2026-03,Export,iron_steel_73,731021,2180710,1165404
2026-03,Export,iron_steel_73,731029,396689,47263
2026-03,Export,iron_steel_73,731100,2609415,170036
2026-03,Export,iron_steel_73,731815,20174168,709033
2026-03,Export,iron_steel_73,731816,11020318,135844
2026-03,Export,iron_steel_73,731822,3841957,228904
2026-03,Export,iron_steel_73,731823,10262599,418111
2026-03,Export,iron_steel_73,732690,48944234,2476967
